dataset,engine_id,predicted_RUL,rank,feature,shap_value,absolute_impact,effect
FD001,1,173.9602,1,cycle,47.542,47.542,increased predicted RUL
FD001,1,173.9602,2,sensor_15,18.665,18.665,increased predicted RUL
FD001,1,173.9602,3,sensor_6,-14.3636,14.3636,decreased predicted RUL
FD001,1,173.9602,4,sensor_11_rolling_mean,-6.828,6.828,decreased predicted RUL
FD001,1,173.9602,5,sensor_7,4.3122,4.3122,increased predicted RUL
FD001,1,173.9602,6,sensor_21_rolling_std,-4.2099,4.2099,decreased predicted RUL
FD001,1,173.9602,7,sensor_12,4.0857,4.0857,increased predicted RUL
FD001,1,173.9602,8,sensor_15_rolling_mean,3.7101,3.7101,increased predicted RUL
FD001,1,173.9602,9,sensor_11,-3.557,3.557,decreased predicted RUL
FD001,1,173.9602,10,sensor_6_rolling_std,3.5298,3.5298,increased predicted RUL
FD001,2,158.2383,1,cycle,41.4126,41.4126,increased predicted RUL
FD001,2,158.2383,2,sensor_11,-13.2592,13.2592,decreased predicted RUL
FD001,2,158.2383,3,sensor_6,-13.0187,13.0187,decreased predicted RUL
FD001,2,158.2383,4,sensor_15,9.9688,9.9688,increased predicted RUL
FD001,2,158.2383,5,sensor_4,-8.0453,8.0453,decreased predicted RUL
FD001,2,158.2383,6,sensor_11_rolling_mean,-5.3136,5.3136,decreased predicted RUL
FD001,2,158.2383,7,sensor_12,4.317,4.317,increased predicted RUL
FD001,2,158.2383,8,sensor_9,3.8466,3.8466,increased predicted RUL
FD001,2,158.2383,9,sensor_15_rolling_mean,3.642,3.642,increased predicted RUL
FD001,2,158.2383,10,sensor_7,3.5558,3.5558,increased predicted RUL
FD001,3,60.7249,1,cycle,-33.0524,33.0524,decreased predicted RUL
FD001,3,60.7249,2,sensor_11,-27.8043,27.8043,decreased predicted RUL
FD001,3,60.7249,3,sensor_15,13.308,13.308,increased predicted RUL
FD001,3,60.7249,4,sensor_4,-11.9608,11.9608,decreased predicted RUL
FD001,3,60.7249,5,sensor_11_rolling_mean,-7.4167,7.4167,decreased predicted RUL
FD001,3,60.7249,6,sensor_13_rolling_mean,-6.5021,6.5021,decreased predicted RUL
FD001,3,60.7249,7,sensor_12,4.1188,4.1188,increased predicted RUL
FD001,3,60.7249,8,sensor_9,4.0901,4.0901,increased predicted RUL
FD001,3,60.7249,9,sensor_6_rolling_std,4.0302,4.0302,increased predicted RUL
FD001,3,60.7249,10,sensor_13,-3.3092,3.3092,decreased predicted RUL
FD001,4,88.4358,1,cycle,-19.3187,19.3187,decreased predicted RUL
FD001,4,88.4358,2,sensor_11,-17.4525,17.4525,decreased predicted RUL
FD001,4,88.4358,3,sensor_15,9.9824,9.9824,increased predicted RUL
FD001,4,88.4358,4,sensor_4,-7.8517,7.8517,decreased predicted RUL
FD001,4,88.4358,5,sensor_11_rolling_mean,-6.7583,6.7583,decreased predicted RUL
FD001,4,88.4358,6,sensor_12,6.4237,6.4237,increased predicted RUL
FD001,4,88.4358,7,sensor_6,-4.8156,4.8156,decreased predicted RUL
FD001,4,88.4358,8,sensor_15_rolling_mean,3.7355,3.7355,increased predicted RUL
FD001,4,88.4358,9,sensor_2,-3.6452,3.6452,decreased predicted RUL
FD001,4,88.4358,10,sensor_13,3.6149,3.6149,increased predicted RUL
FD001,5,107.2061,1,cycle,-13.4418,13.4418,decreased predicted RUL
FD001,5,107.2061,2,sensor_11,-12.2067,12.2067,decreased predicted RUL
FD001,5,107.2061,3,sensor_4,-10.6868,10.6868,decreased predicted RUL
FD001,5,107.2061,4,sensor_15,10.2868,10.2868,increased predicted RUL
FD001,5,107.2061,5,sensor_6,-6.377,6.377,decreased predicted RUL
FD001,5,107.2061,6,sensor_12,5.6505,5.6505,increased predicted RUL
FD001,5,107.2061,7,sensor_11_rolling_mean,-4.7587,4.7587,decreased predicted RUL
FD001,5,107.2061,8,sensor_15_rolling_mean,4.5099,4.5099,increased predicted RUL
FD001,5,107.2061,9,sensor_21,4.1949,4.1949,increased predicted RUL
FD001,5,107.2061,10,sensor_13,-3.9904,3.9904,decreased predicted RUL
FD001,6,102.0612,1,cycle,-18.9559,18.9559,decreased predicted RUL
FD001,6,102.0612,2,sensor_11,-11.9139,11.9139,decreased predicted RUL
FD001,6,102.0612,3,sensor_15,10.7388,10.7388,increased predicted RUL
FD001,6,102.0612,4,sensor_12,6.6131,6.6131,increased predicted RUL
FD001,6,102.0612,5,sensor_4,-5.6513,5.6513,decreased predicted RUL
FD001,6,102.0612,6,sensor_6,-5.0451,5.0451,decreased predicted RUL
FD001,6,102.0612,7,sensor_11_rolling_mean,-4.8679,4.8679,decreased predicted RUL
FD001,6,102.0612,8,sensor_2,-4.048,4.048,decreased predicted RUL
FD001,6,102.0612,9,sensor_21,3.3476,3.3476,increased predicted RUL
FD001,6,102.0612,10,sensor_15_rolling_mean,3.2881,3.2881,increased predicted RUL
FD001,7,114.0345,1,cycle,-28.134,28.134,decreased predicted RUL
FD001,7,114.0345,2,sensor_15,20.5468,20.5468,increased predicted RUL
FD001,7,114.0345,3,sensor_4,-9.1647,9.1647,decreased predicted RUL
FD001,7,114.0345,4,sensor_13,8.7277,8.7277,increased predicted RUL
FD001,7,114.0345,5,sensor_15_rolling_mean,6.8843,6.8843,increased predicted RUL
FD001,7,114.0345,6,sensor_11_rolling_mean,-6.3429,6.3429,decreased predicted RUL
FD001,7,114.0345,7,sensor_9,-6.0367,6.0367,decreased predicted RUL
FD001,7,114.0345,8,sensor_12,4.8141,4.8141,increased predicted RUL
FD001,7,114.0345,9,sensor_11,-4.0128,4.0128,decreased predicted RUL
FD001,7,114.0345,10,sensor_6,-3.8687,3.8687,decreased predicted RUL
FD001,8,85.9887,1,cycle,-35.0785,35.0785,decreased predicted RUL
FD001,8,85.9887,2,sensor_11,-17.1633,17.1633,decreased predicted RUL
FD001,8,85.9887,3,sensor_4,-10.4653,10.4653,decreased predicted RUL
FD001,8,85.9887,4,sensor_15,9.2392,9.2392,increased predicted RUL
FD001,8,85.9887,5,sensor_11_rolling_mean,-5.2171,5.2171,decreased predicted RUL
FD001,8,85.9887,6,sensor_6_rolling_std,4.1219,4.1219,increased predicted RUL
FD001,8,85.9887,7,sensor_9,4.0143,4.0143,increased predicted RUL
FD001,8,85.9887,8,sensor_12,3.6692,3.6692,increased predicted RUL
FD001,8,85.9887,9,sensor_7,3.6125,3.6125,increased predicted RUL
FD001,8,85.9887,10,sensor_2,-3.399,3.399,decreased predicted RUL
FD001,9,142.4903,1,cycle,33.4787,33.4787,increased predicted RUL
FD001,9,142.4903,2,sensor_11,-13.3667,13.3667,decreased predicted RUL
FD001,9,142.4903,3,sensor_6,-11.7598,11.7598,decreased predicted RUL
FD001,9,142.4903,4,sensor_15,8.7218,8.7218,increased predicted RUL
FD001,9,142.4903,5,sensor_4,-7.2515,7.2515,decreased predicted RUL
FD001,9,142.4903,6,sensor_12,5.7332,5.7332,increased predicted RUL
FD001,9,142.4903,7,sensor_11_rolling_mean,-5.344,5.344,decreased predicted RUL
FD001,9,142.4903,8,sensor_15_rolling_mean,4.0029,4.0029,increased predicted RUL
FD001,9,142.4903,9,sensor_7,3.7372,3.7372,increased predicted RUL
FD001,9,142.4903,10,sensor_6_rolling_std,3.372,3.372,increased predicted RUL
FD001,10,102.0952,1,cycle,-24.184,24.184,decreased predicted RUL
FD001,10,102.0952,2,sensor_15,18.0228,18.0228,increased predicted RUL
FD001,10,102.0952,3,sensor_11,-15.7234,15.7234,decreased predicted RUL
FD001,10,102.0952,4,sensor_6_rolling_std,-11.1101,11.1101,decreased predicted RUL
FD001,10,102.0952,5,sensor_13,8.9035,8.9035,increased predicted RUL
FD001,10,102.0952,6,sensor_11_rolling_mean,-5.5243,5.5243,decreased predicted RUL
FD001,10,102.0952,7,sensor_15_rolling_mean,5.0686,5.0686,increased predicted RUL
FD001,10,102.0952,8,sensor_12,4.1685,4.1685,increased predicted RUL
FD001,10,102.0952,9,sensor_2,-3.2469,3.2469,decreased predicted RUL
FD001,10,102.0952,10,sensor_3,-3.0893,3.0893,decreased predicted RUL
FD001,11,84.8659,1,sensor_11,-21.4172,21.4172,decreased predicted RUL
FD001,11,84.8659,2,sensor_6,-10.1811,10.1811,decreased predicted RUL
FD001,11,84.8659,3,sensor_4,-9.2078,9.2078,decreased predicted RUL
FD001,11,84.8659,4,sensor_13,-8.1674,8.1674,decreased predicted RUL
FD001,11,84.8659,5,sensor_15,7.7002,7.7002,increased predicted RUL
FD001,11,84.8659,6,sensor_13_rolling_mean,-5.8687,5.8687,decreased predicted RUL
FD001,11,84.8659,7,sensor_11_rolling_mean,-5.0738,5.0738,decreased predicted RUL
FD001,11,84.8659,8,sensor_12,5.0383,5.0383,increased predicted RUL
FD001,11,84.8659,9,cycle,4.5922,4.5922,increased predicted RUL
FD001,11,84.8659,10,sensor_15_rolling_mean,3.9715,3.9715,increased predicted RUL
FD001,12,101.1985,1,cycle,-25.1307,25.1307,decreased predicted RUL
FD001,12,101.1985,2,sensor_15,15.8878,15.8878,increased predicted RUL
FD001,12,101.1985,3,sensor_13,10.8436,10.8436,increased predicted RUL
FD001,12,101.1985,4,sensor_14,-8.9958,8.9958,decreased predicted RUL
FD001,12,101.1985,5,sensor_4,-7.9118,7.9118,decreased predicted RUL
FD001,12,101.1985,6,sensor_11,-7.4244,7.4244,decreased predicted RUL
FD001,12,101.1985,7,sensor_11_rolling_mean,-7.2704,7.2704,decreased predicted RUL
FD001,12,101.1985,8,sensor_9,-6.4061,6.4061,decreased predicted RUL
FD001,12,101.1985,9,sensor_15_rolling_mean,5.3074,5.3074,increased predicted RUL
FD001,12,101.1985,10,sensor_12,5.2537,5.2537,increased predicted RUL
FD001,13,99.0366,1,cycle,-27.057,27.057,decreased predicted RUL
FD001,13,99.0366,2,sensor_11,-14.9572,14.9572,decreased predicted RUL
FD001,13,99.0366,3,sensor_15,10.9671,10.9671,increased predicted RUL
FD001,13,99.0366,4,sensor_4,-10.4138,10.4138,decreased predicted RUL
FD001,13,99.0366,5,sensor_15_rolling_mean,8.543,8.543,increased predicted RUL
FD001,13,99.0366,6,sensor_11_rolling_mean,-5.0192,5.0192,decreased predicted RUL
FD001,13,99.0366,7,sensor_12,4.2833,4.2833,increased predicted RUL
FD001,13,99.0366,8,sensor_6_rolling_std,3.6272,3.6272,increased predicted RUL
FD001,13,99.0366,9,sensor_13,3.1299,3.1299,increased predicted RUL
FD001,13,99.0366,10,sensor_17,-2.7342,2.7342,decreased predicted RUL
FD001,14,121.2541,1,cycle,38.3103,38.3103,increased predicted RUL
FD001,14,121.2541,2,sensor_11,-15.6876,15.6876,decreased predicted RUL
FD001,14,121.2541,3,sensor_6,-15.6089,15.6089,decreased predicted RUL
FD001,14,121.2541,4,sensor_15,11.2353,11.2353,increased predicted RUL
FD001,14,121.2541,5,sensor_13_rolling_mean,-8.555,8.555,decreased predicted RUL
FD001,14,121.2541,6,sensor_11_rolling_mean,-8.3279,8.3279,decreased predicted RUL
FD001,14,121.2541,7,sensor_4,-6.8864,6.8864,decreased predicted RUL
FD001,14,121.2541,8,sensor_12,3.757,3.757,increased predicted RUL
FD001,14,121.2541,9,sensor_7,3.3404,3.3404,increased predicted RUL
FD001,14,121.2541,10,sensor_15_rolling_mean,3.3194,3.3194,increased predicted RUL
FD001,15,149.5369,1,sensor_15,16.8029,16.8029,increased predicted RUL
FD001,15,149.5369,2,sensor_6,-10.625,10.625,decreased predicted RUL
FD001,15,149.5369,3,sensor_11_rolling_mean,-6.7326,6.7326,decreased predicted RUL
FD001,15,149.5369,4,sensor_12,6.5523,6.5523,increased predicted RUL
FD001,15,149.5369,5,cycle,6.5354,6.5354,increased predicted RUL
FD001,15,149.5369,6,sensor_15_rolling_mean,5.3413,5.3413,increased predicted RUL
FD001,15,149.5369,7,sensor_11,-4.9682,4.9682,decreased predicted RUL
FD001,15,149.5369,8,sensor_4,-4.9188,4.9188,decreased predicted RUL
FD001,15,149.5369,9,sensor_20,4.3981,4.3981,increased predicted RUL
FD001,15,149.5369,10,sensor_7,4.1453,4.1453,increased predicted RUL
FD001,16,123.8342,1,cycle,-24.0068,24.0068,decreased predicted RUL
FD001,16,123.8342,2,sensor_15,18.9505,18.9505,increased predicted RUL
FD001,16,123.8342,3,sensor_13,7.9592,7.9592,increased predicted RUL
FD001,16,123.8342,4,sensor_11,-6.3868,6.3868,decreased predicted RUL
FD001,16,123.8342,5,sensor_6,-5.519,5.519,decreased predicted RUL
FD001,16,123.8342,6,sensor_11_rolling_mean,-5.3068,5.3068,decreased predicted RUL
FD001,16,123.8342,7,sensor_14_rolling_mean,-5.283,5.283,decreased predicted RUL
FD001,16,123.8342,8,sensor_12,5.1269,5.1269,increased predicted RUL
FD001,16,123.8342,9,sensor_15_rolling_mean,5.0448,5.0448,increased predicted RUL
FD001,16,123.8342,10,sensor_7,4.5919,4.5919,increased predicted RUL
FD001,17,51.3436,1,cycle,-35.0429,35.0429,decreased predicted RUL
FD001,17,51.3436,2,sensor_11,-17.5652,17.5652,decreased predicted RUL
FD001,17,51.3436,3,sensor_9,-12.745,12.745,decreased predicted RUL
FD001,17,51.3436,4,sensor_14,-11.8647,11.8647,decreased predicted RUL
FD001,17,51.3436,5,sensor_15,10.29,10.29,increased predicted RUL
FD001,17,51.3436,6,sensor_4,-9.4507,9.4507,decreased predicted RUL
FD001,17,51.3436,7,sensor_13,6.3144,6.3144,increased predicted RUL
FD001,17,51.3436,8,sensor_11_rolling_mean,-5.3188,5.3188,decreased predicted RUL
FD001,17,51.3436,9,sensor_6,-4.3743,4.3743,decreased predicted RUL
FD001,17,51.3436,10,sensor_12,3.9386,3.9386,increased predicted RUL
FD001,18,48.6695,1,cycle,-36.918,36.918,decreased predicted RUL
FD001,18,48.6695,2,sensor_11,-16.3035,16.3035,decreased predicted RUL
FD001,18,48.6695,3,sensor_4,-10.6668,10.6668,decreased predicted RUL
FD001,18,48.6695,4,sensor_13,-9.9322,9.9322,decreased predicted RUL
FD001,18,48.6695,5,sensor_6_rolling_std,-9.5509,9.5509,decreased predicted RUL
FD001,18,48.6695,6,sensor_11_rolling_mean,-7.0727,7.0727,decreased predicted RUL
FD001,18,48.6695,7,sensor_15,6.4912,6.4912,increased predicted RUL
FD001,18,48.6695,8,sensor_12,5.0436,5.0436,increased predicted RUL
FD001,18,48.6695,9,sensor_2,-4.0177,4.0177,decreased predicted RUL
FD001,18,48.6695,10,sensor_15_rolling_mean,3.5821,3.5821,increased predicted RUL
FD001,19,115.0888,1,cycle,-29.5841,29.5841,decreased predicted RUL
FD001,19,115.0888,2,sensor_15,17.8355,17.8355,increased predicted RUL
FD001,19,115.0888,3,sensor_13,10.3239,10.3239,increased predicted RUL
FD001,19,115.0888,4,sensor_4,-8.6318,8.6318,decreased predicted RUL
FD001,19,115.0888,5,sensor_15_rolling_mean,5.8415,5.8415,increased predicted RUL
FD001,19,115.0888,6,sensor_11_rolling_mean,-5.3669,5.3669,decreased predicted RUL
FD001,19,115.0888,7,sensor_11,-5.2866,5.2866,decreased predicted RUL
FD001,19,115.0888,8,sensor_12,4.6918,4.6918,increased predicted RUL
FD001,19,115.0888,9,sensor_21,3.8459,3.8459,increased predicted RUL
FD001,19,115.0888,10,sensor_2,-3.7494,3.7494,decreased predicted RUL
FD001,20,13.801,1,cycle,-37.7257,37.7257,decreased predicted RUL
FD001,20,13.801,2,sensor_11,-29.4268,29.4268,decreased predicted RUL
FD001,20,13.801,3,sensor_13,-16.6212,16.6212,decreased predicted RUL
FD001,20,13.801,4,sensor_4,-11.0335,11.0335,decreased predicted RUL
FD001,20,13.801,5,sensor_6_rolling_std,-9.5937,9.5937,decreased predicted RUL
FD001,20,13.801,6,sensor_13_rolling_mean,-6.5722,6.5722,decreased predicted RUL
FD001,20,13.801,7,sensor_11_rolling_mean,-6.2503,6.2503,decreased predicted RUL
FD001,20,13.801,8,sensor_15,5.8345,5.8345,increased predicted RUL
FD001,20,13.801,9,sensor_2,-4.1619,4.1619,decreased predicted RUL
FD001,20,13.801,10,sensor_12,3.5693,3.5693,increased predicted RUL
FD001,21,66.4554,1,cycle,-33.6593,33.6593,decreased predicted RUL
FD001,21,66.4554,2,sensor_11,-13.0625,13.0625,decreased predicted RUL
FD001,21,66.4554,3,sensor_9,-12.9899,12.9899,decreased predicted RUL
FD001,21,66.4554,4,sensor_15,12.8172,12.8172,increased predicted RUL
FD001,21,66.4554,5,sensor_14,-12.5213,12.5213,decreased predicted RUL
FD001,21,66.4554,6,sensor_11_rolling_mean,-6.237,6.237,decreased predicted RUL
FD001,21,66.4554,7,sensor_13,5.9242,5.9242,increased predicted RUL
FD001,21,66.4554,8,sensor_12,5.263,5.263,increased predicted RUL
FD001,21,66.4554,9,sensor_4,-5.1178,5.1178,decreased predicted RUL
FD001,21,66.4554,10,sensor_6,-4.8494,4.8494,decreased predicted RUL
FD001,22,154.6305,1,cycle,43.3097,43.3097,increased predicted RUL
FD001,22,154.6305,2,sensor_6,-13.9202,13.9202,decreased predicted RUL
FD001,22,154.6305,3,sensor_15,13.6758,13.6758,increased predicted RUL
FD001,22,154.6305,4,sensor_4,-7.8872,7.8872,decreased predicted RUL
FD001,22,154.6305,5,sensor_11,-7.3319,7.3319,decreased predicted RUL
FD001,22,154.6305,6,sensor_11_rolling_mean,-6.6834,6.6834,decreased predicted RUL
FD001,22,154.6305,7,sensor_15_rolling_mean,5.4431,5.4431,increased predicted RUL
FD001,22,154.6305,8,sensor_7,4.7571,4.7571,increased predicted RUL
FD001,22,154.6305,9,sensor_12,4.13,4.13,increased predicted RUL
FD001,22,154.6305,10,sensor_20,3.9676,3.9676,increased predicted RUL
FD001,23,138.2477,1,cycle,-27.8621,27.8621,decreased predicted RUL
FD001,23,138.2477,2,sensor_15,25.5219,25.5219,increased predicted RUL
FD001,23,138.2477,3,sensor_13,8.6766,8.6766,increased predicted RUL
FD001,23,138.2477,4,sensor_6_rolling_std,-8.0407,8.0407,decreased predicted RUL
FD001,23,138.2477,5,sensor_15_rolling_mean,6.4566,6.4566,increased predicted RUL
FD001,23,138.2477,6,sensor_4,-6.0409,6.0409,decreased predicted RUL
FD001,23,138.2477,7,sensor_12,4.4262,4.4262,increased predicted RUL
FD001,23,138.2477,8,sensor_11_rolling_mean,-4.3833,4.3833,decreased predicted RUL
FD001,23,138.2477,9,sensor_7,4.228,4.228,increased predicted RUL
FD001,23,138.2477,10,sensor_6_rolling_mean,4.104,4.104,increased predicted RUL
FD001,24,21.2347,1,cycle,-36.9459,36.9459,decreased predicted RUL
FD001,24,21.2347,2,sensor_11,-25.1453,25.1453,decreased predicted RUL
FD001,24,21.2347,3,sensor_9,-18.1366,18.1366,decreased predicted RUL
FD001,24,21.2347,4,sensor_4,-11.8538,11.8538,decreased predicted RUL
FD001,24,21.2347,5,sensor_14,-10.0289,10.0289,decreased predicted RUL
FD001,24,21.2347,6,sensor_15,7.4173,7.4173,increased predicted RUL
FD001,24,21.2347,7,sensor_11_rolling_mean,-5.9664,5.9664,decreased predicted RUL
FD001,24,21.2347,8,sensor_6,-4.814,4.814,decreased predicted RUL
FD001,24,21.2347,9,sensor_13,3.6481,3.6481,increased predicted RUL
FD001,24,21.2347,10,sensor_3,-3.1012,3.1012,decreased predicted RUL
FD001,25,164.2078,1,cycle,37.4657,37.4657,increased predicted RUL
FD001,25,164.2078,2,sensor_6,-13.7335,13.7335,decreased predicted RUL
FD001,25,164.2078,3,sensor_15,12.5351,12.5351,increased predicted RUL
FD001,25,164.2078,4,sensor_11,-6.3676,6.3676,decreased predicted RUL
FD001,25,164.2078,5,sensor_4,-5.8984,5.8984,decreased predicted RUL
FD001,25,164.2078,6,sensor_15_rolling_mean,5.4349,5.4349,increased predicted RUL
FD001,25,164.2078,7,sensor_11_rolling_mean,-5.4125,5.4125,decreased predicted RUL
FD001,25,164.2078,8,sensor_12,4.6447,4.6447,increased predicted RUL
FD001,25,164.2078,9,sensor_13,3.384,3.384,increased predicted RUL
FD001,25,164.2078,10,sensor_6_rolling_std,3.3787,3.3787,increased predicted RUL
FD001,26,117.8643,1,sensor_6,-14.1789,14.1789,decreased predicted RUL
FD001,26,117.8643,2,sensor_15,11.9589,11.9589,increased predicted RUL
FD001,26,117.8643,3,sensor_11,-10.1573,10.1573,decreased predicted RUL
FD001,26,117.8643,4,sensor_13,7.6267,7.6267,increased predicted RUL
FD001,26,117.8643,5,sensor_11_rolling_mean,-7.0114,7.0114,decreased predicted RUL
FD001,26,117.8643,6,sensor_9,-6.7777,6.7777,decreased predicted RUL
FD001,26,117.8643,7,sensor_12,5.8349,5.8349,increased predicted RUL
FD001,26,117.8643,8,cycle,5.3428,5.3428,increased predicted RUL
FD001,26,117.8643,9,sensor_15_rolling_mean,4.8541,4.8541,increased predicted RUL
FD001,26,117.8643,10,sensor_4,-4.4434,4.4434,decreased predicted RUL
FD001,27,102.4632,1,cycle,-31.5253,31.5253,decreased predicted RUL
FD001,27,102.4632,2,sensor_15,12.6601,12.6601,increased predicted RUL
FD001,27,102.4632,3,sensor_11,-11.1894,11.1894,decreased predicted RUL
FD001,27,102.4632,4,sensor_4,-7.4015,7.4015,decreased predicted RUL
FD001,27,102.4632,5,sensor_12,6.7835,6.7835,increased predicted RUL
FD001,27,102.4632,6,sensor_11_rolling_mean,-5.7437,5.7437,decreased predicted RUL
FD001,27,102.4632,7,sensor_15_rolling_mean,4.7878,4.7878,increased predicted RUL
FD001,27,102.4632,8,sensor_6_rolling_std,4.1011,4.1011,increased predicted RUL
FD001,27,102.4632,9,sensor_2,-3.1705,3.1705,decreased predicted RUL
FD001,27,102.4632,10,sensor_20,3.134,3.134,increased predicted RUL
FD001,28,84.8556,1,cycle,-31.604,31.604,decreased predicted RUL
FD001,28,84.8556,2,sensor_11,-17.5508,17.5508,decreased predicted RUL
FD001,28,84.8556,3,sensor_15,12.142,12.142,increased predicted RUL
FD001,28,84.8556,4,sensor_4,-5.4207,5.4207,decreased predicted RUL
FD001,28,84.8556,5,sensor_11_rolling_mean,-5.0429,5.0429,decreased predicted RUL
FD001,28,84.8556,6,sensor_12,4.9476,4.9476,increased predicted RUL
FD001,28,84.8556,7,sensor_2,-4.0375,4.0375,decreased predicted RUL
FD001,28,84.8556,8,sensor_6,-3.5662,3.5662,decreased predicted RUL
FD001,28,84.8556,9,sensor_13,3.4838,3.4838,increased predicted RUL
FD001,28,84.8556,10,sensor_6_rolling_std,3.3859,3.3859,increased predicted RUL
FD001,29,112.065,1,cycle,-26.949,26.949,decreased predicted RUL
FD001,29,112.065,2,sensor_15,20.8802,20.8802,increased predicted RUL
FD001,29,112.065,3,sensor_13,9.0157,9.0157,increased predicted RUL
FD001,29,112.065,4,sensor_15_rolling_mean,7.6327,7.6327,increased predicted RUL
FD001,29,112.065,5,sensor_4,-7.4347,7.4347,decreased predicted RUL
FD001,29,112.065,6,sensor_9,-6.1716,6.1716,decreased predicted RUL
FD001,29,112.065,7,sensor_11_rolling_mean,-5.597,5.597,decreased predicted RUL
FD001,29,112.065,8,sensor_12,4.1592,4.1592,increased predicted RUL
FD001,29,112.065,9,sensor_6_rolling_std,3.2271,3.2271,increased predicted RUL
FD001,29,112.065,10,sensor_14_rolling_mean,-3.1653,3.1653,decreased predicted RUL
FD001,30,79.6552,1,cycle,-32.3074,32.3074,decreased predicted RUL
FD001,30,79.6552,2,sensor_11,-19.3399,19.3399,decreased predicted RUL
FD001,30,79.6552,3,sensor_15,8.7493,8.7493,increased predicted RUL
FD001,30,79.6552,4,sensor_4,-8.1803,8.1803,decreased predicted RUL
FD001,30,79.6552,5,sensor_11_rolling_mean,-6.2091,6.2091,decreased predicted RUL
FD001,30,79.6552,6,sensor_12,4.0226,4.0226,increased predicted RUL
FD001,30,79.6552,7,sensor_6_rolling_std,3.6997,3.6997,increased predicted RUL
FD001,30,79.6552,8,sensor_20,3.243,3.243,increased predicted RUL
FD001,30,79.6552,9,sensor_3,-3.1802,3.1802,decreased predicted RUL
FD001,30,79.6552,10,sensor_21,2.9375,2.9375,increased predicted RUL
FD001,31,20.4721,1,cycle,-37.7933,37.7933,decreased predicted RUL
FD001,31,20.4721,2,sensor_11,-21.7242,21.7242,decreased predicted RUL
FD001,31,20.4721,3,sensor_13,-12.4803,12.4803,decreased predicted RUL
FD001,31,20.4721,4,sensor_4,-11.7883,11.7883,decreased predicted RUL
FD001,31,20.4721,5,sensor_11_rolling_mean,-7.7297,7.7297,decreased predicted RUL
FD001,31,20.4721,6,sensor_9,-6.561,6.561,decreased predicted RUL
FD001,31,20.4721,7,sensor_13_rolling_mean,-5.7546,5.7546,decreased predicted RUL
FD001,31,20.4721,8,sensor_15,5.5722,5.5722,increased predicted RUL
FD001,31,20.4721,9,sensor_14,-4.0467,4.0467,decreased predicted RUL
FD001,31,20.4721,10,sensor_2,-3.7974,3.7974,decreased predicted RUL
FD001,32,45.4229,1,cycle,-35.7477,35.7477,decreased predicted RUL
FD001,32,45.4229,2,sensor_9,-17.5834,17.5834,decreased predicted RUL
FD001,32,45.4229,3,sensor_11,-15.0484,15.0484,decreased predicted RUL
FD001,32,45.4229,4,sensor_14,-12.5808,12.5808,decreased predicted RUL
FD001,32,45.4229,5,sensor_15,10.4886,10.4886,increased predicted RUL
FD001,32,45.4229,6,sensor_4,-9.4312,9.4312,decreased predicted RUL
FD001,32,45.4229,7,sensor_11_rolling_mean,-5.9926,5.9926,decreased predicted RUL
FD001,32,45.4229,8,sensor_12,5.6584,5.6584,increased predicted RUL
FD001,32,45.4229,9,sensor_6,-4.8899,4.8899,decreased predicted RUL
FD001,32,45.4229,10,sensor_13,4.6695,4.6695,increased predicted RUL
FD001,33,132.3863,1,cycle,40.0296,40.0296,increased predicted RUL
FD001,33,132.3863,2,sensor_11,-17.6676,17.6676,decreased predicted RUL
FD001,33,132.3863,3,sensor_6,-12.4109,12.4109,decreased predicted RUL
FD001,33,132.3863,4,sensor_4,-9.5542,9.5542,decreased predicted RUL
FD001,33,132.3863,5,sensor_15,8.1756,8.1756,increased predicted RUL
FD001,33,132.3863,6,sensor_11_rolling_mean,-7.1591,7.1591,decreased predicted RUL
FD001,33,132.3863,7,sensor_12,4.0589,4.0589,increased predicted RUL
FD001,33,132.3863,8,sensor_7,3.9305,3.9305,increased predicted RUL
FD001,33,132.3863,9,sensor_15_rolling_mean,3.4013,3.4013,increased predicted RUL
FD001,33,132.3863,10,sensor_13_rolling_mean,-2.7005,2.7005,decreased predicted RUL
FD001,34,6.6247,1,cycle,-38.9449,38.9449,decreased predicted RUL
FD001,34,6.6247,2,sensor_11,-31.1752,31.1752,decreased predicted RUL
FD001,34,6.6247,3,sensor_13,-26.397,26.397,decreased predicted RUL
FD001,34,6.6247,4,sensor_4,-12.5529,12.5529,decreased predicted RUL
FD001,34,6.6247,5,sensor_11_rolling_mean,-8.7898,8.7898,decreased predicted RUL
FD001,34,6.6247,6,sensor_13_rolling_mean,-5.7617,5.7617,decreased predicted RUL
FD001,34,6.6247,7,sensor_15,4.8229,4.8229,increased predicted RUL
FD001,34,6.6247,8,sensor_2,-4.8106,4.8106,decreased predicted RUL
FD001,34,6.6247,9,sensor_3,-3.4316,3.4316,decreased predicted RUL
FD001,34,6.6247,10,sensor_17,-3.2161,3.2161,decreased predicted RUL
FD001,35,6.7657,1,cycle,-39.32,39.32,decreased predicted RUL
FD001,35,6.7657,2,sensor_11,-29.7824,29.7824,decreased predicted RUL
FD001,35,6.7657,3,sensor_13,-16.8169,16.8169,decreased predicted RUL
FD001,35,6.7657,4,sensor_4,-12.7807,12.7807,decreased predicted RUL
FD001,35,6.7657,5,sensor_11_rolling_mean,-6.9334,6.9334,decreased predicted RUL
FD001,35,6.7657,6,sensor_15,5.416,5.416,increased predicted RUL
FD001,35,6.7657,7,sensor_13_rolling_mean,-5.4012,5.4012,decreased predicted RUL
FD001,35,6.7657,8,sensor_9,-5.2016,5.2016,decreased predicted RUL
FD001,35,6.7657,9,sensor_2,-3.7136,3.7136,decreased predicted RUL
FD001,35,6.7657,10,sensor_14,-3.4613,3.4613,decreased predicted RUL
FD001,36,17.2386,1,cycle,-37.3629,37.3629,decreased predicted RUL
FD001,36,17.2386,2,sensor_11,-28.6993,28.6993,decreased predicted RUL
FD001,36,17.2386,3,sensor_13,-19.8444,19.8444,decreased predicted RUL
FD001,36,17.2386,4,sensor_4,-11.2398,11.2398,decreased predicted RUL
FD001,36,17.2386,5,sensor_11_rolling_mean,-7.5134,7.5134,decreased predicted RUL
FD001,36,17.2386,6,sensor_13_rolling_mean,-6.782,6.782,decreased predicted RUL
FD001,36,17.2386,7,sensor_15,4.687,4.687,increased predicted RUL
FD001,36,17.2386,8,sensor_2,-4.2316,4.2316,decreased predicted RUL
FD001,36,17.2386,9,sensor_3,-3.6854,3.6854,decreased predicted RUL
FD001,36,17.2386,10,sensor_17,-3.3495,3.3495,decreased predicted RUL
FD001,37,51.8421,1,cycle,-30.9183,30.9183,decreased predicted RUL
FD001,37,51.8421,2,sensor_11,-19.0197,19.0197,decreased predicted RUL
FD001,37,51.8421,3,sensor_4,-9.7844,9.7844,decreased predicted RUL
FD001,37,51.8421,4,sensor_11_rolling_mean,-8.5187,8.5187,decreased predicted RUL
FD001,37,51.8421,5,sensor_13,-6.1475,6.1475,decreased predicted RUL
FD001,37,51.8421,6,sensor_15,6.0337,6.0337,increased predicted RUL
FD001,37,51.8421,7,sensor_13_rolling_mean,-5.8014,5.8014,decreased predicted RUL
FD001,37,51.8421,8,sensor_2,-4.8812,4.8812,decreased predicted RUL
FD001,37,51.8421,9,sensor_6_rolling_std,3.7988,3.7988,increased predicted RUL
FD001,37,51.8421,10,sensor_12,3.5477,3.5477,increased predicted RUL
FD001,38,42.5519,1,cycle,-34.9501,34.9501,decreased predicted RUL
FD001,38,42.5519,2,sensor_11,-23.2396,23.2396,decreased predicted RUL
FD001,38,42.5519,3,sensor_14,-7.6225,7.6225,decreased predicted RUL
FD001,38,42.5519,4,sensor_15,7.2749,7.2749,increased predicted RUL
FD001,38,42.5519,5,sensor_9,-7.1892,7.1892,decreased predicted RUL
FD001,38,42.5519,6,sensor_11_rolling_mean,-7.1506,7.1506,decreased predicted RUL
FD001,38,42.5519,7,sensor_13,-5.1482,5.1482,decreased predicted RUL
FD001,38,42.5519,8,sensor_12,4.6972,4.6972,increased predicted RUL
FD001,38,42.5519,9,sensor_2,-4.4999,4.4999,decreased predicted RUL
FD001,38,42.5519,10,sensor_4,-4.2861,4.2861,decreased predicted RUL
FD001,39,156.6207,1,cycle,36.3767,36.3767,increased predicted RUL
FD001,39,156.6207,2,sensor_15,18.7021,18.7021,increased predicted RUL
FD001,39,156.6207,3,sensor_6,-16.2005,16.2005,decreased predicted RUL
FD001,39,156.6207,4,sensor_14_rolling_mean,-7.4735,7.4735,decreased predicted RUL
FD001,39,156.6207,5,sensor_13,6.6633,6.6633,increased predicted RUL
FD001,39,156.6207,6,sensor_12,5.5674,5.5674,increased predicted RUL
FD001,39,156.6207,7,sensor_13_rolling_mean,-5.4651,5.4651,decreased predicted RUL
FD001,39,156.6207,8,sensor_15_rolling_mean,4.6378,4.6378,increased predicted RUL
FD001,39,156.6207,9,sensor_11_rolling_mean,-4.067,4.067,decreased predicted RUL
FD001,39,156.6207,10,sensor_4,-3.4613,3.4613,decreased predicted RUL
FD001,40,31.4786,1,cycle,-35.6309,35.6309,decreased predicted RUL
FD001,40,31.4786,2,sensor_11,-24.2897,24.2897,decreased predicted RUL
FD001,40,31.4786,3,sensor_13,-11.5329,11.5329,decreased predicted RUL
FD001,40,31.4786,4,sensor_4,-11.0707,11.0707,decreased predicted RUL
FD001,40,31.4786,5,sensor_11_rolling_mean,-6.7396,6.7396,decreased predicted RUL
FD001,40,31.4786,6,sensor_15,6.172,6.172,increased predicted RUL
FD001,40,31.4786,7,sensor_13_rolling_mean,-5.1127,5.1127,decreased predicted RUL
FD001,40,31.4786,8,sensor_2,-4.2227,4.2227,decreased predicted RUL
FD001,40,31.4786,9,sensor_3,-3.3472,3.3472,decreased predicted RUL
FD001,40,31.4786,10,sensor_17,-3.1126,3.1126,decreased predicted RUL
FD001,41,46.5699,1,cycle,-31.6382,31.6382,decreased predicted RUL
FD001,41,46.5699,2,sensor_11,-16.063,16.063,decreased predicted RUL
FD001,41,46.5699,3,sensor_13,-13.2211,13.2211,decreased predicted RUL
FD001,41,46.5699,4,sensor_4,-11.2716,11.2716,decreased predicted RUL
FD001,41,46.5699,5,sensor_11_rolling_mean,-8.4647,8.4647,decreased predicted RUL
FD001,41,46.5699,6,sensor_15,7.2663,7.2663,increased predicted RUL
FD001,41,46.5699,7,sensor_13_rolling_mean,-6.1205,6.1205,decreased predicted RUL
FD001,41,46.5699,8,sensor_12,4.1801,4.1801,increased predicted RUL
FD001,41,46.5699,9,sensor_6_rolling_std,3.7184,3.7184,increased predicted RUL
FD001,41,46.5699,10,sensor_8,-3.3977,3.3977,decreased predicted RUL
FD001,42,18.2532,1,cycle,-40.0989,40.0989,decreased predicted RUL
FD001,42,18.2532,2,sensor_13,-26.0258,26.0258,decreased predicted RUL
FD001,42,18.2532,3,sensor_11,-25.4397,25.4397,decreased predicted RUL
FD001,42,18.2532,4,sensor_4,-11.3648,11.3648,decreased predicted RUL
FD001,42,18.2532,5,sensor_11_rolling_mean,-7.8651,7.8651,decreased predicted RUL
FD001,42,18.2532,6,sensor_15,5.3376,5.3376,increased predicted RUL
FD001,42,18.2532,7,sensor_13_rolling_mean,-5.0497,5.0497,decreased predicted RUL
FD001,42,18.2532,8,sensor_6_rolling_std,3.9799,3.9799,increased predicted RUL
FD001,42,18.2532,9,sensor_2,-3.8608,3.8608,decreased predicted RUL
FD001,42,18.2532,10,sensor_3,-3.6267,3.6267,decreased predicted RUL
FD001,43,64.8466,1,cycle,-35.5294,35.5294,decreased predicted RUL
FD001,43,64.8466,2,sensor_11,-12.9204,12.9204,decreased predicted RUL
FD001,43,64.8466,3,sensor_4,-11.6059,11.6059,decreased predicted RUL
FD001,43,64.8466,4,sensor_13,-7.1308,7.1308,decreased predicted RUL
FD001,43,64.8466,5,sensor_15,7.052,7.052,increased predicted RUL
FD001,43,64.8466,6,sensor_11_rolling_mean,-6.804,6.804,decreased predicted RUL
FD001,43,64.8466,7,sensor_12,4.6075,4.6075,increased predicted RUL
FD001,43,64.8466,8,sensor_2,-3.7961,3.7961,decreased predicted RUL
FD001,43,64.8466,9,sensor_15_rolling_mean,3.4069,3.4069,increased predicted RUL
FD001,43,64.8466,10,sensor_6_rolling_std,3.3606,3.3606,increased predicted RUL
FD001,44,138.9575,1,cycle,33.796,33.796,increased predicted RUL
FD001,44,138.9575,2,sensor_11,-16.0258,16.0258,decreased predicted RUL
FD001,44,138.9575,3,sensor_6,-11.3628,11.3628,decreased predicted RUL
FD001,44,138.9575,4,sensor_15,9.2823,9.2823,increased predicted RUL
FD001,44,138.9575,5,sensor_4,-8.1248,8.1248,decreased predicted RUL
FD001,44,138.9575,6,sensor_11_rolling_mean,-5.4162,5.4162,decreased predicted RUL
FD001,44,138.9575,7,sensor_12,4.6771,4.6771,increased predicted RUL
FD001,44,138.9575,8,sensor_7,3.5622,3.5622,increased predicted RUL
FD001,44,138.9575,9,sensor_15_rolling_mean,2.9973,2.9973,increased predicted RUL
FD001,44,138.9575,10,sensor_2,-2.775,2.775,decreased predicted RUL
FD001,45,69.5846,1,cycle,-33.404,33.404,decreased predicted RUL
FD001,45,69.5846,2,sensor_11,-14.0708,14.0708,decreased predicted RUL
FD001,45,69.5846,3,sensor_4,-7.8306,7.8306,decreased predicted RUL
FD001,45,69.5846,4,sensor_15,6.951,6.951,increased predicted RUL
FD001,45,69.5846,5,sensor_11_rolling_mean,-6.0548,6.0548,decreased predicted RUL
FD001,45,69.5846,6,sensor_12,4.658,4.658,increased predicted RUL
FD001,45,69.5846,7,sensor_3,-3.6765,3.6765,decreased predicted RUL
FD001,45,69.5846,8,sensor_17,-3.1403,3.1403,decreased predicted RUL
FD001,45,69.5846,9,sensor_2,-3.0969,3.0969,decreased predicted RUL
FD001,45,69.5846,10,sensor_21,3.078,3.078,increased predicted RUL
FD001,46,37.2348,1,cycle,-36.819,36.819,decreased predicted RUL
FD001,46,37.2348,2,sensor_11,-23.0256,23.0256,decreased predicted RUL
FD001,46,37.2348,3,sensor_4,-10.7638,10.7638,decreased predicted RUL
FD001,46,37.2348,4,sensor_9,-9.341,9.341,decreased predicted RUL
FD001,46,37.2348,5,sensor_15,8.144,8.144,increased predicted RUL
FD001,46,37.2348,6,sensor_11_rolling_mean,-6.0692,6.0692,decreased predicted RUL
FD001,46,37.2348,7,sensor_14,-5.7493,5.7493,decreased predicted RUL
FD001,46,37.2348,8,sensor_12,3.6399,3.6399,increased predicted RUL
FD001,46,37.2348,9,sensor_3,-3.2532,3.2532,decreased predicted RUL
FD001,46,37.2348,10,sensor_2,-3.1785,3.1785,decreased predicted RUL
FD001,47,113.7837,1,sensor_11,-14.7859,14.7859,decreased predicted RUL
FD001,47,113.7837,2,cycle,14.1307,14.1307,increased predicted RUL
FD001,47,113.7837,3,sensor_15,10.9345,10.9345,increased predicted RUL
FD001,47,113.7837,4,sensor_6,-10.1786,10.1786,decreased predicted RUL
FD001,47,113.7837,5,sensor_4,-5.8817,5.8817,decreased predicted RUL
FD001,47,113.7837,6,sensor_12,5.0824,5.0824,increased predicted RUL
FD001,47,113.7837,7,sensor_13_rolling_mean,-4.9018,4.9018,decreased predicted RUL
FD001,47,113.7837,8,sensor_11_rolling_mean,-4.4649,4.4649,decreased predicted RUL
FD001,47,113.7837,9,sensor_2,-3.3379,3.3379,decreased predicted RUL
FD001,47,113.7837,10,sensor_7,3.2355,3.2355,increased predicted RUL
FD001,48,123.132,1,sensor_11,-13.3695,13.3695,decreased predicted RUL
FD001,48,123.132,2,cycle,10.7878,10.7878,increased predicted RUL
FD001,48,123.132,3,sensor_6,-9.2114,9.2114,decreased predicted RUL
FD001,48,123.132,4,sensor_15,8.9956,8.9956,increased predicted RUL
FD001,48,123.132,5,sensor_12,7.2217,7.2217,increased predicted RUL
FD001,48,123.132,6,sensor_11_rolling_mean,-4.9809,4.9809,decreased predicted RUL
FD001,48,123.132,7,sensor_15_rolling_mean,4.5474,4.5474,increased predicted RUL
FD001,48,123.132,8,sensor_4,-4.2098,4.2098,decreased predicted RUL
FD001,48,123.132,9,sensor_2,-3.2807,3.2807,decreased predicted RUL
FD001,48,123.132,10,sensor_13,-3.1409,3.1409,decreased predicted RUL
FD001,49,25.3115,1,cycle,-33.4367,33.4367,decreased predicted RUL
FD001,49,25.3115,2,sensor_11,-30.0978,30.0978,decreased predicted RUL
FD001,49,25.3115,3,sensor_13,-20.8512,20.8512,decreased predicted RUL
FD001,49,25.3115,4,sensor_4,-12.3093,12.3093,decreased predicted RUL
FD001,49,25.3115,5,sensor_11_rolling_mean,-7.3642,7.3642,decreased predicted RUL
FD001,49,25.3115,6,sensor_13_rolling_mean,-5.9698,5.9698,decreased predicted RUL
FD001,49,25.3115,7,sensor_15,5.0743,5.0743,increased predicted RUL
FD001,49,25.3115,8,sensor_2,-4.9038,4.9038,decreased predicted RUL
FD001,49,25.3115,9,sensor_17,-3.3487,3.3487,decreased predicted RUL
FD001,49,25.3115,10,sensor_3,-3.0648,3.0648,decreased predicted RUL
FD001,50,122.1882,1,sensor_11,-13.0383,13.0383,decreased predicted RUL
FD001,50,122.1882,2,sensor_15,12.1285,12.1285,increased predicted RUL
FD001,50,122.1882,3,sensor_6,-11.1473,11.1473,decreased predicted RUL
FD001,50,122.1882,4,cycle,10.5209,10.5209,increased predicted RUL
FD001,50,122.1882,5,sensor_12,6.57,6.57,increased predicted RUL
FD001,50,122.1882,6,sensor_11_rolling_mean,-6.0285,6.0285,decreased predicted RUL
FD001,50,122.1882,7,sensor_14_rolling_mean,-5.5476,5.5476,decreased predicted RUL
FD001,50,122.1882,8,sensor_4,-4.6429,4.6429,decreased predicted RUL
FD001,50,122.1882,9,sensor_13,4.5235,4.5235,increased predicted RUL
FD001,50,122.1882,10,sensor_15_rolling_mean,3.5443,3.5443,increased predicted RUL
FD001,51,92.4837,1,cycle,-32.8041,32.8041,decreased predicted RUL
FD001,51,92.4837,2,sensor_11,-13.1677,13.1677,decreased predicted RUL
FD001,51,92.4837,3,sensor_15,11.8842,11.8842,increased predicted RUL
FD001,51,92.4837,4,sensor_4,-8.5888,8.5888,decreased predicted RUL
FD001,51,92.4837,5,sensor_11_rolling_mean,-7.6409,7.6409,decreased predicted RUL
FD001,51,92.4837,6,sensor_12,5.8293,5.8293,increased predicted RUL
FD001,51,92.4837,7,sensor_6_rolling_std,3.9753,3.9753,increased predicted RUL
FD001,51,92.4837,8,sensor_21,3.5172,3.5172,increased predicted RUL
FD001,51,92.4837,9,sensor_2,-3.0943,3.0943,decreased predicted RUL
FD001,51,92.4837,10,sensor_20,2.9978,2.9978,increased predicted RUL
FD001,52,33.7074,1,cycle,-35.5741,35.5741,decreased predicted RUL
FD001,52,33.7074,2,sensor_11,-20.563,20.563,decreased predicted RUL
FD001,52,33.7074,3,sensor_9,-18.1535,18.1535,decreased predicted RUL
FD001,52,33.7074,4,sensor_14,-11.7665,11.7665,decreased predicted RUL
FD001,52,33.7074,5,sensor_4,-10.2125,10.2125,decreased predicted RUL
FD001,52,33.7074,6,sensor_11_rolling_mean,-7.4464,7.4464,decreased predicted RUL
FD001,52,33.7074,7,sensor_15,7.0938,7.0938,increased predicted RUL
FD001,52,33.7074,8,sensor_6,-5.1739,5.1739,decreased predicted RUL
FD001,52,33.7074,9,sensor_13,4.9483,4.9483,increased predicted RUL
FD001,52,33.7074,10,sensor_12,3.6451,3.6451,increased predicted RUL
FD001,53,35.2612,1,cycle,-37.0169,37.0169,decreased predicted RUL
FD001,53,35.2612,2,sensor_11,-23.1702,23.1702,decreased predicted RUL
FD001,53,35.2612,3,sensor_9,-15.5347,15.5347,decreased predicted RUL
FD001,53,35.2612,4,sensor_4,-11.485,11.485,decreased predicted RUL
FD001,53,35.2612,5,sensor_14,-9.8363,9.8363,decreased predicted RUL
FD001,53,35.2612,6,sensor_15,8.1547,8.1547,increased predicted RUL
FD001,53,35.2612,7,sensor_11_rolling_mean,-6.2495,6.2495,decreased predicted RUL
FD001,53,35.2612,8,sensor_13,5.8353,5.8353,increased predicted RUL
FD001,53,35.2612,9,sensor_6,-5.0279,5.0279,decreased predicted RUL
FD001,53,35.2612,10,sensor_2,-3.2092,3.2092,decreased predicted RUL
FD001,54,139.3652,1,sensor_15,26.3877,26.3877,increased predicted RUL
FD001,54,139.3652,2,cycle,-26.189,26.189,decreased predicted RUL
FD001,54,139.3652,3,sensor_13,16.7728,16.7728,increased predicted RUL
FD001,54,139.3652,4,sensor_11_rolling_mean,-6.0343,6.0343,decreased predicted RUL
FD001,54,139.3652,5,sensor_7,6.0319,6.0319,increased predicted RUL
FD001,54,139.3652,6,sensor_12,5.5841,5.5841,increased predicted RUL
FD001,54,139.3652,7,sensor_15_rolling_mean,4.2223,4.2223,increased predicted RUL
FD001,54,139.3652,8,sensor_14,-3.9399,3.9399,decreased predicted RUL
FD001,54,139.3652,9,sensor_9,-3.5728,3.5728,decreased predicted RUL
FD001,54,139.3652,10,sensor_21,3.4239,3.4239,increased predicted RUL
FD001,55,134.537,1,cycle,-24.153,24.153,decreased predicted RUL
FD001,55,134.537,2,sensor_15,19.9755,19.9755,increased predicted RUL
FD001,55,134.537,3,sensor_11,-11.6839,11.6839,decreased predicted RUL
FD001,55,134.537,4,sensor_13,11.3135,11.3135,increased predicted RUL
FD001,55,134.537,5,sensor_11_rolling_mean,-7.175,7.175,decreased predicted RUL
FD001,55,134.537,6,sensor_12,6.6342,6.6342,increased predicted RUL
FD001,55,134.537,7,sensor_6,-4.9645,4.9645,decreased predicted RUL
FD001,55,134.537,8,sensor_15_rolling_mean,4.6675,4.6675,increased predicted RUL
FD001,55,134.537,9,sensor_21,3.6027,3.6027,increased predicted RUL
FD001,55,134.537,10,sensor_6_rolling_std,3.5811,3.5811,increased predicted RUL
FD001,56,13.6081,1,cycle,-38.0023,38.0023,decreased predicted RUL
FD001,56,13.6081,2,sensor_11,-30.6385,30.6385,decreased predicted RUL
FD001,56,13.6081,3,sensor_13,-23.0011,23.0011,decreased predicted RUL
FD001,56,13.6081,4,sensor_4,-10.7462,10.7462,decreased predicted RUL
FD001,56,13.6081,5,sensor_11_rolling_mean,-8.048,8.048,decreased predicted RUL
FD001,56,13.6081,6,sensor_15,4.9391,4.9391,increased predicted RUL
FD001,56,13.6081,7,sensor_13_rolling_mean,-4.8838,4.8838,decreased predicted RUL
FD001,56,13.6081,8,sensor_2,-4.7664,4.7664,decreased predicted RUL
FD001,56,13.6081,9,sensor_3,-3.7086,3.7086,decreased predicted RUL
FD001,56,13.6081,10,sensor_6_rolling_std,3.6798,3.6798,increased predicted RUL
FD001,57,75.9548,1,cycle,-34.666,34.666,decreased predicted RUL
FD001,57,75.9548,2,sensor_11,-12.4692,12.4692,decreased predicted RUL
FD001,57,75.9548,3,sensor_13,-10.0182,10.0182,decreased predicted RUL
FD001,57,75.9548,4,sensor_15,7.4993,7.4993,increased predicted RUL
FD001,57,75.9548,5,sensor_4,-7.279,7.279,decreased predicted RUL
FD001,57,75.9548,6,sensor_12,6.9512,6.9512,increased predicted RUL
FD001,57,75.9548,7,sensor_11_rolling_mean,-6.5142,6.5142,decreased predicted RUL
FD001,57,75.9548,8,sensor_6_rolling_std,3.005,3.005,increased predicted RUL
FD001,57,75.9548,9,sensor_21,2.7456,2.7456,increased predicted RUL
FD001,57,75.9548,10,sensor_15_rolling_mean,2.6837,2.6837,increased predicted RUL
FD001,58,48.5369,1,cycle,-36.1998,36.1998,decreased predicted RUL
FD001,58,48.5369,2,sensor_11,-19.9591,19.9591,decreased predicted RUL
FD001,58,48.5369,3,sensor_13,-13.4668,13.4668,decreased predicted RUL
FD001,58,48.5369,4,sensor_4,-11.1775,11.1775,decreased predicted RUL
FD001,58,48.5369,5,sensor_11_rolling_mean,-7.0196,7.0196,decreased predicted RUL
FD001,58,48.5369,6,sensor_13_rolling_mean,-5.7516,5.7516,decreased predicted RUL
FD001,58,48.5369,7,sensor_15,5.489,5.489,increased predicted RUL
FD001,58,48.5369,8,sensor_12,5.3192,5.3192,increased predicted RUL
FD001,58,48.5369,9,sensor_2,-4.1409,4.1409,decreased predicted RUL
FD001,58,48.5369,10,sensor_6_rolling_std,3.6484,3.6484,increased predicted RUL
FD001,59,145.7409,1,sensor_15,19.9497,19.9497,increased predicted RUL
FD001,59,145.7409,2,sensor_6,-9.4142,9.4142,decreased predicted RUL
FD001,59,145.7409,3,cycle,-9.2702,9.2702,decreased predicted RUL
FD001,59,145.7409,4,sensor_13,9.0101,9.0101,increased predicted RUL
FD001,59,145.7409,5,sensor_12,5.3812,5.3812,increased predicted RUL
FD001,59,145.7409,6,sensor_21,4.5781,4.5781,increased predicted RUL
FD001,59,145.7409,7,sensor_4,-4.1992,4.1992,decreased predicted RUL
FD001,59,145.7409,8,sensor_15_rolling_mean,4.0263,4.0263,increased predicted RUL
FD001,59,145.7409,9,sensor_11_diff,-3.0721,3.0721,decreased predicted RUL
FD001,59,145.7409,10,sensor_11,-3.0365,3.0365,decreased predicted RUL
FD001,60,98.618,1,cycle,-29.8631,29.8631,decreased predicted RUL
FD001,60,98.618,2,sensor_11,-15.0116,15.0116,decreased predicted RUL
FD001,60,98.618,3,sensor_15,14.2024,14.2024,increased predicted RUL
FD001,60,98.618,4,sensor_13,8.5539,8.5539,increased predicted RUL
FD001,60,98.618,5,sensor_11_rolling_mean,-6.7718,6.7718,decreased predicted RUL
FD001,60,98.618,6,sensor_15_rolling_mean,6.1817,6.1817,increased predicted RUL
FD001,60,98.618,7,sensor_12,5.1865,5.1865,increased predicted RUL
FD001,60,98.618,8,sensor_6,-4.679,4.679,decreased predicted RUL
FD001,60,98.618,9,sensor_6_rolling_std,4.6391,4.6391,increased predicted RUL
FD001,60,98.618,10,sensor_2,-3.4629,3.4629,decreased predicted RUL
FD001,61,41.6045,1,cycle,-36.2637,36.2637,decreased predicted RUL
FD001,61,41.6045,2,sensor_11,-21.0991,21.0991,decreased predicted RUL
FD001,61,41.6045,3,sensor_13,-7.9283,7.9283,decreased predicted RUL
FD001,61,41.6045,4,sensor_4,-6.9852,6.9852,decreased predicted RUL
FD001,61,41.6045,5,sensor_15,6.107,6.107,increased predicted RUL
FD001,61,41.6045,6,sensor_11_rolling_mean,-5.9646,5.9646,decreased predicted RUL
FD001,61,41.6045,7,sensor_13_rolling_mean,-5.5803,5.5803,decreased predicted RUL
FD001,61,41.6045,8,sensor_2,-4.1256,4.1256,decreased predicted RUL
FD001,61,41.6045,9,sensor_12,4.0314,4.0314,increased predicted RUL
FD001,61,41.6045,10,sensor_3,-3.0843,3.0843,decreased predicted RUL
FD001,62,59.614,1,cycle,-28.2258,28.2258,decreased predicted RUL
FD001,62,59.614,2,sensor_11,-17.3814,17.3814,decreased predicted RUL
FD001,62,59.614,3,sensor_9,-13.3362,13.3362,decreased predicted RUL
FD001,62,59.614,4,sensor_15,9.7147,9.7147,increased predicted RUL
FD001,62,59.614,5,sensor_4,-8.2196,8.2196,decreased predicted RUL
FD001,62,59.614,6,sensor_14,-8.2162,8.2162,decreased predicted RUL
FD001,62,59.614,7,sensor_11_rolling_mean,-5.191,5.191,decreased predicted RUL
FD001,62,59.614,8,sensor_13,5.0592,5.0592,increased predicted RUL
FD001,62,59.614,9,sensor_6,-4.2108,4.2108,decreased predicted RUL
FD001,62,59.614,10,sensor_12,3.548,3.548,increased predicted RUL
FD001,63,71.9217,1,cycle,-35.713,35.713,decreased predicted RUL
FD001,63,71.9217,2,sensor_11,-18.6104,18.6104,decreased predicted RUL
FD001,63,71.9217,3,sensor_13,-7.391,7.391,decreased predicted RUL
FD001,63,71.9217,4,sensor_15,7.3001,7.3001,increased predicted RUL
FD001,63,71.9217,5,sensor_4,-6.3642,6.3642,decreased predicted RUL
FD001,63,71.9217,6,sensor_11_rolling_mean,-6.2158,6.2158,decreased predicted RUL
FD001,63,71.9217,7,sensor_13_rolling_mean,-6.0116,6.0116,decreased predicted RUL
FD001,63,71.9217,8,sensor_12,5.8081,5.8081,increased predicted RUL
FD001,63,71.9217,9,sensor_2,-5.0632,5.0632,decreased predicted RUL
FD001,63,71.9217,10,sensor_6_rolling_std,4.105,4.105,increased predicted RUL
FD001,64,41.5082,1,cycle,-35.9007,35.9007,decreased predicted RUL
FD001,64,41.5082,2,sensor_11,-24.641,24.641,decreased predicted RUL
FD001,64,41.5082,3,sensor_4,-12.9007,12.9007,decreased predicted RUL
FD001,64,41.5082,4,sensor_15,8.2103,8.2103,increased predicted RUL
FD001,64,41.5082,5,sensor_11_rolling_mean,-7.3165,7.3165,decreased predicted RUL
FD001,64,41.5082,6,sensor_13_rolling_mean,-6.5082,6.5082,decreased predicted RUL
FD001,64,41.5082,7,sensor_2,-4.4283,4.4283,decreased predicted RUL
FD001,64,41.5082,8,sensor_6_rolling_std,3.9462,3.9462,increased predicted RUL
FD001,64,41.5082,9,sensor_12,3.4018,3.4018,increased predicted RUL
FD001,64,41.5082,10,sensor_3,-3.3416,3.3416,decreased predicted RUL
FD001,65,174.3108,1,sensor_15,22.675,22.675,increased predicted RUL
FD001,65,174.3108,2,cycle,17.3096,17.3096,increased predicted RUL
FD001,65,174.3108,3,sensor_12,7.4624,7.4624,increased predicted RUL
FD001,65,174.3108,4,sensor_15_rolling_mean,5.9427,5.9427,increased predicted RUL
FD001,65,174.3108,5,sensor_13,5.4505,5.4505,increased predicted RUL
FD001,65,174.3108,6,sensor_14,-5.2063,5.2063,decreased predicted RUL
FD001,65,174.3108,7,sensor_4,-4.5832,4.5832,decreased predicted RUL
FD001,65,174.3108,8,sensor_20,4.4996,4.4996,increased predicted RUL
FD001,65,174.3108,9,sensor_7,3.9218,3.9218,increased predicted RUL
FD001,65,174.3108,10,sensor_6_rolling_mean,-2.9902,2.9902,decreased predicted RUL
FD001,66,13.3389,1,cycle,-39.4331,39.4331,decreased predicted RUL
FD001,66,13.3389,2,sensor_11,-29.3116,29.3116,decreased predicted RUL
FD001,66,13.3389,3,sensor_9,-15.0219,15.0219,decreased predicted RUL
FD001,66,13.3389,4,sensor_4,-12.9239,12.9239,decreased predicted RUL
FD001,66,13.3389,5,sensor_14,-8.8176,8.8176,decreased predicted RUL
FD001,66,13.3389,6,sensor_15,5.9685,5.9685,increased predicted RUL
FD001,66,13.3389,7,sensor_11_rolling_mean,-5.7354,5.7354,decreased predicted RUL
FD001,66,13.3389,8,sensor_2,-4.3256,4.3256,decreased predicted RUL
FD001,66,13.3389,9,sensor_6,-3.5527,3.5527,decreased predicted RUL
FD001,66,13.3389,10,sensor_3,-3.5513,3.5513,decreased predicted RUL
FD001,67,137.2289,1,sensor_15,16.2386,16.2386,increased predicted RUL
FD001,67,137.2289,2,cycle,14.4439,14.4439,increased predicted RUL
FD001,67,137.2289,3,sensor_6,-7.7759,7.7759,decreased predicted RUL
FD001,67,137.2289,4,sensor_11_rolling_mean,-7.3392,7.3392,decreased predicted RUL
FD001,67,137.2289,5,sensor_4,-7.2524,7.2524,decreased predicted RUL
FD001,67,137.2289,6,sensor_6_rolling_std,-6.7002,6.7002,decreased predicted RUL
FD001,67,137.2289,7,sensor_6_rolling_mean,6.5153,6.5153,increased predicted RUL
FD001,67,137.2289,8,sensor_11,-5.7756,5.7756,decreased predicted RUL
FD001,67,137.2289,9,sensor_12,4.4606,4.4606,increased predicted RUL
FD001,67,137.2289,10,sensor_15_rolling_mean,3.9126,3.9126,increased predicted RUL
FD001,68,13.036,1,cycle,-39.3117,39.3117,decreased predicted RUL
FD001,68,13.036,2,sensor_11,-28.8948,28.8948,decreased predicted RUL
FD001,68,13.036,3,sensor_13,-14.9059,14.9059,decreased predicted RUL
FD001,68,13.036,4,sensor_4,-11.617,11.617,decreased predicted RUL
FD001,68,13.036,5,sensor_11_rolling_mean,-7.5141,7.5141,decreased predicted RUL
FD001,68,13.036,6,sensor_9,-6.0201,6.0201,decreased predicted RUL
FD001,68,13.036,7,sensor_13_rolling_mean,-5.3193,5.3193,decreased predicted RUL
FD001,68,13.036,8,sensor_15,4.553,4.553,increased predicted RUL
FD001,68,13.036,9,sensor_14,-4.1085,4.1085,decreased predicted RUL
FD001,68,13.036,10,sensor_2,-3.6655,3.6655,decreased predicted RUL
FD001,69,156.3052,1,cycle,37.3596,37.3596,increased predicted RUL
FD001,69,156.3052,2,sensor_6,-11.2,11.2,decreased predicted RUL
FD001,69,156.3052,3,sensor_15,9.6314,9.6314,increased predicted RUL
FD001,69,156.3052,4,sensor_11,-7.1338,7.1338,decreased predicted RUL
FD001,69,156.3052,5,sensor_13,-6.5845,6.5845,decreased predicted RUL
FD001,69,156.3052,6,sensor_4,-6.1773,6.1773,decreased predicted RUL
FD001,69,156.3052,7,sensor_12,5.6588,5.6588,increased predicted RUL
FD001,69,156.3052,8,sensor_11_rolling_mean,-5.1917,5.1917,decreased predicted RUL
FD001,69,156.3052,9,sensor_20,4.1061,4.1061,increased predicted RUL
FD001,69,156.3052,10,sensor_15_rolling_mean,3.9533,3.9533,increased predicted RUL
FD001,70,79.0613,1,cycle,-33.3498,33.3498,decreased predicted RUL
FD001,70,79.0613,2,sensor_11,-18.7266,18.7266,decreased predicted RUL
FD001,70,79.0613,3,sensor_15,11.9379,11.9379,increased predicted RUL
FD001,70,79.0613,4,sensor_4,-6.9841,6.9841,decreased predicted RUL
FD001,70,79.0613,5,sensor_11_rolling_mean,-5.4296,5.4296,decreased predicted RUL
FD001,70,79.0613,6,sensor_12,4.9206,4.9206,increased predicted RUL
FD001,70,79.0613,7,sensor_6_rolling_std,4.7851,4.7851,increased predicted RUL
FD001,70,79.0613,8,sensor_13_rolling_mean,-2.9069,2.9069,decreased predicted RUL
FD001,70,79.0613,9,sensor_15_rolling_mean,2.8057,2.8057,increased predicted RUL
FD001,70,79.0613,10,sensor_2,-2.6576,2.6576,decreased predicted RUL
FD001,71,140.3916,1,cycle,16.0367,16.0367,increased predicted RUL
FD001,71,140.3916,2,sensor_15,12.9909,12.9909,increased predicted RUL
FD001,71,140.3916,3,sensor_6,-7.9772,7.9772,decreased predicted RUL
FD001,71,140.3916,4,sensor_11,-7.5004,7.5004,decreased predicted RUL
FD001,71,140.3916,5,sensor_11_rolling_mean,-6.1636,6.1636,decreased predicted RUL
FD001,71,140.3916,6,sensor_12,6.0261,6.0261,increased predicted RUL
FD001,71,140.3916,7,sensor_4,-5.7626,5.7626,decreased predicted RUL
FD001,71,140.3916,8,sensor_15_rolling_mean,5.29,5.29,increased predicted RUL
FD001,71,140.3916,9,sensor_14_rolling_mean,-4.8662,4.8662,decreased predicted RUL
FD001,71,140.3916,10,sensor_9,-3.1495,3.1495,decreased predicted RUL
FD001,72,66.3474,1,cycle,-33.2148,33.2148,decreased predicted RUL
FD001,72,66.3474,2,sensor_11,-20.8498,20.8498,decreased predicted RUL
FD001,72,66.3474,3,sensor_15,10.5396,10.5396,increased predicted RUL
FD001,72,66.3474,4,sensor_4,-9.4906,9.4906,decreased predicted RUL
FD001,72,66.3474,5,sensor_9,-5.8118,5.8118,decreased predicted RUL
FD001,72,66.3474,6,sensor_11_rolling_mean,-5.4836,5.4836,decreased predicted RUL
FD001,72,66.3474,7,sensor_13,5.1209,5.1209,increased predicted RUL
FD001,72,66.3474,8,sensor_6,-4.4251,4.4251,decreased predicted RUL
FD001,72,66.3474,9,sensor_15_rolling_mean,4.3052,4.3052,increased predicted RUL
FD001,72,66.3474,10,sensor_12,3.9073,3.9073,increased predicted RUL
FD001,73,149.3195,1,cycle,-22.8655,22.8655,decreased predicted RUL
FD001,73,149.3195,2,sensor_15,22.5514,22.5514,increased predicted RUL
FD001,73,149.3195,3,sensor_13,11.5145,11.5145,increased predicted RUL
FD001,73,149.3195,4,sensor_11_rolling_mean,-6.5685,6.5685,decreased predicted RUL
FD001,73,149.3195,5,sensor_12,6.5259,6.5259,increased predicted RUL
FD001,73,149.3195,6,sensor_15_rolling_mean,4.9439,4.9439,increased predicted RUL
FD001,73,149.3195,7,sensor_6,-4.7682,4.7682,decreased predicted RUL
FD001,73,149.3195,8,sensor_6_rolling_std,3.8471,3.8471,increased predicted RUL
FD001,73,149.3195,9,sensor_7,3.4227,3.4227,increased predicted RUL
FD001,73,149.3195,10,sensor_4,-3.2546,3.2546,decreased predicted RUL
FD001,74,84.6436,1,cycle,-30.9823,30.9823,decreased predicted RUL
FD001,74,84.6436,2,sensor_11,-16.6545,16.6545,decreased predicted RUL
FD001,74,84.6436,3,sensor_15,14.3153,14.3153,increased predicted RUL
FD001,74,84.6436,4,sensor_4,-7.0712,7.0712,decreased predicted RUL
FD001,74,84.6436,5,sensor_13,6.7313,6.7313,increased predicted RUL
FD001,74,84.6436,6,sensor_11_rolling_mean,-5.4466,5.4466,decreased predicted RUL
FD001,74,84.6436,7,sensor_6,-4.7067,4.7067,decreased predicted RUL
FD001,74,84.6436,8,sensor_12,4.2286,4.2286,increased predicted RUL
FD001,74,84.6436,9,sensor_3,-3.5062,3.5062,decreased predicted RUL
FD001,74,84.6436,10,sensor_6_rolling_std,3.3969,3.3969,increased predicted RUL
FD001,75,101.5676,1,sensor_6_rolling_std,-17.461,17.461,decreased predicted RUL
FD001,75,101.5676,2,sensor_15,13.7478,13.7478,increased predicted RUL
FD001,75,101.5676,3,sensor_11,-11.683,11.683,decreased predicted RUL
FD001,75,101.5676,4,sensor_6,-6.9492,6.9492,decreased predicted RUL
FD001,75,101.5676,5,cycle,-6.6712,6.6712,decreased predicted RUL
FD001,75,101.5676,6,sensor_11_rolling_mean,-5.612,5.612,decreased predicted RUL
FD001,75,101.5676,7,sensor_4,-5.0603,5.0603,decreased predicted RUL
FD001,75,101.5676,8,sensor_21,3.8849,3.8849,increased predicted RUL
FD001,75,101.5676,9,sensor_12,3.7634,3.7634,increased predicted RUL
FD001,75,101.5676,10,sensor_15_rolling_mean,3.6503,3.6503,increased predicted RUL
FD001,76,8.9959,1,cycle,-38.6159,38.6159,decreased predicted RUL
FD001,76,8.9959,2,sensor_11,-28.3314,28.3314,decreased predicted RUL
FD001,76,8.9959,3,sensor_4,-12.6877,12.6877,decreased predicted RUL
FD001,76,8.9959,4,sensor_9,-11.7017,11.7017,decreased predicted RUL
FD001,76,8.9959,5,sensor_14,-6.7818,6.7818,decreased predicted RUL
FD001,76,8.9959,6,sensor_11_rolling_mean,-6.5568,6.5568,decreased predicted RUL
FD001,76,8.9959,7,sensor_15,5.317,5.317,increased predicted RUL
FD001,76,8.9959,8,sensor_2,-3.9277,3.9277,decreased predicted RUL
FD001,76,8.9959,9,sensor_13,-3.915,3.915,decreased predicted RUL
FD001,76,8.9959,10,sensor_13_rolling_mean,-3.68,3.68,decreased predicted RUL
FD001,77,39.5623,1,cycle,-37.2797,37.2797,decreased predicted RUL
FD001,77,39.5623,2,sensor_11,-24.2461,24.2461,decreased predicted RUL
FD001,77,39.5623,3,sensor_13,-17.1522,17.1522,decreased predicted RUL
FD001,77,39.5623,4,sensor_4,-10.8513,10.8513,decreased predicted RUL
FD001,77,39.5623,5,sensor_13_rolling_mean,-6.4868,6.4868,decreased predicted RUL
FD001,77,39.5623,6,sensor_15,6.2587,6.2587,increased predicted RUL
FD001,77,39.5623,7,sensor_11_rolling_mean,-5.9825,5.9825,decreased predicted RUL
FD001,77,39.5623,8,sensor_6_rolling_std,4.0021,4.0021,increased predicted RUL
FD001,77,39.5623,9,sensor_2,-3.6346,3.6346,decreased predicted RUL
FD001,77,39.5623,10,sensor_15_rolling_mean,3.0762,3.0762,increased predicted RUL
FD001,78,182.1965,1,sensor_15,22.6205,22.6205,increased predicted RUL
FD001,78,182.1965,2,cycle,13.9428,13.9428,increased predicted RUL
FD001,78,182.1965,3,sensor_13,12.0225,12.0225,increased predicted RUL
FD001,78,182.1965,4,sensor_6,-9.1692,9.1692,decreased predicted RUL
FD001,78,182.1965,5,sensor_7,8.0726,8.0726,increased predicted RUL
FD001,78,182.1965,6,sensor_12,5.8294,5.8294,increased predicted RUL
FD001,78,182.1965,7,sensor_15_rolling_mean,5.1266,5.1266,increased predicted RUL
FD001,78,182.1965,8,sensor_7_rolling_mean,4.3875,4.3875,increased predicted RUL
FD001,78,182.1965,9,sensor_6_rolling_std,4.3269,4.3269,increased predicted RUL
FD001,78,182.1965,10,sensor_14,-4.1173,4.1173,decreased predicted RUL
FD001,79,117.1248,1,cycle,-17.0937,17.0937,decreased predicted RUL
FD001,79,117.1248,2,sensor_11,-14.7276,14.7276,decreased predicted RUL
FD001,79,117.1248,3,sensor_15,10.5972,10.5972,increased predicted RUL
FD001,79,117.1248,4,sensor_12,6.3886,6.3886,increased predicted RUL
FD001,79,117.1248,5,sensor_11_rolling_mean,-5.8637,5.8637,decreased predicted RUL
FD001,79,117.1248,6,sensor_6,-5.4657,5.4657,decreased predicted RUL
FD001,79,117.1248,7,sensor_4,-5.1006,5.1006,decreased predicted RUL
FD001,79,117.1248,8,sensor_15_rolling_mean,4.1142,4.1142,increased predicted RUL
FD001,79,117.1248,9,sensor_9,3.7989,3.7989,increased predicted RUL
FD001,79,117.1248,10,sensor_2,-3.5014,3.5014,decreased predicted RUL
FD001,80,69.0704,1,cycle,-31.7285,31.7285,decreased predicted RUL
FD001,80,69.0704,2,sensor_11,-18.6913,18.6913,decreased predicted RUL
FD001,80,69.0704,3,sensor_15,10.9355,10.9355,increased predicted RUL
FD001,80,69.0704,4,sensor_4,-7.3411,7.3411,decreased predicted RUL
FD001,80,69.0704,5,sensor_13,6.9322,6.9322,increased predicted RUL
FD001,80,69.0704,6,sensor_11_rolling_mean,-6.8873,6.8873,decreased predicted RUL
FD001,80,69.0704,7,sensor_9,-4.7011,4.7011,decreased predicted RUL
FD001,80,69.0704,8,sensor_6,-4.6599,4.6599,decreased predicted RUL
FD001,80,69.0704,9,sensor_12,4.3399,4.3399,increased predicted RUL
FD001,80,69.0704,10,sensor_3,-3.2782,3.2782,decreased predicted RUL
FD001,81,4.139,1,cycle,-39.0304,39.0304,decreased predicted RUL
FD001,81,4.139,2,sensor_11,-31.0683,31.0683,decreased predicted RUL
FD001,81,4.139,3,sensor_13,-18.585,18.585,decreased predicted RUL
FD001,81,4.139,4,sensor_4,-13.1928,13.1928,decreased predicted RUL
FD001,81,4.139,5,sensor_11_rolling_mean,-7.1917,7.1917,decreased predicted RUL
FD001,81,4.139,6,sensor_13_rolling_mean,-5.6904,5.6904,decreased predicted RUL
FD001,81,4.139,7,sensor_15,5.4311,5.4311,increased predicted RUL
FD001,81,4.139,8,sensor_9,-3.9251,3.9251,decreased predicted RUL
FD001,81,4.139,9,sensor_2,-3.7655,3.7655,decreased predicted RUL
FD001,81,4.139,10,sensor_3,-3.5722,3.5722,decreased predicted RUL
FD001,82,9.1042,1,cycle,-43.2448,43.2448,decreased predicted RUL
FD001,82,9.1042,2,sensor_11,-29.4951,29.4951,decreased predicted RUL
FD001,82,9.1042,3,sensor_13,-28.1175,28.1175,decreased predicted RUL
FD001,82,9.1042,4,sensor_4,-11.5473,11.5473,decreased predicted RUL
FD001,82,9.1042,5,sensor_11_rolling_mean,-7.6106,7.6106,decreased predicted RUL
FD001,82,9.1042,6,sensor_15,5.4837,5.4837,increased predicted RUL
FD001,82,9.1042,7,sensor_13_rolling_mean,-5.4264,5.4264,decreased predicted RUL
FD001,82,9.1042,8,sensor_2,-4.0616,4.0616,decreased predicted RUL
FD001,82,9.1042,9,sensor_6_rolling_std,3.6855,3.6855,increased predicted RUL
FD001,82,9.1042,10,sensor_3,-3.4534,3.4534,decreased predicted RUL
FD001,83,132.7256,1,sensor_15,13.8793,13.8793,increased predicted RUL
FD001,83,132.7256,2,sensor_6,-11.1258,11.1258,decreased predicted RUL
FD001,83,132.7256,3,cycle,8.6406,8.6406,increased predicted RUL
FD001,83,132.7256,4,sensor_4,-7.4009,7.4009,decreased predicted RUL
FD001,83,132.7256,5,sensor_11_rolling_mean,-7.2653,7.2653,decreased predicted RUL
FD001,83,132.7256,6,sensor_15_rolling_mean,6.067,6.067,increased predicted RUL
FD001,83,132.7256,7,sensor_12,4.9819,4.9819,increased predicted RUL
FD001,83,132.7256,8,sensor_11,-4.114,4.114,decreased predicted RUL
FD001,83,132.7256,9,sensor_2,-3.1662,3.1662,decreased predicted RUL
FD001,83,132.7256,10,sensor_11_diff,-3.1064,3.1064,decreased predicted RUL
FD001,84,61.7657,1,cycle,-36.046,36.046,decreased predicted RUL
FD001,84,61.7657,2,sensor_13,-14.9482,14.9482,decreased predicted RUL
FD001,84,61.7657,3,sensor_11,-12.791,12.791,decreased predicted RUL
FD001,84,61.7657,4,sensor_4,-8.0223,8.0223,decreased predicted RUL
FD001,84,61.7657,5,sensor_15,6.6703,6.6703,increased predicted RUL
FD001,84,61.7657,6,sensor_11_rolling_mean,-5.4601,5.4601,decreased predicted RUL
FD001,84,61.7657,7,sensor_13_rolling_mean,-5.2462,5.2462,decreased predicted RUL
FD001,84,61.7657,8,sensor_12,4.9763,4.9763,increased predicted RUL
FD001,84,61.7657,9,sensor_2,-4.5679,4.5679,decreased predicted RUL
FD001,84,61.7657,10,sensor_6_rolling_std,4.0503,4.0503,increased predicted RUL
FD001,85,175.2963,1,cycle,55.9066,55.9066,increased predicted RUL
FD001,85,175.2963,2,sensor_6,-15.6048,15.6048,decreased predicted RUL
FD001,85,175.2963,3,sensor_11,-12.2674,12.2674,decreased predicted RUL
FD001,85,175.2963,4,sensor_15,11.4558,11.4558,increased predicted RUL
FD001,85,175.2963,5,sensor_4,-7.2281,7.2281,decreased predicted RUL
FD001,85,175.2963,6,sensor_11_rolling_mean,-6.1771,6.1771,decreased predicted RUL
FD001,85,175.2963,7,sensor_9,5.0973,5.0973,increased predicted RUL
FD001,85,175.2963,8,sensor_12,4.1887,4.1887,increased predicted RUL
FD001,85,175.2963,9,sensor_15_rolling_mean,3.9751,3.9751,increased predicted RUL
FD001,85,175.2963,10,sensor_7,3.3069,3.3069,increased predicted RUL
FD001,86,83.986,1,cycle,-24.8918,24.8918,decreased predicted RUL
FD001,86,83.986,2,sensor_11,-15.6081,15.6081,decreased predicted RUL
FD001,86,83.986,3,sensor_15,10.0422,10.0422,increased predicted RUL
FD001,86,83.986,4,sensor_11_rolling_mean,-6.2746,6.2746,decreased predicted RUL
FD001,86,83.986,5,sensor_12,5.7359,5.7359,increased predicted RUL
FD001,86,83.986,6,sensor_9,-5.3309,5.3309,decreased predicted RUL
FD001,86,83.986,7,sensor_4,-4.3483,4.3483,decreased predicted RUL
FD001,86,83.986,8,sensor_6,-4.3483,4.3483,decreased predicted RUL
FD001,86,83.986,9,sensor_14,-3.8492,3.8492,decreased predicted RUL
FD001,86,83.986,10,sensor_15_rolling_mean,3.8192,3.8192,increased predicted RUL
FD001,87,151.925,1,cycle,25.4266,25.4266,increased predicted RUL
FD001,87,151.925,2,sensor_15,13.4797,13.4797,increased predicted RUL
FD001,87,151.925,3,sensor_6,-12.6422,12.6422,decreased predicted RUL
FD001,87,151.925,4,sensor_11,-8.7612,8.7612,decreased predicted RUL
FD001,87,151.925,5,sensor_6_rolling_mean,8.6722,8.6722,increased predicted RUL
FD001,87,151.925,6,sensor_11_rolling_mean,-6.9254,6.9254,decreased predicted RUL
FD001,87,151.925,7,sensor_12,5.2119,5.2119,increased predicted RUL
FD001,87,151.925,8,sensor_15_rolling_mean,5.0255,5.0255,increased predicted RUL
FD001,87,151.925,9,sensor_14_rolling_mean,-4.7869,4.7869,decreased predicted RUL
FD001,87,151.925,10,sensor_13,4.5051,4.5051,increased predicted RUL
FD001,88,118.5614,1,cycle,19.8834,19.8834,increased predicted RUL
FD001,88,118.5614,2,sensor_15,12.6489,12.6489,increased predicted RUL
FD001,88,118.5614,3,sensor_11,-11.1511,11.1511,decreased predicted RUL
FD001,88,118.5614,4,sensor_6,-10.0349,10.0349,decreased predicted RUL
FD001,88,118.5614,5,sensor_13,-9.3102,9.3102,decreased predicted RUL
FD001,88,118.5614,6,sensor_4,-6.6845,6.6845,decreased predicted RUL
FD001,88,118.5614,7,sensor_11_rolling_mean,-5.67,5.67,decreased predicted RUL
FD001,88,118.5614,8,sensor_12,5.3048,5.3048,increased predicted RUL
FD001,88,118.5614,9,sensor_21,4.5909,4.5909,increased predicted RUL
FD001,88,118.5614,10,sensor_11_diff,-4.1589,4.1589,decreased predicted RUL
FD001,89,97.7534,1,cycle,-30.4668,30.4668,decreased predicted RUL
FD001,89,97.7534,2,sensor_15,15.1347,15.1347,increased predicted RUL
FD001,89,97.7534,3,sensor_4,-8.7622,8.7622,decreased predicted RUL
FD001,89,97.7534,4,sensor_11,-6.7538,6.7538,decreased predicted RUL
FD001,89,97.7534,5,sensor_11_rolling_mean,-5.6505,5.6505,decreased predicted RUL
FD001,89,97.7534,6,sensor_12,4.7691,4.7691,increased predicted RUL
FD001,89,97.7534,7,sensor_15_rolling_mean,4.0802,4.0802,increased predicted RUL
FD001,89,97.7534,8,sensor_2,-4.028,4.028,decreased predicted RUL
FD001,89,97.7534,9,sensor_6_rolling_std,3.6722,3.6722,increased predicted RUL
FD001,89,97.7534,10,sensor_6,-3.051,3.051,decreased predicted RUL
FD001,90,29.0207,1,cycle,-37.7314,37.7314,decreased predicted RUL
FD001,90,29.0207,2,sensor_11,-28.9874,28.9874,decreased predicted RUL
FD001,90,29.0207,3,sensor_4,-12.0857,12.0857,decreased predicted RUL
FD001,90,29.0207,4,sensor_9,-10.0305,10.0305,decreased predicted RUL
FD001,90,29.0207,5,sensor_15,9.021,9.021,increased predicted RUL
FD001,90,29.0207,6,sensor_11_rolling_mean,-6.7849,6.7849,decreased predicted RUL
FD001,90,29.0207,7,sensor_14,-6.1012,6.1012,decreased predicted RUL
FD001,90,29.0207,8,sensor_13,4.7637,4.7637,increased predicted RUL
FD001,90,29.0207,9,sensor_6,-4.734,4.734,decreased predicted RUL
FD001,90,29.0207,10,sensor_2,-3.3572,3.3572,decreased predicted RUL
FD001,91,27.6294,1,cycle,-35.9361,35.9361,decreased predicted RUL
FD001,91,27.6294,2,sensor_11,-28.9267,28.9267,decreased predicted RUL
FD001,91,27.6294,3,sensor_13,-18.5398,18.5398,decreased predicted RUL
FD001,91,27.6294,4,sensor_4,-10.6377,10.6377,decreased predicted RUL
FD001,91,27.6294,5,sensor_11_rolling_mean,-7.6269,7.6269,decreased predicted RUL
FD001,91,27.6294,6,sensor_13_rolling_mean,-6.0476,6.0476,decreased predicted RUL
FD001,91,27.6294,7,sensor_15,5.5133,5.5133,increased predicted RUL
FD001,91,27.6294,8,sensor_12,4.9642,4.9642,increased predicted RUL
FD001,91,27.6294,9,sensor_2,-4.0496,4.0496,decreased predicted RUL
FD001,91,27.6294,10,sensor_3,-3.0686,3.0686,decreased predicted RUL
FD001,92,23.4552,1,cycle,-37.8641,37.8641,decreased predicted RUL
FD001,92,23.4552,2,sensor_11,-28.2235,28.2235,decreased predicted RUL
FD001,92,23.4552,3,sensor_13,-15.4073,15.4073,decreased predicted RUL
FD001,92,23.4552,4,sensor_11_rolling_mean,-8.5432,8.5432,decreased predicted RUL
FD001,92,23.4552,5,sensor_4,-7.5986,7.5986,decreased predicted RUL
FD001,92,23.4552,6,sensor_13_rolling_mean,-6.3433,6.3433,decreased predicted RUL
FD001,92,23.4552,7,sensor_15,6.1537,6.1537,increased predicted RUL
FD001,92,23.4552,8,sensor_2,-4.2983,4.2983,decreased predicted RUL
FD001,92,23.4552,9,sensor_3,-4.1288,4.1288,decreased predicted RUL
FD001,92,23.4552,10,sensor_6_rolling_std,3.9119,3.9119,increased predicted RUL
FD001,93,51.5122,1,cycle,-29.3418,29.3418,decreased predicted RUL
FD001,93,51.5122,2,sensor_11,-20.7055,20.7055,decreased predicted RUL
FD001,93,51.5122,3,sensor_4,-10.9933,10.9933,decreased predicted RUL
FD001,93,51.5122,4,sensor_15,7.0613,7.0613,increased predicted RUL
FD001,93,51.5122,5,sensor_11_rolling_mean,-6.1639,6.1639,decreased predicted RUL
FD001,93,51.5122,6,sensor_9,-4.7525,4.7525,decreased predicted RUL
FD001,93,51.5122,7,sensor_14,-4.5014,4.5014,decreased predicted RUL
FD001,93,51.5122,8,sensor_2,-3.978,3.978,decreased predicted RUL
FD001,93,51.5122,9,sensor_6_rolling_std,3.6017,3.6017,increased predicted RUL
FD001,93,51.5122,10,sensor_7,3.0676,3.0676,increased predicted RUL
FD001,94,55.4884,1,cycle,-34.0484,34.0484,decreased predicted RUL
FD001,94,55.4884,2,sensor_11,-27.7873,27.7873,decreased predicted RUL
FD001,94,55.4884,3,sensor_4,-13.5599,13.5599,decreased predicted RUL
FD001,94,55.4884,4,sensor_11_rolling_mean,-8.5062,8.5062,decreased predicted RUL
FD001,94,55.4884,5,sensor_15,6.5858,6.5858,increased predicted RUL
FD001,94,55.4884,6,sensor_2,-4.1044,4.1044,decreased predicted RUL
FD001,94,55.4884,7,sensor_6_rolling_std,3.0543,3.0543,increased predicted RUL
FD001,94,55.4884,8,sensor_12,2.8716,2.8716,increased predicted RUL
FD001,94,55.4884,9,sensor_7,2.8174,2.8174,increased predicted RUL
FD001,94,55.4884,10,sensor_13_rolling_mean,-2.7029,2.7029,decreased predicted RUL
FD001,95,120.902,1,sensor_11,-14.233,14.233,decreased predicted RUL
FD001,95,120.902,2,sensor_15,13.8434,13.8434,increased predicted RUL
FD001,95,120.902,3,sensor_12,6.8963,6.8963,increased predicted RUL
FD001,95,120.902,4,cycle,-6.4775,6.4775,decreased predicted RUL
FD001,95,120.902,5,sensor_11_rolling_mean,-6.1042,6.1042,decreased predicted RUL
FD001,95,120.902,6,sensor_6,-5.0082,5.0082,decreased predicted RUL
FD001,95,120.902,7,sensor_4,-3.4995,3.4995,decreased predicted RUL
FD001,95,120.902,8,sensor_15_rolling_mean,3.3049,3.3049,increased predicted RUL
FD001,95,120.902,9,sensor_21,3.2679,3.2679,increased predicted RUL
FD001,95,120.902,10,sensor_13_rolling_std,3.0283,3.0283,increased predicted RUL
FD001,96,104.5466,1,sensor_6_rolling_std,-22.3114,22.3114,decreased predicted RUL
FD001,96,104.5466,2,sensor_15,21.64,21.64,increased predicted RUL
FD001,96,104.5466,3,cycle,-16.6382,16.6382,decreased predicted RUL
FD001,96,104.5466,4,sensor_13,12.4117,12.4117,increased predicted RUL
FD001,96,104.5466,5,sensor_14,-5.9721,5.9721,decreased predicted RUL
FD001,96,104.5466,6,sensor_12,5.6813,5.6813,increased predicted RUL
FD001,96,104.5466,7,sensor_6,-5.6339,5.6339,decreased predicted RUL
FD001,96,104.5466,8,sensor_15_rolling_mean,5.3955,5.3955,increased predicted RUL
FD001,96,104.5466,9,sensor_11_rolling_mean,-5.3524,5.3524,decreased predicted RUL
FD001,96,104.5466,10,sensor_3,-4.5567,4.5567,decreased predicted RUL
FD001,97,85.5857,1,cycle,-32.5769,32.5769,decreased predicted RUL
FD001,97,85.5857,2,sensor_15,14.2092,14.2092,increased predicted RUL
FD001,97,85.5857,3,sensor_4,-8.8212,8.8212,decreased predicted RUL
FD001,97,85.5857,4,sensor_14,-8.4863,8.4863,decreased predicted RUL
FD001,97,85.5857,5,sensor_11,-7.7875,7.7875,decreased predicted RUL
FD001,97,85.5857,6,sensor_13,7.0592,7.0592,increased predicted RUL
FD001,97,85.5857,7,sensor_9,-6.5051,6.5051,decreased predicted RUL
FD001,97,85.5857,8,sensor_15_rolling_mean,5.1878,5.1878,increased predicted RUL
FD001,97,85.5857,9,sensor_11_rolling_mean,-5.1405,5.1405,decreased predicted RUL
FD001,97,85.5857,10,sensor_12,5.0882,5.0882,increased predicted RUL
FD001,98,70.6889,1,cycle,-29.78,29.78,decreased predicted RUL
FD001,98,70.6889,2,sensor_11,-21.1448,21.1448,decreased predicted RUL
FD001,98,70.6889,3,sensor_15,12.3041,12.3041,increased predicted RUL
FD001,98,70.6889,4,sensor_4,-11.3584,11.3584,decreased predicted RUL
FD001,98,70.6889,5,sensor_13,6.1004,6.1004,increased predicted RUL
FD001,98,70.6889,6,sensor_11_rolling_mean,-5.7266,5.7266,decreased predicted RUL
FD001,98,70.6889,7,sensor_6,-5.4077,5.4077,decreased predicted RUL
FD001,98,70.6889,8,sensor_12,4.1757,4.1757,increased predicted RUL
FD001,98,70.6889,9,sensor_21,3.6778,3.6778,increased predicted RUL
FD001,98,70.6889,10,sensor_2,-2.9942,2.9942,decreased predicted RUL
FD001,99,133.2466,1,sensor_15,22.213,22.213,increased predicted RUL
FD001,99,133.2466,2,cycle,-15.4311,15.4311,decreased predicted RUL
FD001,99,133.2466,3,sensor_13,10.5384,10.5384,increased predicted RUL
FD001,99,133.2466,4,sensor_6,-6.8158,6.8158,decreased predicted RUL
FD001,99,133.2466,5,sensor_14,-6.7769,6.7769,decreased predicted RUL
FD001,99,133.2466,6,sensor_15_rolling_mean,5.4233,5.4233,increased predicted RUL
FD001,99,133.2466,7,sensor_7,4.5948,4.5948,increased predicted RUL
FD001,99,133.2466,8,sensor_9,-4.5426,4.5426,decreased predicted RUL
FD001,99,133.2466,9,sensor_11,-4.4573,4.4573,decreased predicted RUL
FD001,99,133.2466,10,sensor_12,3.8068,3.8068,increased predicted RUL
FD001,100,20.1452,1,cycle,-36.27,36.27,decreased predicted RUL
FD001,100,20.1452,2,sensor_11,-27.46,27.46,decreased predicted RUL
FD001,100,20.1452,3,sensor_9,-18.3323,18.3323,decreased predicted RUL
FD001,100,20.1452,4,sensor_4,-12.9487,12.9487,decreased predicted RUL
FD001,100,20.1452,5,sensor_14,-11.2932,11.2932,decreased predicted RUL
FD001,100,20.1452,6,sensor_11_rolling_mean,-6.9577,6.9577,decreased predicted RUL
FD001,100,20.1452,7,sensor_15,5.8994,5.8994,increased predicted RUL
FD001,100,20.1452,8,sensor_6,-5.7499,5.7499,decreased predicted RUL
FD001,100,20.1452,9,sensor_13,5.1141,5.1141,increased predicted RUL
FD001,100,20.1452,10,sensor_12,3.3979,3.3979,increased predicted RUL
FD002,1,11.5204,1,cycle,-37.7243,37.7243,decreased predicted RUL
FD002,1,11.5204,2,sensor_13,-36.9182,36.9182,decreased predicted RUL
FD002,1,11.5204,3,sensor_11,-10.1813,10.1813,decreased predicted RUL
FD002,1,11.5204,4,sensor_14,-9.8003,9.8003,decreased predicted RUL
FD002,1,11.5204,5,sensor_4,-7.6598,7.6598,decreased predicted RUL
FD002,1,11.5204,6,sensor_15_rolling_mean,-2.8721,2.8721,decreased predicted RUL
FD002,1,11.5204,7,sensor_15_diff,-2.7314,2.7314,decreased predicted RUL
FD002,1,11.5204,8,sensor_15,2.2849,2.2849,increased predicted RUL
FD002,1,11.5204,9,sensor_6_rolling_mean,-1.6867,1.6867,decreased predicted RUL
FD002,1,11.5204,10,sensor_6,-1.6182,1.6182,decreased predicted RUL
FD002,2,133.2011,1,cycle,31.3546,31.3546,increased predicted RUL
FD002,2,133.2011,2,sensor_15,13.7106,13.7106,increased predicted RUL
FD002,2,133.2011,3,sensor_11,-13.6649,13.6649,decreased predicted RUL
FD002,2,133.2011,4,sensor_6,-12.0829,12.0829,decreased predicted RUL
FD002,2,133.2011,5,sensor_4,-9.1074,9.1074,decreased predicted RUL
FD002,2,133.2011,6,sensor_15_diff,-6.0799,6.0799,decreased predicted RUL
FD002,2,133.2011,7,sensor_12,3.2555,3.2555,increased predicted RUL
FD002,2,133.2011,8,sensor_2,-3.1775,3.1775,decreased predicted RUL
FD002,2,133.2011,9,sensor_21,2.9896,2.9896,increased predicted RUL
FD002,2,133.2011,10,sensor_8,-2.8241,2.8241,decreased predicted RUL
FD002,3,95.7626,1,cycle,-29.9049,29.9049,decreased predicted RUL
FD002,3,95.7626,2,sensor_15_rolling_mean,-13.143,13.143,decreased predicted RUL
FD002,3,95.7626,3,sensor_11,7.9478,7.9478,increased predicted RUL
FD002,3,95.7626,4,sensor_4_rolling_mean,6.231,6.231,increased predicted RUL
FD002,3,95.7626,5,sensor_6,-5.916,5.916,decreased predicted RUL
FD002,3,95.7626,6,sensor_15,3.5485,3.5485,increased predicted RUL
FD002,3,95.7626,7,sensor_6_rolling_mean,-3.307,3.307,decreased predicted RUL
FD002,3,95.7626,8,sensor_13,3.2451,3.2451,increased predicted RUL
FD002,3,95.7626,9,sensor_13_rolling_mean,3.0857,3.0857,increased predicted RUL
FD002,3,95.7626,10,sensor_12,-3.0248,3.0248,decreased predicted RUL
FD002,4,92.4294,1,sensor_15_diff,-6.4393,6.4393,decreased predicted RUL
FD002,4,92.4294,2,sensor_13,-6.2562,6.2562,decreased predicted RUL
FD002,4,92.4294,3,sensor_11,-5.1507,5.1507,decreased predicted RUL
FD002,4,92.4294,4,sensor_15_rolling_mean,-5.1434,5.1434,decreased predicted RUL
FD002,4,92.4294,5,sensor_4,-4.9516,4.9516,decreased predicted RUL
FD002,4,92.4294,6,sensor_2,-3.7712,3.7712,decreased predicted RUL
FD002,4,92.4294,7,sensor_12,-2.7209,2.7209,decreased predicted RUL
FD002,4,92.4294,8,sensor_13_diff,2.3023,2.3023,increased predicted RUL
FD002,4,92.4294,9,sensor_6,-2.2714,2.2714,decreased predicted RUL
FD002,4,92.4294,10,sensor_7,-2.0919,2.0919,decreased predicted RUL
FD002,5,11.1422,1,cycle,-42.985,42.985,decreased predicted RUL
FD002,5,11.1422,2,sensor_13,-27.0007,27.0007,decreased predicted RUL
FD002,5,11.1422,3,sensor_15,-15.6728,15.6728,decreased predicted RUL
FD002,5,11.1422,4,sensor_6,-8.7867,8.7867,decreased predicted RUL
FD002,5,11.1422,5,sensor_21,-6.6373,6.6373,decreased predicted RUL
FD002,5,11.1422,6,sensor_15_rolling_mean,-6.0585,6.0585,decreased predicted RUL
FD002,5,11.1422,7,sensor_15_diff,-5.1669,5.1669,decreased predicted RUL
FD002,5,11.1422,8,sensor_4_diff,3.3089,3.3089,increased predicted RUL
FD002,5,11.1422,9,sensor_12,-3.2482,3.2482,decreased predicted RUL
FD002,5,11.1422,10,sensor_4,-3.2361,3.2361,decreased predicted RUL
FD002,6,158.5401,1,cycle,18.7784,18.7784,increased predicted RUL
FD002,6,158.5401,2,sensor_11,9.169,9.169,increased predicted RUL
FD002,6,158.5401,3,sensor_13,8.8961,8.8961,increased predicted RUL
FD002,6,158.5401,4,sensor_15_diff,-6.664,6.664,decreased predicted RUL
FD002,6,158.5401,5,sensor_4,5.2283,5.2283,increased predicted RUL
FD002,6,158.5401,6,sensor_15,4.9746,4.9746,increased predicted RUL
FD002,6,158.5401,7,sensor_12,-4.971,4.971,decreased predicted RUL
FD002,6,158.5401,8,sensor_15_rolling_mean,-3.7846,3.7846,decreased predicted RUL
FD002,6,158.5401,9,sensor_3,3.235,3.235,increased predicted RUL
FD002,6,158.5401,10,sensor_7,-2.9801,2.9801,decreased predicted RUL
FD002,7,23.3651,1,sensor_15,-48.5123,48.5123,decreased predicted RUL
FD002,7,23.3651,2,cycle,-35.93,35.93,decreased predicted RUL
FD002,7,23.3651,3,sensor_13,15.3392,15.3392,increased predicted RUL
FD002,7,23.3651,4,sensor_11,-9.7348,9.7348,decreased predicted RUL
FD002,7,23.3651,5,sensor_6,-7.732,7.732,decreased predicted RUL
FD002,7,23.3651,6,sensor_21,-7.491,7.491,decreased predicted RUL
FD002,7,23.3651,7,sensor_15_rolling_mean,-5.7867,5.7867,decreased predicted RUL
FD002,7,23.3651,8,sensor_20,-4.3975,4.3975,decreased predicted RUL
FD002,7,23.3651,9,sensor_9,4.1316,4.1316,increased predicted RUL
FD002,7,23.3651,10,sensor_6_rolling_mean,-3.8243,3.8243,decreased predicted RUL
FD002,8,60.9808,1,cycle,-36.1039,36.1039,decreased predicted RUL
FD002,8,60.9808,2,sensor_11,-24.6256,24.6256,decreased predicted RUL
FD002,8,60.9808,3,sensor_15,7.6079,7.6079,increased predicted RUL
FD002,8,60.9808,4,sensor_4,-7.5391,7.5391,decreased predicted RUL
FD002,8,60.9808,5,sensor_11_rolling_mean,-5.1149,5.1149,decreased predicted RUL
FD002,8,60.9808,6,sensor_9,-4.6086,4.6086,decreased predicted RUL
FD002,8,60.9808,7,sensor_2,-4.3512,4.3512,decreased predicted RUL
FD002,8,60.9808,8,sensor_12,3.1452,3.1452,increased predicted RUL
FD002,8,60.9808,9,sensor_17,-3.0436,3.0436,decreased predicted RUL
FD002,8,60.9808,10,sensor_20_rolling_std,2.9067,2.9067,increased predicted RUL
FD002,9,10.8901,1,cycle,-44.929,44.929,decreased predicted RUL
FD002,9,10.8901,2,sensor_11,-28.3933,28.3933,decreased predicted RUL
FD002,9,10.8901,3,sensor_13,-12.7411,12.7411,decreased predicted RUL
FD002,9,10.8901,4,sensor_4,-11.3489,11.3489,decreased predicted RUL
FD002,9,10.8901,5,sensor_9,-8.0328,8.0328,decreased predicted RUL
FD002,9,10.8901,6,sensor_14,-6.4402,6.4402,decreased predicted RUL
FD002,9,10.8901,7,sensor_15,6.06,6.06,increased predicted RUL
FD002,9,10.8901,8,sensor_15_diff,-4.6398,4.6398,decreased predicted RUL
FD002,9,10.8901,9,sensor_13_rolling_mean,-3.6145,3.6145,decreased predicted RUL
FD002,9,10.8901,10,sensor_2,-3.5647,3.5647,decreased predicted RUL
FD002,10,106.0603,1,sensor_13,-11.6528,11.6528,decreased predicted RUL
FD002,10,106.0603,2,cycle,6.6168,6.6168,increased predicted RUL
FD002,10,106.0603,3,sensor_15_diff,-5.7916,5.7916,decreased predicted RUL
FD002,10,106.0603,4,sensor_7,-3.9218,3.9218,decreased predicted RUL
FD002,10,106.0603,5,sensor_15_rolling_mean,-3.7856,3.7856,decreased predicted RUL
FD002,10,106.0603,6,sensor_11,-2.9924,2.9924,decreased predicted RUL
FD002,10,106.0603,7,sensor_4,-2.629,2.629,decreased predicted RUL
FD002,10,106.0603,8,sensor_13_diff,2.6183,2.6183,increased predicted RUL
FD002,10,106.0603,9,sensor_14,2.2919,2.2919,increased predicted RUL
FD002,10,106.0603,10,sensor_15,-2.1852,2.1852,decreased predicted RUL
FD002,11,12.5378,1,cycle,-41.4244,41.4244,decreased predicted RUL
FD002,11,12.5378,2,sensor_11,-31.4025,31.4025,decreased predicted RUL
FD002,11,12.5378,3,sensor_13,-24.0941,24.0941,decreased predicted RUL
FD002,11,12.5378,4,sensor_4,-12.9923,12.9923,decreased predicted RUL
FD002,11,12.5378,5,sensor_15,5.8351,5.8351,increased predicted RUL
FD002,11,12.5378,6,sensor_2,-5.0044,5.0044,decreased predicted RUL
FD002,11,12.5378,7,sensor_17,-3.3519,3.3519,decreased predicted RUL
FD002,11,12.5378,8,sensor_3,-3.2102,3.2102,decreased predicted RUL
FD002,11,12.5378,9,sensor_8,-3.0776,3.0776,decreased predicted RUL
FD002,11,12.5378,10,sensor_13_diff,-3.0369,3.0369,decreased predicted RUL
FD002,12,127.1777,1,sensor_11,-15.569,15.569,decreased predicted RUL
FD002,12,127.1777,2,sensor_15,15.2642,15.2642,increased predicted RUL
FD002,12,127.1777,3,cycle,11.8998,11.8998,increased predicted RUL
FD002,12,127.1777,4,sensor_6,-11.3003,11.3003,decreased predicted RUL
FD002,12,127.1777,5,sensor_4,-7.9655,7.9655,decreased predicted RUL
FD002,12,127.1777,6,sensor_15_diff,-5.9989,5.9989,decreased predicted RUL
FD002,12,127.1777,7,sensor_21,5.3697,5.3697,increased predicted RUL
FD002,12,127.1777,8,sensor_13,4.1835,4.1835,increased predicted RUL
FD002,12,127.1777,9,sensor_12,4.1394,4.1394,increased predicted RUL
FD002,12,127.1777,10,sensor_11_rolling_mean,-3.5753,3.5753,decreased predicted RUL
FD002,13,55.6487,1,sensor_15,-40.1892,40.1892,decreased predicted RUL
FD002,13,55.6487,2,cycle,-34.9093,34.9093,decreased predicted RUL
FD002,13,55.6487,3,sensor_13,11.8142,11.8142,increased predicted RUL
FD002,13,55.6487,4,sensor_4_diff,-6.2972,6.2972,decreased predicted RUL
FD002,13,55.6487,5,sensor_15_diff,5.6181,5.6181,increased predicted RUL
FD002,13,55.6487,6,sensor_21,-5.1104,5.1104,decreased predicted RUL
FD002,13,55.6487,7,sensor_9,4.9584,4.9584,increased predicted RUL
FD002,13,55.6487,8,sensor_11_diff,-4.7864,4.7864,decreased predicted RUL
FD002,13,55.6487,9,sensor_15_rolling_mean,-4.6602,4.6602,decreased predicted RUL
FD002,13,55.6487,10,sensor_6,-4.6108,4.6108,decreased predicted RUL
FD002,14,11.366,1,cycle,-39.9951,39.9951,decreased predicted RUL
FD002,14,11.366,2,sensor_13,-27.1393,27.1393,decreased predicted RUL
FD002,14,11.366,3,sensor_11,-9.5133,9.5133,decreased predicted RUL
FD002,14,11.366,4,sensor_15,-6.8134,6.8134,decreased predicted RUL
FD002,14,11.366,5,sensor_4,-6.1144,6.1144,decreased predicted RUL
FD002,14,11.366,6,sensor_6,-3.9412,3.9412,decreased predicted RUL
FD002,14,11.366,7,sensor_12,-3.8105,3.8105,decreased predicted RUL
FD002,14,11.366,8,sensor_13_rolling_mean,-3.7209,3.7209,decreased predicted RUL
FD002,14,11.366,9,sensor_7,-3.3735,3.3735,decreased predicted RUL
FD002,14,11.366,10,sensor_21,-3.2913,3.2913,decreased predicted RUL
FD002,15,46.2111,1,cycle,-37.6863,37.6863,decreased predicted RUL
FD002,15,46.2111,2,sensor_13,-34.3694,34.3694,decreased predicted RUL
FD002,15,46.2111,3,sensor_11,-6.2187,6.2187,decreased predicted RUL
FD002,15,46.2111,4,sensor_4,-4.9081,4.9081,decreased predicted RUL
FD002,15,46.2111,5,sensor_15,4.3215,4.3215,increased predicted RUL
FD002,15,46.2111,6,sensor_15_diff,-3.5378,3.5378,decreased predicted RUL
FD002,15,46.2111,7,sensor_13_rolling_mean,-2.9755,2.9755,decreased predicted RUL
FD002,15,46.2111,8,sensor_13_diff,2.2236,2.2236,increased predicted RUL
FD002,15,46.2111,9,sensor_6_rolling_mean,-1.9793,1.9793,decreased predicted RUL
FD002,15,46.2111,10,sensor_21,1.674,1.674,increased predicted RUL
FD002,16,108.5357,1,sensor_15,-40.03,40.03,decreased predicted RUL
FD002,16,108.5357,2,sensor_11,10.2394,10.2394,increased predicted RUL
FD002,16,108.5357,3,sensor_13,10.1778,10.1778,increased predicted RUL
FD002,16,108.5357,4,sensor_6,-6.9001,6.9001,decreased predicted RUL
FD002,16,108.5357,5,sensor_9,6.5392,6.5392,increased predicted RUL
FD002,16,108.5357,6,sensor_2,5.8656,5.8656,increased predicted RUL
FD002,16,108.5357,7,sensor_4,5.1725,5.1725,increased predicted RUL
FD002,16,108.5357,8,sensor_3,4.3022,4.3022,increased predicted RUL
FD002,16,108.5357,9,sensor_8,-3.8029,3.8029,decreased predicted RUL
FD002,16,108.5357,10,sensor_15_rolling_mean,-3.5063,3.5063,decreased predicted RUL
FD002,17,88.0907,1,cycle,-27.7774,27.7774,decreased predicted RUL
FD002,17,88.0907,2,sensor_11,8.4844,8.4844,increased predicted RUL
FD002,17,88.0907,3,sensor_6,-6.8573,6.8573,decreased predicted RUL
FD002,17,88.0907,4,sensor_15,-6.4987,6.4987,decreased predicted RUL
FD002,17,88.0907,5,sensor_4,4.1094,4.1094,increased predicted RUL
FD002,17,88.0907,6,sensor_12,-3.6874,3.6874,decreased predicted RUL
FD002,17,88.0907,7,sensor_13_rolling_mean,-3.3661,3.3661,decreased predicted RUL
FD002,17,88.0907,8,sensor_21,-3.1119,3.1119,decreased predicted RUL
FD002,17,88.0907,9,sensor_11_rolling_mean,-2.8929,2.8929,decreased predicted RUL
FD002,17,88.0907,10,sensor_14,2.4292,2.4292,increased predicted RUL
FD002,18,157.0002,1,cycle,41.8033,41.8033,increased predicted RUL
FD002,18,157.0002,2,sensor_15,18.1414,18.1414,increased predicted RUL
FD002,18,157.0002,3,sensor_6,-17.7646,17.7646,decreased predicted RUL
FD002,18,157.0002,4,sensor_11,-7.0238,7.0238,decreased predicted RUL
FD002,18,157.0002,5,sensor_4,-5.5553,5.5553,decreased predicted RUL
FD002,18,157.0002,6,sensor_11_rolling_mean,-4.5748,4.5748,decreased predicted RUL
FD002,18,157.0002,7,sensor_15_diff,-3.6204,3.6204,decreased predicted RUL
FD002,18,157.0002,8,sensor_7,3.5776,3.5776,increased predicted RUL
FD002,18,157.0002,9,sensor_20,3.3579,3.3579,increased predicted RUL
FD002,18,157.0002,10,sensor_8,-3.1691,3.1691,decreased predicted RUL
FD002,19,20.9522,1,cycle,-39.4916,39.4916,decreased predicted RUL
FD002,19,20.9522,2,sensor_11,-23.7642,23.7642,decreased predicted RUL
FD002,19,20.9522,3,sensor_9,-19.4825,19.4825,decreased predicted RUL
FD002,19,20.9522,4,sensor_4,-12.4524,12.4524,decreased predicted RUL
FD002,19,20.9522,5,sensor_14,-8.9242,8.9242,decreased predicted RUL
FD002,19,20.9522,6,sensor_15,6.98,6.98,increased predicted RUL
FD002,19,20.9522,7,sensor_13_rolling_mean,-4.85,4.85,decreased predicted RUL
FD002,19,20.9522,8,sensor_11_rolling_mean,-3.6861,3.6861,decreased predicted RUL
FD002,19,20.9522,9,sensor_2,-3.4412,3.4412,decreased predicted RUL
FD002,19,20.9522,10,sensor_12,3.3064,3.3064,increased predicted RUL
FD002,20,85.3447,1,cycle,-18.3891,18.3891,decreased predicted RUL
FD002,20,85.3447,2,sensor_15,-11.8909,11.8909,decreased predicted RUL
FD002,20,85.3447,3,sensor_11,9.5163,9.5163,increased predicted RUL
FD002,20,85.3447,4,sensor_15_diff,-4.8613,4.8613,decreased predicted RUL
FD002,20,85.3447,5,sensor_21,-4.4455,4.4455,decreased predicted RUL
FD002,20,85.3447,6,sensor_6,-4.4337,4.4337,decreased predicted RUL
FD002,20,85.3447,7,sensor_4,-4.4305,4.4305,decreased predicted RUL
FD002,20,85.3447,8,sensor_12,-3.6318,3.6318,decreased predicted RUL
FD002,20,85.3447,9,sensor_7,-3.5176,3.5176,decreased predicted RUL
FD002,20,85.3447,10,sensor_4_rolling_std,-2.9664,2.9664,decreased predicted RUL
FD002,21,70.8438,1,cycle,-32.515,32.515,decreased predicted RUL
FD002,21,70.8438,2,sensor_15,-19.6711,19.6711,decreased predicted RUL
FD002,21,70.8438,3,sensor_13,6.2034,6.2034,increased predicted RUL
FD002,21,70.8438,4,sensor_6,-5.7508,5.7508,decreased predicted RUL
FD002,21,70.8438,5,sensor_21,-5.2851,5.2851,decreased predicted RUL
FD002,21,70.8438,6,sensor_4,3.6413,3.6413,increased predicted RUL
FD002,21,70.8438,7,sensor_12,-3.288,3.288,decreased predicted RUL
FD002,21,70.8438,8,sensor_11,3.2829,3.2829,increased predicted RUL
FD002,21,70.8438,9,sensor_11_rolling_mean,-3.2516,3.2516,decreased predicted RUL
FD002,21,70.8438,10,sensor_9,2.9489,2.9489,increased predicted RUL
FD002,22,11.4412,1,cycle,-45.5677,45.5677,decreased predicted RUL
FD002,22,11.4412,2,sensor_13,-26.505,26.505,decreased predicted RUL
FD002,22,11.4412,3,sensor_15,-18.1456,18.1456,decreased predicted RUL
FD002,22,11.4412,4,sensor_15_rolling_mean,-7.7834,7.7834,decreased predicted RUL
FD002,22,11.4412,5,sensor_21,-6.9658,6.9658,decreased predicted RUL
FD002,22,11.4412,6,sensor_6,-6.1806,6.1806,decreased predicted RUL
FD002,22,11.4412,7,sensor_11,-5.5724,5.5724,decreased predicted RUL
FD002,22,11.4412,8,sensor_20,-3.8366,3.8366,decreased predicted RUL
FD002,22,11.4412,9,sensor_4_diff,-3.4689,3.4689,decreased predicted RUL
FD002,22,11.4412,10,sensor_13_diff,3.2522,3.2522,increased predicted RUL
FD002,23,146.8646,1,sensor_15,-33.8479,33.8479,decreased predicted RUL
FD002,23,146.8646,2,cycle,33.3611,33.3611,increased predicted RUL
FD002,23,146.8646,3,sensor_13,9.4714,9.4714,increased predicted RUL
FD002,23,146.8646,4,sensor_11,9.1503,9.1503,increased predicted RUL
FD002,23,146.8646,5,sensor_15_rolling_mean,-8.2224,8.2224,decreased predicted RUL
FD002,23,146.8646,6,sensor_6,-7.2188,7.2188,decreased predicted RUL
FD002,23,146.8646,7,sensor_4,5.6341,5.6341,increased predicted RUL
FD002,23,146.8646,8,sensor_11_diff,-5.3773,5.3773,decreased predicted RUL
FD002,23,146.8646,9,sensor_2,4.3695,4.3695,increased predicted RUL
FD002,23,146.8646,10,sensor_3,4.0765,4.0765,increased predicted RUL
FD002,24,91.0878,1,cycle,-27.3342,27.3342,decreased predicted RUL
FD002,24,91.0878,2,sensor_15,14.6516,14.6516,increased predicted RUL
FD002,24,91.0878,3,sensor_14,-12.4149,12.4149,decreased predicted RUL
FD002,24,91.0878,4,sensor_15_rolling_mean,-8.2682,8.2682,decreased predicted RUL
FD002,24,91.0878,5,sensor_4,-6.1125,6.1125,decreased predicted RUL
FD002,24,91.0878,6,sensor_11,-5.2945,5.2945,decreased predicted RUL
FD002,24,91.0878,7,sensor_13_rolling_mean,3.9185,3.9185,increased predicted RUL
FD002,24,91.0878,8,sensor_15_diff,-3.4162,3.4162,decreased predicted RUL
FD002,24,91.0878,9,sensor_11_rolling_mean,3.3067,3.3067,increased predicted RUL
FD002,24,91.0878,10,sensor_4_rolling_mean,3.0667,3.0667,increased predicted RUL
FD002,25,87.2821,1,cycle,-38.9495,38.9495,decreased predicted RUL
FD002,25,87.2821,2,sensor_13,-24.268,24.268,decreased predicted RUL
FD002,25,87.2821,3,sensor_11,19.3502,19.3502,increased predicted RUL
FD002,25,87.2821,4,sensor_4,10.6111,10.6111,increased predicted RUL
FD002,25,87.2821,5,sensor_13_rolling_mean,-5.0343,5.0343,decreased predicted RUL
FD002,25,87.2821,6,sensor_11_diff,-4.4247,4.4247,decreased predicted RUL
FD002,25,87.2821,7,sensor_15_diff,3.8633,3.8633,increased predicted RUL
FD002,25,87.2821,8,sensor_13_diff,3.8614,3.8614,increased predicted RUL
FD002,25,87.2821,9,sensor_4_diff,-3.4455,3.4455,decreased predicted RUL
FD002,25,87.2821,10,sensor_12,-3.129,3.129,decreased predicted RUL
FD002,26,158.7191,1,sensor_15,-24.1874,24.1874,decreased predicted RUL
FD002,26,158.7191,2,sensor_11,23.8253,23.8253,increased predicted RUL
FD002,26,158.7191,3,sensor_13,13.7698,13.7698,increased predicted RUL
FD002,26,158.7191,4,cycle,13.4018,13.4018,increased predicted RUL
FD002,26,158.7191,5,sensor_11_diff,-9.614,9.614,decreased predicted RUL
FD002,26,158.7191,6,sensor_4,8.1998,8.1998,increased predicted RUL
FD002,26,158.7191,7,sensor_3,5.8762,5.8762,increased predicted RUL
FD002,26,158.7191,8,sensor_2,5.1145,5.1145,increased predicted RUL
FD002,26,158.7191,9,sensor_8,4.3228,4.3228,increased predicted RUL
FD002,26,158.7191,10,sensor_17,3.3343,3.3343,increased predicted RUL
FD002,27,147.4761,1,cycle,17.437,17.437,increased predicted RUL
FD002,27,147.4761,2,sensor_15,15.446,15.446,increased predicted RUL
FD002,27,147.4761,3,sensor_6,-10.1945,10.1945,decreased predicted RUL
FD002,27,147.4761,4,sensor_12,7.0529,7.0529,increased predicted RUL
FD002,27,147.4761,5,sensor_20,6.5642,6.5642,increased predicted RUL
FD002,27,147.4761,6,sensor_15_diff,-5.39,5.39,decreased predicted RUL
FD002,27,147.4761,7,sensor_13,5.1919,5.1919,increased predicted RUL
FD002,27,147.4761,8,sensor_11,-4.7875,4.7875,decreased predicted RUL
FD002,27,147.4761,9,sensor_4,-4.5161,4.5161,decreased predicted RUL
FD002,27,147.4761,10,sensor_9,-3.4529,3.4529,decreased predicted RUL
FD002,28,168.5347,1,cycle,62.1746,62.1746,increased predicted RUL
FD002,28,168.5347,2,sensor_15,-18.7855,18.7855,decreased predicted RUL
FD002,28,168.5347,3,sensor_13,14.6067,14.6067,increased predicted RUL
FD002,28,168.5347,4,sensor_15_diff,6.0309,6.0309,increased predicted RUL
FD002,28,168.5347,5,sensor_11_diff,-4.9997,4.9997,decreased predicted RUL
FD002,28,168.5347,6,sensor_7,-4.5706,4.5706,decreased predicted RUL
FD002,28,168.5347,7,sensor_21,-4.5312,4.5312,decreased predicted RUL
FD002,28,168.5347,8,sensor_12,-4.0641,4.0641,decreased predicted RUL
FD002,28,168.5347,9,sensor_11,3.7827,3.7827,increased predicted RUL
FD002,28,168.5347,10,sensor_4_diff,-3.4913,3.4913,decreased predicted RUL
FD002,29,109.3804,1,cycle,-18.4512,18.4512,decreased predicted RUL
FD002,29,109.3804,2,sensor_15,14.3724,14.3724,increased predicted RUL
FD002,29,109.3804,3,sensor_4,-8.6515,8.6515,decreased predicted RUL
FD002,29,109.3804,4,sensor_11_rolling_mean,-5.2126,5.2126,decreased predicted RUL
FD002,29,109.3804,5,sensor_15_diff,3.4444,3.4444,increased predicted RUL
FD002,29,109.3804,6,sensor_11_diff,-3.4429,3.4429,decreased predicted RUL
FD002,29,109.3804,7,sensor_11,-3.4189,3.4189,decreased predicted RUL
FD002,29,109.3804,8,sensor_13_rolling_std,3.1233,3.1233,increased predicted RUL
FD002,29,109.3804,9,sensor_13_rolling_mean,-2.8967,2.8967,decreased predicted RUL
FD002,29,109.3804,10,sensor_17,-2.5282,2.5282,decreased predicted RUL
FD002,30,69.3218,1,cycle,-36.5653,36.5653,decreased predicted RUL
FD002,30,69.3218,2,sensor_13,-20.2522,20.2522,decreased predicted RUL
FD002,30,69.3218,3,sensor_4,11.124,11.124,increased predicted RUL
FD002,30,69.3218,4,sensor_15,-8.9897,8.9897,decreased predicted RUL
FD002,30,69.3218,5,sensor_11_diff,-8.401,8.401,decreased predicted RUL
FD002,30,69.3218,6,sensor_11,6.4279,6.4279,increased predicted RUL
FD002,30,69.3218,7,sensor_21,-5.4967,5.4967,decreased predicted RUL
FD002,30,69.3218,8,sensor_15_diff,5.2672,5.2672,increased predicted RUL
FD002,30,69.3218,9,sensor_4_diff,-4.7975,4.7975,decreased predicted RUL
FD002,30,69.3218,10,sensor_9,3.703,3.703,increased predicted RUL
FD002,31,144.8363,1,cycle,-23.0917,23.0917,decreased predicted RUL
FD002,31,144.8363,2,sensor_4,13.2704,13.2704,increased predicted RUL
FD002,31,144.8363,3,sensor_13,9.5214,9.5214,increased predicted RUL
FD002,31,144.8363,4,sensor_2,6.9467,6.9467,increased predicted RUL
FD002,31,144.8363,5,sensor_9,5.1102,5.1102,increased predicted RUL
FD002,31,144.8363,6,sensor_3,4.7355,4.7355,increased predicted RUL
FD002,31,144.8363,7,sensor_13_rolling_mean,-4.7276,4.7276,decreased predicted RUL
FD002,31,144.8363,8,sensor_8,3.8856,3.8856,increased predicted RUL
FD002,31,144.8363,9,sensor_21,-3.6796,3.6796,decreased predicted RUL
FD002,31,144.8363,10,sensor_20_rolling_mean,-3.2313,3.2313,decreased predicted RUL
FD002,32,17.0898,1,sensor_15,-73.5123,73.5123,decreased predicted RUL
FD002,32,17.0898,2,cycle,-37.0767,37.0767,decreased predicted RUL
FD002,32,17.0898,3,sensor_15_rolling_mean,-8.6438,8.6438,decreased predicted RUL
FD002,32,17.0898,4,sensor_11,7.9299,7.9299,increased predicted RUL
FD002,32,17.0898,5,sensor_11_diff,-7.3048,7.3048,decreased predicted RUL
FD002,32,17.0898,6,sensor_6,-6.6156,6.6156,decreased predicted RUL
FD002,32,17.0898,7,sensor_4,5.6351,5.6351,increased predicted RUL
FD002,32,17.0898,8,sensor_15_diff,4.5456,4.5456,increased predicted RUL
FD002,32,17.0898,9,sensor_13,4.0415,4.0415,increased predicted RUL
FD002,32,17.0898,10,sensor_6_rolling_mean,-3.8916,3.8916,decreased predicted RUL
FD002,33,48.9193,1,sensor_15,-42.8079,42.8079,decreased predicted RUL
FD002,33,48.9193,2,cycle,-35.3959,35.3959,decreased predicted RUL
FD002,33,48.9193,3,sensor_13,15.6888,15.6888,increased predicted RUL
FD002,33,48.9193,4,sensor_6,-7.4617,7.4617,decreased predicted RUL
FD002,33,48.9193,5,sensor_11,-6.4418,6.4418,decreased predicted RUL
FD002,33,48.9193,6,sensor_21,-5.8581,5.8581,decreased predicted RUL
FD002,33,48.9193,7,sensor_9,4.6064,4.6064,increased predicted RUL
FD002,33,48.9193,8,sensor_3,3.2108,3.2108,increased predicted RUL
FD002,33,48.9193,9,sensor_4_diff,2.8691,2.8691,increased predicted RUL
FD002,33,48.9193,10,sensor_6_rolling_mean,-2.5721,2.5721,decreased predicted RUL
FD002,34,169.1852,1,cycle,38.0032,38.0032,increased predicted RUL
FD002,34,169.1852,2,sensor_15,-18.8235,18.8235,decreased predicted RUL
FD002,34,169.1852,3,sensor_11,6.7386,6.7386,increased predicted RUL
FD002,34,169.1852,4,sensor_13_rolling_std,5.843,5.843,increased predicted RUL
FD002,34,169.1852,5,sensor_8,4.6677,4.6677,increased predicted RUL
FD002,34,169.1852,6,sensor_13,4.459,4.459,increased predicted RUL
FD002,34,169.1852,7,sensor_4,4.3393,4.3393,increased predicted RUL
FD002,34,169.1852,8,sensor_3,4.2989,4.2989,increased predicted RUL
FD002,34,169.1852,9,sensor_11_rolling_mean,-3.7593,3.7593,decreased predicted RUL
FD002,34,169.1852,10,sensor_15_rolling_mean,3.676,3.676,increased predicted RUL
FD002,35,98.6651,1,sensor_15,-33.0512,33.0512,decreased predicted RUL
FD002,35,98.6651,2,sensor_13,13.8087,13.8087,increased predicted RUL
FD002,35,98.6651,3,cycle,11.3714,11.3714,increased predicted RUL
FD002,35,98.6651,4,sensor_21,-3.8807,3.8807,decreased predicted RUL
FD002,35,98.6651,5,sensor_11,-3.6433,3.6433,decreased predicted RUL
FD002,35,98.6651,6,sensor_9,3.4075,3.4075,increased predicted RUL
FD002,35,98.6651,7,sensor_7,-2.872,2.872,decreased predicted RUL
FD002,35,98.6651,8,sensor_12,-2.7689,2.7689,decreased predicted RUL
FD002,35,98.6651,9,sensor_6_rolling_mean,-2.6614,2.6614,decreased predicted RUL
FD002,35,98.6651,10,sensor_11_rolling_mean,-2.4065,2.4065,decreased predicted RUL
FD002,36,68.5842,1,cycle,-32.0482,32.0482,decreased predicted RUL
FD002,36,68.5842,2,sensor_15,-18.2508,18.2508,decreased predicted RUL
FD002,36,68.5842,3,sensor_6,-7.6962,7.6962,decreased predicted RUL
FD002,36,68.5842,4,sensor_11,6.4014,6.4014,increased predicted RUL
FD002,36,68.5842,5,sensor_13,6.1919,6.1919,increased predicted RUL
FD002,36,68.5842,6,sensor_7,-3.8907,3.8907,decreased predicted RUL
FD002,36,68.5842,7,sensor_14,3.1627,3.1627,increased predicted RUL
FD002,36,68.5842,8,sensor_6_rolling_mean,-2.847,2.847,decreased predicted RUL
FD002,36,68.5842,9,sensor_11_rolling_mean,-2.4477,2.4477,decreased predicted RUL
FD002,36,68.5842,10,sensor_21_rolling_mean,-2.364,2.364,decreased predicted RUL
FD002,37,151.1719,1,cycle,38.1633,38.1633,increased predicted RUL
FD002,37,151.1719,2,sensor_15,-14.8857,14.8857,decreased predicted RUL
FD002,37,151.1719,3,sensor_13,5.3469,5.3469,increased predicted RUL
FD002,37,151.1719,4,sensor_13_rolling_mean,-3.3496,3.3496,decreased predicted RUL
FD002,37,151.1719,5,sensor_12,-3.2582,3.2582,decreased predicted RUL
FD002,37,151.1719,6,sensor_21,-3.241,3.241,decreased predicted RUL
FD002,37,151.1719,7,sensor_8,3.1662,3.1662,increased predicted RUL
FD002,37,151.1719,8,sensor_7,-2.8057,2.8057,decreased predicted RUL
FD002,37,151.1719,9,sensor_10,-2.6763,2.6763,decreased predicted RUL
FD002,37,151.1719,10,sensor_11_rolling_mean,-2.616,2.616,decreased predicted RUL
FD002,38,68.6089,1,cycle,-30.903,30.903,decreased predicted RUL
FD002,38,68.6089,2,sensor_4,-5.4724,5.4724,decreased predicted RUL
FD002,38,68.6089,3,sensor_11,-4.8861,4.8861,decreased predicted RUL
FD002,38,68.6089,4,sensor_6,-3.4618,3.4618,decreased predicted RUL
FD002,38,68.6089,5,sensor_2,-3.2612,3.2612,decreased predicted RUL
FD002,38,68.6089,6,sensor_6_rolling_mean,-3.0711,3.0711,decreased predicted RUL
FD002,38,68.6089,7,sensor_15_diff,-2.5908,2.5908,decreased predicted RUL
FD002,38,68.6089,8,sensor_21,-2.3436,2.3436,decreased predicted RUL
FD002,38,68.6089,9,sensor_13_rolling_mean,-2.2717,2.2717,decreased predicted RUL
FD002,38,68.6089,10,sensor_9,2.2508,2.2508,increased predicted RUL
FD002,39,31.4527,1,sensor_15,-70.0308,70.0308,decreased predicted RUL
FD002,39,31.4527,2,cycle,-35.4812,35.4812,decreased predicted RUL
FD002,39,31.4527,3,sensor_4,8.2541,8.2541,increased predicted RUL
FD002,39,31.4527,4,sensor_13,6.8384,6.8384,increased predicted RUL
FD002,39,31.4527,5,sensor_15_diff,6.8334,6.8334,increased predicted RUL
FD002,39,31.4527,6,sensor_11_diff,-6.4135,6.4135,decreased predicted RUL
FD002,39,31.4527,7,sensor_11,6.3132,6.3132,increased predicted RUL
FD002,39,31.4527,8,sensor_6,-5.4006,5.4006,decreased predicted RUL
FD002,39,31.4527,9,sensor_3,5.2216,5.2216,increased predicted RUL
FD002,39,31.4527,10,sensor_15_rolling_mean,-4.1983,4.1983,decreased predicted RUL
FD002,40,44.1705,1,sensor_15,-64.829,64.829,decreased predicted RUL
FD002,40,44.1705,2,cycle,-34.9397,34.9397,decreased predicted RUL
FD002,40,44.1705,3,sensor_11,9.6068,9.6068,increased predicted RUL
FD002,40,44.1705,4,sensor_11_diff,-7.7052,7.7052,decreased predicted RUL
FD002,40,44.1705,5,sensor_13,5.8678,5.8678,increased predicted RUL
FD002,40,44.1705,6,sensor_6,-5.751,5.751,decreased predicted RUL
FD002,40,44.1705,7,sensor_17,5.3337,5.3337,increased predicted RUL
FD002,40,44.1705,8,sensor_2,4.9133,4.9133,increased predicted RUL
FD002,40,44.1705,9,sensor_9,4.4876,4.4876,increased predicted RUL
FD002,40,44.1705,10,sensor_3,4.2734,4.2734,increased predicted RUL
FD002,41,43.7304,1,sensor_15,-38.3396,38.3396,decreased predicted RUL
FD002,41,43.7304,2,cycle,-34.5012,34.5012,decreased predicted RUL
FD002,41,43.7304,3,sensor_6,-9.4897,9.4897,decreased predicted RUL
FD002,41,43.7304,4,sensor_13,9.2962,9.2962,increased predicted RUL
FD002,41,43.7304,5,sensor_11,-6.9032,6.9032,decreased predicted RUL
FD002,41,43.7304,6,sensor_21,-5.7642,5.7642,decreased predicted RUL
FD002,41,43.7304,7,sensor_20,-3.703,3.703,decreased predicted RUL
FD002,41,43.7304,8,sensor_3,3.1673,3.1673,increased predicted RUL
FD002,41,43.7304,9,sensor_15_diff,3.1441,3.1441,increased predicted RUL
FD002,41,43.7304,10,sensor_13_rolling_mean,-3.0654,3.0654,decreased predicted RUL
FD002,42,37.46,1,sensor_15,-43.641,43.641,decreased predicted RUL
FD002,42,37.46,2,cycle,-36.7718,36.7718,decreased predicted RUL
FD002,42,37.46,3,sensor_13,16.1784,16.1784,increased predicted RUL
FD002,42,37.46,4,sensor_11,-10.8473,10.8473,decreased predicted RUL
FD002,42,37.46,5,sensor_21,-6.2013,6.2013,decreased predicted RUL
FD002,42,37.46,6,sensor_6,-5.5761,5.5761,decreased predicted RUL
FD002,42,37.46,7,sensor_9,4.3226,4.3226,increased predicted RUL
FD002,42,37.46,8,sensor_20,-3.2621,3.2621,decreased predicted RUL
FD002,42,37.46,9,sensor_20_rolling_mean,-3.0709,3.0709,decreased predicted RUL
FD002,42,37.46,10,sensor_15_diff,2.9299,2.9299,increased predicted RUL
FD002,43,28.0528,1,cycle,-42.3516,42.3516,decreased predicted RUL
FD002,43,28.0528,2,sensor_13,-25.9794,25.9794,decreased predicted RUL
FD002,43,28.0528,3,sensor_15,-12.6965,12.6965,decreased predicted RUL
FD002,43,28.0528,4,sensor_11,6.3225,6.3225,increased predicted RUL
FD002,43,28.0528,5,sensor_6,-5.9029,5.9029,decreased predicted RUL
FD002,43,28.0528,6,sensor_15_diff,-5.8753,5.8753,decreased predicted RUL
FD002,43,28.0528,7,sensor_21,-5.3092,5.3092,decreased predicted RUL
FD002,43,28.0528,8,sensor_7,-4.3967,4.3967,decreased predicted RUL
FD002,43,28.0528,9,sensor_12,-3.2891,3.2891,decreased predicted RUL
FD002,43,28.0528,10,sensor_13_diff,2.7378,2.7378,increased predicted RUL
FD002,44,7.6015,1,cycle,-40.9464,40.9464,decreased predicted RUL
FD002,44,7.6015,2,sensor_11,-25.787,25.787,decreased predicted RUL
FD002,44,7.6015,3,sensor_4,-13.2981,13.2981,decreased predicted RUL
FD002,44,7.6015,4,sensor_9,-11.2901,11.2901,decreased predicted RUL
FD002,44,7.6015,5,sensor_14,-9.7025,9.7025,decreased predicted RUL
FD002,44,7.6015,6,sensor_13,-7.8847,7.8847,decreased predicted RUL
FD002,44,7.6015,7,sensor_15,4.7647,4.7647,increased predicted RUL
FD002,44,7.6015,8,sensor_15_diff,-4.7007,4.7007,decreased predicted RUL
FD002,44,7.6015,9,sensor_15_rolling_mean,-4.0367,4.0367,decreased predicted RUL
FD002,44,7.6015,10,sensor_2,-3.9537,3.9537,decreased predicted RUL
FD002,45,8.1024,1,cycle,-40.8742,40.8742,decreased predicted RUL
FD002,45,8.1024,2,sensor_13,-39.2388,39.2388,decreased predicted RUL
FD002,45,8.1024,3,sensor_14,-11.2906,11.2906,decreased predicted RUL
FD002,45,8.1024,4,sensor_11,-9.6489,9.6489,decreased predicted RUL
FD002,45,8.1024,5,sensor_4,-7.9398,7.9398,decreased predicted RUL
FD002,45,8.1024,6,sensor_15,3.3231,3.3231,increased predicted RUL
FD002,45,8.1024,7,sensor_4_rolling_std,-2.2544,2.2544,decreased predicted RUL
FD002,45,8.1024,8,sensor_10_rolling_std,2.0915,2.0915,increased predicted RUL
FD002,45,8.1024,9,sensor_15_diff,-2.0527,2.0527,decreased predicted RUL
FD002,45,8.1024,10,sensor_13_rolling_std,-2.045,2.045,decreased predicted RUL
FD002,46,128.1433,1,cycle,-28.2463,28.2463,decreased predicted RUL
FD002,46,128.1433,2,sensor_15,9.1632,9.1632,increased predicted RUL
FD002,46,128.1433,3,sensor_13,-8.0541,8.0541,decreased predicted RUL
FD002,46,128.1433,4,sensor_4,7.5495,7.5495,increased predicted RUL
FD002,46,128.1433,5,sensor_11,6.7611,6.7611,increased predicted RUL
FD002,46,128.1433,6,sensor_13_rolling_mean,-6.3113,6.3113,decreased predicted RUL
FD002,46,128.1433,7,sensor_6,4.5902,4.5902,increased predicted RUL
FD002,46,128.1433,8,sensor_16_rolling_mean,3.032,3.032,increased predicted RUL
FD002,46,128.1433,9,sensor_14,2.9546,2.9546,increased predicted RUL
FD002,46,128.1433,10,sensor_4_diff,2.4756,2.4756,increased predicted RUL
FD002,47,113.7353,1,sensor_15,18.1112,18.1112,increased predicted RUL
FD002,47,113.7353,2,sensor_4,-10.1529,10.1529,decreased predicted RUL
FD002,47,113.7353,3,sensor_6,-10.0316,10.0316,decreased predicted RUL
FD002,47,113.7353,4,sensor_11,-6.5102,6.5102,decreased predicted RUL
FD002,47,113.7353,5,sensor_11_rolling_mean,-5.205,5.205,decreased predicted RUL
FD002,47,113.7353,6,sensor_15_rolling_mean,4.248,4.248,increased predicted RUL
FD002,47,113.7353,7,sensor_12,4.0007,4.0007,increased predicted RUL
FD002,47,113.7353,8,sensor_17,-3.87,3.87,decreased predicted RUL
FD002,47,113.7353,9,sensor_8,-3.0621,3.0621,decreased predicted RUL
FD002,47,113.7353,10,sensor_15_diff,-2.8877,2.8877,decreased predicted RUL
FD002,48,31.6105,1,sensor_15,-68.8859,68.8859,decreased predicted RUL
FD002,48,31.6105,2,cycle,-32.8045,32.8045,decreased predicted RUL
FD002,48,31.6105,3,sensor_15_rolling_mean,-7.4699,7.4699,decreased predicted RUL
FD002,48,31.6105,4,sensor_6,-7.0679,7.0679,decreased predicted RUL
FD002,48,31.6105,5,sensor_13,6.9093,6.9093,increased predicted RUL
FD002,48,31.6105,6,sensor_11_diff,-6.4336,6.4336,decreased predicted RUL
FD002,48,31.6105,7,sensor_11,5.8637,5.8637,increased predicted RUL
FD002,48,31.6105,8,sensor_4,5.6533,5.6533,increased predicted RUL
FD002,48,31.6105,9,sensor_9,4.9439,4.9439,increased predicted RUL
FD002,48,31.6105,10,sensor_2,3.9575,3.9575,increased predicted RUL
FD002,49,132.369,1,cycle,21.3207,21.3207,increased predicted RUL
FD002,49,132.369,2,sensor_15_diff,-14.1502,14.1502,decreased predicted RUL
FD002,49,132.369,3,sensor_15,9.8151,9.8151,increased predicted RUL
FD002,49,132.369,4,sensor_13,-6.3619,6.3619,decreased predicted RUL
FD002,49,132.369,5,sensor_6,-6.0229,6.0229,decreased predicted RUL
FD002,49,132.369,6,sensor_4,-5.97,5.97,decreased predicted RUL
FD002,49,132.369,7,sensor_10_diff,5.6371,5.6371,increased predicted RUL
FD002,49,132.369,8,sensor_11,-5.5357,5.5357,decreased predicted RUL
FD002,49,132.369,9,sensor_15_rolling_mean,-3.4834,3.4834,decreased predicted RUL
FD002,49,132.369,10,sensor_3_diff,3.1552,3.1552,increased predicted RUL
FD002,50,3.7703,1,cycle,-50.2698,50.2698,decreased predicted RUL
FD002,50,3.7703,2,sensor_13,-24.1605,24.1605,decreased predicted RUL
FD002,50,3.7703,3,sensor_15,-16.2155,16.2155,decreased predicted RUL
FD002,50,3.7703,4,sensor_6,-7.0956,7.0956,decreased predicted RUL
FD002,50,3.7703,5,sensor_21,-6.4824,6.4824,decreased predicted RUL
FD002,50,3.7703,6,sensor_11,-6.1219,6.1219,decreased predicted RUL
FD002,50,3.7703,7,sensor_13_rolling_mean,-4.5483,4.5483,decreased predicted RUL
FD002,50,3.7703,8,sensor_20,-3.5434,3.5434,decreased predicted RUL
FD002,50,3.7703,9,sensor_7,-3.2427,3.2427,decreased predicted RUL
FD002,50,3.7703,10,sensor_3,2.3982,2.3982,increased predicted RUL
FD002,51,172.9988,1,cycle,43.8678,43.8678,increased predicted RUL
FD002,51,172.9988,2,sensor_15,17.2622,17.2622,increased predicted RUL
FD002,51,172.9988,3,sensor_6,-17.1945,17.1945,decreased predicted RUL
FD002,51,172.9988,4,sensor_7,8.5293,8.5293,increased predicted RUL
FD002,51,172.9988,5,sensor_4,-5.7577,5.7577,decreased predicted RUL
FD002,51,172.9988,6,sensor_15_diff,-5.4463,5.4463,decreased predicted RUL
FD002,51,172.9988,7,sensor_13,5.0616,5.0616,increased predicted RUL
FD002,51,172.9988,8,sensor_12,4.7419,4.7419,increased predicted RUL
FD002,51,172.9988,9,sensor_13_rolling_mean,-3.6338,3.6338,decreased predicted RUL
FD002,51,172.9988,10,sensor_9,-3.5968,3.5968,decreased predicted RUL
FD002,52,29.5003,1,cycle,-40.1333,40.1333,decreased predicted RUL
FD002,52,29.5003,2,sensor_13,-38.1555,38.1555,decreased predicted RUL
FD002,52,29.5003,3,sensor_15_diff,-10.7756,10.7756,decreased predicted RUL
FD002,52,29.5003,4,sensor_11,-7.3387,7.3387,decreased predicted RUL
FD002,52,29.5003,5,sensor_4,-7.1738,7.1738,decreased predicted RUL
FD002,52,29.5003,6,sensor_15,5.9448,5.9448,increased predicted RUL
FD002,52,29.5003,7,sensor_10_diff,5.2704,5.2704,increased predicted RUL
FD002,52,29.5003,8,sensor_15_rolling_mean,-4.4446,4.4446,decreased predicted RUL
FD002,52,29.5003,9,sensor_13_diff,2.6738,2.6738,increased predicted RUL
FD002,52,29.5003,10,sensor_14,-2.5931,2.5931,decreased predicted RUL
FD002,53,33.0936,1,cycle,-46.6436,46.6436,decreased predicted RUL
FD002,53,33.0936,2,sensor_13,-17.9637,17.9637,decreased predicted RUL
FD002,53,33.0936,3,sensor_15,-12.611,12.611,decreased predicted RUL
FD002,53,33.0936,4,sensor_6,-6.6622,6.6622,decreased predicted RUL
FD002,53,33.0936,5,sensor_21,-6.6596,6.6596,decreased predicted RUL
FD002,53,33.0936,6,sensor_13_rolling_mean,-3.6266,3.6266,decreased predicted RUL
FD002,53,33.0936,7,sensor_2,3.182,3.182,increased predicted RUL
FD002,53,33.0936,8,sensor_9,3.0322,3.0322,increased predicted RUL
FD002,53,33.0936,9,sensor_11,-2.8243,2.8243,decreased predicted RUL
FD002,53,33.0936,10,sensor_11_diff,2.5391,2.5391,increased predicted RUL
FD002,54,138.1878,1,sensor_15,-22.9684,22.9684,decreased predicted RUL
FD002,54,138.1878,2,sensor_13,14.8899,14.8899,increased predicted RUL
FD002,54,138.1878,3,cycle,13.9703,13.9703,increased predicted RUL
FD002,54,138.1878,4,sensor_4,8.3838,8.3838,increased predicted RUL
FD002,54,138.1878,5,sensor_2,7.8956,7.8956,increased predicted RUL
FD002,54,138.1878,6,sensor_11,-5.4943,5.4943,decreased predicted RUL
FD002,54,138.1878,7,sensor_3,3.8631,3.8631,increased predicted RUL
FD002,54,138.1878,8,sensor_9,3.4781,3.4781,increased predicted RUL
FD002,54,138.1878,9,sensor_21,-3.4042,3.4042,decreased predicted RUL
FD002,54,138.1878,10,sensor_11_rolling_mean,-3.0563,3.0563,decreased predicted RUL
FD002,55,80.9008,1,cycle,-30.4797,30.4797,decreased predicted RUL
FD002,55,80.9008,2,sensor_13,-16.195,16.195,decreased predicted RUL
FD002,55,80.9008,3,sensor_15,12.5635,12.5635,increased predicted RUL
FD002,55,80.9008,4,sensor_15_diff,-5.9055,5.9055,decreased predicted RUL
FD002,55,80.9008,5,sensor_4,-5.6956,5.6956,decreased predicted RUL
FD002,55,80.9008,6,sensor_15_rolling_mean,-4.1051,4.1051,decreased predicted RUL
FD002,55,80.9008,7,sensor_11,-4.0702,4.0702,decreased predicted RUL
FD002,55,80.9008,8,sensor_13_rolling_mean,3.1692,3.1692,increased predicted RUL
FD002,55,80.9008,9,sensor_11_rolling_mean,2.5621,2.5621,increased predicted RUL
FD002,55,80.9008,10,sensor_6_rolling_mean,-2.136,2.136,decreased predicted RUL
FD002,56,169.1609,1,cycle,21.3136,21.3136,increased predicted RUL
FD002,56,169.1609,2,sensor_15,-17.0792,17.0792,decreased predicted RUL
FD002,56,169.1609,3,sensor_11,12.1922,12.1922,increased predicted RUL
FD002,56,169.1609,4,sensor_4,8.5398,8.5398,increased predicted RUL
FD002,56,169.1609,5,sensor_15_diff,6.1583,6.1583,increased predicted RUL
FD002,56,169.1609,6,sensor_6,5.3628,5.3628,increased predicted RUL
FD002,56,169.1609,7,sensor_11_diff,-4.8273,4.8273,decreased predicted RUL
FD002,56,169.1609,8,sensor_4_diff,-4.3316,4.3316,decreased predicted RUL
FD002,56,169.1609,9,sensor_8,3.8796,3.8796,increased predicted RUL
FD002,56,169.1609,10,sensor_15_rolling_mean,3.0971,3.0971,increased predicted RUL
FD002,57,170.3426,1,sensor_11,16.0872,16.0872,increased predicted RUL
FD002,57,170.3426,2,cycle,13.9695,13.9695,increased predicted RUL
FD002,57,170.3426,3,sensor_15,9.1584,9.1584,increased predicted RUL
FD002,57,170.3426,4,sensor_15_diff,-8.6015,8.6015,decreased predicted RUL
FD002,57,170.3426,5,sensor_4,7.6579,7.6579,increased predicted RUL
FD002,57,170.3426,6,sensor_3,5.5927,5.5927,increased predicted RUL
FD002,57,170.3426,7,sensor_15_rolling_mean,-5.4991,5.4991,decreased predicted RUL
FD002,57,170.3426,8,sensor_11_rolling_mean,5.3836,5.3836,increased predicted RUL
FD002,57,170.3426,9,sensor_13,-3.9485,3.9485,decreased predicted RUL
FD002,57,170.3426,10,sensor_7,-3.1641,3.1641,decreased predicted RUL
FD002,58,16.4226,1,sensor_13,-42.001,42.001,decreased predicted RUL
FD002,58,16.4226,2,cycle,-40.9806,40.9806,decreased predicted RUL
FD002,58,16.4226,3,sensor_11,-6.3724,6.3724,decreased predicted RUL
FD002,58,16.4226,4,sensor_4,-4.556,4.556,decreased predicted RUL
FD002,58,16.4226,5,sensor_13_rolling_mean,-4.3959,4.3959,decreased predicted RUL
FD002,58,16.4226,6,sensor_6,-4.1331,4.1331,decreased predicted RUL
FD002,58,16.4226,7,sensor_15_diff,3.8727,3.8727,increased predicted RUL
FD002,58,16.4226,8,sensor_13_diff,3.4569,3.4569,increased predicted RUL
FD002,58,16.4226,9,sensor_21,-2.1763,2.1763,decreased predicted RUL
FD002,58,16.4226,10,sensor_7,-2.1569,2.1569,decreased predicted RUL
FD002,59,175.7737,1,cycle,62.9177,62.9177,increased predicted RUL
FD002,59,175.7737,2,sensor_15,-18.0014,18.0014,decreased predicted RUL
FD002,59,175.7737,3,sensor_4,4.8821,4.8821,increased predicted RUL
FD002,59,175.7737,4,sensor_3,4.1163,4.1163,increased predicted RUL
FD002,59,175.7737,5,sensor_15_rolling_mean,-4.0452,4.0452,decreased predicted RUL
FD002,59,175.7737,6,sensor_11,3.519,3.519,increased predicted RUL
FD002,59,175.7737,7,sensor_13,3.4291,3.4291,increased predicted RUL
FD002,59,175.7737,8,sensor_12,-3.1369,3.1369,decreased predicted RUL
FD002,59,175.7737,9,sensor_9,2.7748,2.7748,increased predicted RUL
FD002,59,175.7737,10,sensor_2,2.7219,2.7219,increased predicted RUL
FD002,60,77.9115,1,cycle,-35.746,35.746,decreased predicted RUL
FD002,60,77.9115,2,sensor_15,-25.2842,25.2842,decreased predicted RUL
FD002,60,77.9115,3,sensor_4,11.7903,11.7903,increased predicted RUL
FD002,60,77.9115,4,sensor_6,-7.3627,7.3627,decreased predicted RUL
FD002,60,77.9115,5,sensor_21,-4.6101,4.6101,decreased predicted RUL
FD002,60,77.9115,6,sensor_15_diff,-4.056,4.056,decreased predicted RUL
FD002,60,77.9115,7,sensor_3,3.9313,3.9313,increased predicted RUL
FD002,60,77.9115,8,sensor_2,2.8659,2.8659,increased predicted RUL
FD002,60,77.9115,9,sensor_4_rolling_std,-2.7842,2.7842,decreased predicted RUL
FD002,60,77.9115,10,sensor_9,2.728,2.728,increased predicted RUL
FD002,61,122.9145,1,cycle,19.8062,19.8062,increased predicted RUL
FD002,61,122.9145,2,sensor_13,-10.4763,10.4763,decreased predicted RUL
FD002,61,122.9145,3,sensor_4,-7.8856,7.8856,decreased predicted RUL
FD002,61,122.9145,4,sensor_15,7.2164,7.2164,increased predicted RUL
FD002,61,122.9145,5,sensor_11,-6.1117,6.1117,decreased predicted RUL
FD002,61,122.9145,6,sensor_11_rolling_mean,-3.8353,3.8353,decreased predicted RUL
FD002,61,122.9145,7,sensor_6,-3.6291,3.6291,decreased predicted RUL
FD002,61,122.9145,8,sensor_15_rolling_mean,3.2253,3.2253,increased predicted RUL
FD002,61,122.9145,9,sensor_13_rolling_mean,-2.8335,2.8335,decreased predicted RUL
FD002,61,122.9145,10,sensor_15_diff,-2.6637,2.6637,decreased predicted RUL
FD002,62,31.736,1,cycle,-38.3674,38.3674,decreased predicted RUL
FD002,62,31.736,2,sensor_11,-25.4139,25.4139,decreased predicted RUL
FD002,62,31.736,3,sensor_4,-12.7788,12.7788,decreased predicted RUL
FD002,62,31.736,4,sensor_13,-7.3006,7.3006,decreased predicted RUL
FD002,62,31.736,5,sensor_15,6.9513,6.9513,increased predicted RUL
FD002,62,31.736,6,sensor_9,-6.0945,6.0945,decreased predicted RUL
FD002,62,31.736,7,sensor_13_rolling_mean,-4.2955,4.2955,decreased predicted RUL
FD002,62,31.736,8,sensor_11_rolling_mean,-4.0934,4.0934,decreased predicted RUL
FD002,62,31.736,9,sensor_14,-3.9172,3.9172,decreased predicted RUL
FD002,62,31.736,10,sensor_15_diff,-2.3402,2.3402,decreased predicted RUL
FD002,63,67.3478,1,cycle,-34.7017,34.7017,decreased predicted RUL
FD002,63,67.3478,2,sensor_11,-16.2861,16.2861,decreased predicted RUL
FD002,63,67.3478,3,sensor_15,7.956,7.956,increased predicted RUL
FD002,63,67.3478,4,sensor_4,-7.942,7.942,decreased predicted RUL
FD002,63,67.3478,5,sensor_15_diff,-7.824,7.824,decreased predicted RUL
FD002,63,67.3478,6,sensor_15_rolling_mean,-7.4283,7.4283,decreased predicted RUL
FD002,63,67.3478,7,sensor_12,5.1531,5.1531,increased predicted RUL
FD002,63,67.3478,8,sensor_2,-4.2524,4.2524,decreased predicted RUL
FD002,63,67.3478,9,sensor_13_diff,3.8499,3.8499,increased predicted RUL
FD002,63,67.3478,10,sensor_13_rolling_mean,3.5083,3.5083,increased predicted RUL
FD002,64,17.5251,1,cycle,-37.8637,37.8637,decreased predicted RUL
FD002,64,17.5251,2,sensor_15,-26.7081,26.7081,decreased predicted RUL
FD002,64,17.5251,3,sensor_13,-9.244,9.244,decreased predicted RUL
FD002,64,17.5251,4,sensor_6,-8.9277,8.9277,decreased predicted RUL
FD002,64,17.5251,5,sensor_11,-7.6326,7.6326,decreased predicted RUL
FD002,64,17.5251,6,sensor_21,-7.5737,7.5737,decreased predicted RUL
FD002,64,17.5251,7,sensor_13_rolling_mean,-6.0489,6.0489,decreased predicted RUL
FD002,64,17.5251,8,sensor_12,-4.0459,4.0459,decreased predicted RUL
FD002,64,17.5251,9,sensor_20,-3.3693,3.3693,decreased predicted RUL
FD002,64,17.5251,10,sensor_20_rolling_mean,-3.364,3.364,decreased predicted RUL
FD002,65,15.9332,1,sensor_15,-73.5711,73.5711,decreased predicted RUL
FD002,65,15.9332,2,cycle,-30.0882,30.0882,decreased predicted RUL
FD002,65,15.9332,3,sensor_6,-7.3713,7.3713,decreased predicted RUL
FD002,65,15.9332,4,sensor_11_diff,-6.9235,6.9235,decreased predicted RUL
FD002,65,15.9332,5,sensor_15_diff,6.1218,6.1218,increased predicted RUL
FD002,65,15.9332,6,sensor_4,5.7259,5.7259,increased predicted RUL
FD002,65,15.9332,7,sensor_11,4.18,4.18,increased predicted RUL
FD002,65,15.9332,8,sensor_13,4.0375,4.0375,increased predicted RUL
FD002,65,15.9332,9,sensor_6_rolling_mean,-3.8291,3.8291,decreased predicted RUL
FD002,65,15.9332,10,sensor_4_diff,-3.7985,3.7985,decreased predicted RUL
FD002,66,133.7161,1,sensor_15,-36.4054,36.4054,decreased predicted RUL
FD002,66,133.7161,2,cycle,19.6384,19.6384,increased predicted RUL
FD002,66,133.7161,3,sensor_11,11.8685,11.8685,increased predicted RUL
FD002,66,133.7161,4,sensor_13,11.8186,11.8186,increased predicted RUL
FD002,66,133.7161,5,sensor_4,8.6458,8.6458,increased predicted RUL
FD002,66,133.7161,6,sensor_2,5.7677,5.7677,increased predicted RUL
FD002,66,133.7161,7,sensor_11_diff,-5.1843,5.1843,decreased predicted RUL
FD002,66,133.7161,8,sensor_15_diff,4.7672,4.7672,increased predicted RUL
FD002,66,133.7161,9,sensor_4_rolling_std,-4.6694,4.6694,decreased predicted RUL
FD002,66,133.7161,10,sensor_6,-4.023,4.023,decreased predicted RUL
FD002,67,86.4013,1,sensor_15,-42.9798,42.9798,decreased predicted RUL
FD002,67,86.4013,2,cycle,-29.3571,29.3571,decreased predicted RUL
FD002,67,86.4013,3,sensor_11,21.6381,21.6381,increased predicted RUL
FD002,67,86.4013,4,sensor_13,12.9763,12.9763,increased predicted RUL
FD002,67,86.4013,5,sensor_4,11.722,11.722,increased predicted RUL
FD002,67,86.4013,6,sensor_11_diff,-8.2553,8.2553,decreased predicted RUL
FD002,67,86.4013,7,sensor_15_diff,6.4681,6.4681,increased predicted RUL
FD002,67,86.4013,8,sensor_4_diff,-5.5142,5.5142,decreased predicted RUL
FD002,67,86.4013,9,sensor_6,-5.1733,5.1733,decreased predicted RUL
FD002,67,86.4013,10,sensor_17,4.6221,4.6221,increased predicted RUL
FD002,68,49.2264,1,cycle,-40.4304,40.4304,decreased predicted RUL
FD002,68,49.2264,2,sensor_13,-23.5819,23.5819,decreased predicted RUL
FD002,68,49.2264,3,sensor_15,-11.9176,11.9176,decreased predicted RUL
FD002,68,49.2264,4,sensor_4,7.8182,7.8182,increased predicted RUL
FD002,68,49.2264,5,sensor_6,-6.2246,6.2246,decreased predicted RUL
FD002,68,49.2264,6,sensor_13_rolling_mean,-4.6841,4.6841,decreased predicted RUL
FD002,68,49.2264,7,sensor_21,-4.0726,4.0726,decreased predicted RUL
FD002,68,49.2264,8,sensor_11,2.9166,2.9166,increased predicted RUL
FD002,68,49.2264,9,sensor_8,2.862,2.862,increased predicted RUL
FD002,68,49.2264,10,sensor_20,-2.0577,2.0577,decreased predicted RUL
FD002,69,122.323,1,sensor_15,-35.2869,35.2869,decreased predicted RUL
FD002,69,122.323,2,sensor_11,28.2249,28.2249,increased predicted RUL
FD002,69,122.323,3,cycle,-26.5986,26.5986,decreased predicted RUL
FD002,69,122.323,4,sensor_4,18.0224,18.0224,increased predicted RUL
FD002,69,122.323,5,sensor_13,16.1418,16.1418,increased predicted RUL
FD002,69,122.323,6,sensor_15_rolling_mean,-13.9363,13.9363,decreased predicted RUL
FD002,69,122.323,7,sensor_2,5.6928,5.6928,increased predicted RUL
FD002,69,122.323,8,sensor_8,-4.4441,4.4441,decreased predicted RUL
FD002,69,122.323,9,sensor_3,4.3686,4.3686,increased predicted RUL
FD002,69,122.323,10,sensor_6,-4.2217,4.2217,decreased predicted RUL
FD002,70,11.3592,1,cycle,-35.1604,35.1604,decreased predicted RUL
FD002,70,11.3592,2,sensor_11,-32.0037,32.0037,decreased predicted RUL
FD002,70,11.3592,3,sensor_13,-16.8813,16.8813,decreased predicted RUL
FD002,70,11.3592,4,sensor_4,-13.7016,13.7016,decreased predicted RUL
FD002,70,11.3592,5,sensor_15_diff,-5.8221,5.8221,decreased predicted RUL
FD002,70,11.3592,6,sensor_15,5.4772,5.4772,increased predicted RUL
FD002,70,11.3592,7,sensor_2,-5.234,5.234,decreased predicted RUL
FD002,70,11.3592,8,sensor_9,-5.1161,5.1161,decreased predicted RUL
FD002,70,11.3592,9,sensor_8,-3.4567,3.4567,decreased predicted RUL
FD002,70,11.3592,10,sensor_15_rolling_mean,-3.037,3.037,decreased predicted RUL
FD002,71,156.337,1,sensor_15,-26.5836,26.5836,decreased predicted RUL
FD002,71,156.337,2,sensor_11,16.5882,16.5882,increased predicted RUL
FD002,71,156.337,3,cycle,14.8394,14.8394,increased predicted RUL
FD002,71,156.337,4,sensor_13,13.0523,13.0523,increased predicted RUL
FD002,71,156.337,5,sensor_3,9.2939,9.2939,increased predicted RUL
FD002,71,156.337,6,sensor_4,9.0876,9.0876,increased predicted RUL
FD002,71,156.337,7,sensor_15_rolling_mean,-7.9418,7.9418,decreased predicted RUL
FD002,71,156.337,8,sensor_6,-7.6766,7.6766,decreased predicted RUL
FD002,71,156.337,9,sensor_2,5.8562,5.8562,increased predicted RUL
FD002,71,156.337,10,sensor_13_rolling_mean,5.4018,5.4018,increased predicted RUL
FD002,72,81.5204,1,sensor_15,-44.6325,44.6325,decreased predicted RUL
FD002,72,81.5204,2,cycle,-30.3595,30.3595,decreased predicted RUL
FD002,72,81.5204,3,sensor_11,17.9496,17.9496,increased predicted RUL
FD002,72,81.5204,4,sensor_4,10.2131,10.2131,increased predicted RUL
FD002,72,81.5204,5,sensor_13,9.0601,9.0601,increased predicted RUL
FD002,72,81.5204,6,sensor_11_diff,-8.1581,8.1581,decreased predicted RUL
FD002,72,81.5204,7,sensor_4_diff,-6.3737,6.3737,decreased predicted RUL
FD002,72,81.5204,8,sensor_6,-6.2747,6.2747,decreased predicted RUL
FD002,72,81.5204,9,sensor_15_rolling_mean,-6.0616,6.0616,decreased predicted RUL
FD002,72,81.5204,10,sensor_15_diff,4.8569,4.8569,increased predicted RUL
FD002,73,72.4981,1,cycle,-34.6783,34.6783,decreased predicted RUL
FD002,73,72.4981,2,sensor_13,-19.868,19.868,decreased predicted RUL
FD002,73,72.4981,3,sensor_15,7.626,7.626,increased predicted RUL
FD002,73,72.4981,4,sensor_11_rolling_mean,-4.5723,4.5723,decreased predicted RUL
FD002,73,72.4981,5,sensor_11,-4.0737,4.0737,decreased predicted RUL
FD002,73,72.4981,6,sensor_4,-4.0283,4.0283,decreased predicted RUL
FD002,73,72.4981,7,sensor_15_diff,-3.732,3.732,decreased predicted RUL
FD002,73,72.4981,8,sensor_13_rolling_mean,-3.5735,3.5735,decreased predicted RUL
FD002,73,72.4981,9,sensor_13_diff,2.375,2.375,increased predicted RUL
FD002,73,72.4981,10,sensor_15_rolling_mean,2.1653,2.1653,increased predicted RUL
FD002,74,120.9334,1,sensor_11,32.2821,32.2821,increased predicted RUL
FD002,74,120.9334,2,cycle,-19.2095,19.2095,decreased predicted RUL
FD002,74,120.9334,3,sensor_13,-14.9506,14.9506,decreased predicted RUL
FD002,74,120.9334,4,sensor_15_diff,-4.9409,4.9409,decreased predicted RUL
FD002,74,120.9334,5,sensor_4_rolling_std,-4.4452,4.4452,decreased predicted RUL
FD002,74,120.9334,6,sensor_15,-4.2115,4.2115,decreased predicted RUL
FD002,74,120.9334,7,sensor_4_diff,3.3806,3.3806,increased predicted RUL
FD002,74,120.9334,8,sensor_13_diff,2.7847,2.7847,increased predicted RUL
FD002,74,120.9334,9,sensor_3,2.6116,2.6116,increased predicted RUL
FD002,74,120.9334,10,sensor_13_rolling_std,-2.5895,2.5895,decreased predicted RUL
FD002,75,91.4846,1,cycle,-30.9466,30.9466,decreased predicted RUL
FD002,75,91.4846,2,sensor_13,-24.3146,24.3146,decreased predicted RUL
FD002,75,91.4846,3,sensor_15,6.7868,6.7868,increased predicted RUL
FD002,75,91.4846,4,sensor_4,5.5556,5.5556,increased predicted RUL
FD002,75,91.4846,5,sensor_11,5.4741,5.4741,increased predicted RUL
FD002,75,91.4846,6,sensor_15_rolling_mean,-4.1596,4.1596,decreased predicted RUL
FD002,75,91.4846,7,sensor_8,-2.6181,2.6181,decreased predicted RUL
FD002,75,91.4846,8,sensor_20,2.4197,2.4197,increased predicted RUL
FD002,75,91.4846,9,sensor_14,2.298,2.298,increased predicted RUL
FD002,75,91.4846,10,sensor_11_rolling_mean,2.1136,2.1136,increased predicted RUL
FD002,76,34.1947,1,cycle,-37.8255,37.8255,decreased predicted RUL
FD002,76,34.1947,2,sensor_11,-18.3023,18.3023,decreased predicted RUL
FD002,76,34.1947,3,sensor_4,-12.0631,12.0631,decreased predicted RUL
FD002,76,34.1947,4,sensor_9,-9.2767,9.2767,decreased predicted RUL
FD002,76,34.1947,5,sensor_15,6.604,6.604,increased predicted RUL
FD002,76,34.1947,6,sensor_14,-6.0402,6.0402,decreased predicted RUL
FD002,76,34.1947,7,sensor_2,-4.2742,4.2742,decreased predicted RUL
FD002,76,34.1947,8,sensor_13_rolling_mean,-3.1791,3.1791,decreased predicted RUL
FD002,76,34.1947,9,sensor_13,-3.1465,3.1465,decreased predicted RUL
FD002,76,34.1947,10,sensor_15_diff,-3.0269,3.0269,decreased predicted RUL
FD002,77,120.0527,1,cycle,21.2282,21.2282,increased predicted RUL
FD002,77,120.0527,2,sensor_13,-10.6418,10.6418,decreased predicted RUL
FD002,77,120.0527,3,sensor_4,-7.8318,7.8318,decreased predicted RUL
FD002,77,120.0527,4,sensor_15,7.7276,7.7276,increased predicted RUL
FD002,77,120.0527,5,sensor_11,-5.7903,5.7903,decreased predicted RUL
FD002,77,120.0527,6,sensor_6,-4.4827,4.4827,decreased predicted RUL
FD002,77,120.0527,7,sensor_15_diff,2.9426,2.9426,increased predicted RUL
FD002,77,120.0527,8,sensor_11_rolling_mean,-2.5027,2.5027,decreased predicted RUL
FD002,77,120.0527,9,sensor_13_rolling_std,-2.3051,2.3051,decreased predicted RUL
FD002,77,120.0527,10,sensor_11_diff,-2.2271,2.2271,decreased predicted RUL
FD002,78,59.4726,1,cycle,-33.1177,33.1177,decreased predicted RUL
FD002,78,59.4726,2,sensor_9,-19.465,19.465,decreased predicted RUL
FD002,78,59.4726,3,sensor_15,16.0236,16.0236,increased predicted RUL
FD002,78,59.4726,4,sensor_11,-15.4357,15.4357,decreased predicted RUL
FD002,78,59.4726,5,sensor_14,-15.3304,15.3304,decreased predicted RUL
FD002,78,59.4726,6,sensor_13,10.6681,10.6681,increased predicted RUL
FD002,78,59.4726,7,sensor_4,-6.5977,6.5977,decreased predicted RUL
FD002,78,59.4726,8,sensor_12,6.0495,6.0495,increased predicted RUL
FD002,78,59.4726,9,sensor_15_diff,-4.8181,4.8181,decreased predicted RUL
FD002,78,59.4726,10,sensor_4_rolling_std,-2.7891,2.7891,decreased predicted RUL
FD002,79,88.9278,1,sensor_15,-30.9755,30.9755,decreased predicted RUL
FD002,79,88.9278,2,cycle,-23.0326,23.0326,decreased predicted RUL
FD002,79,88.9278,3,sensor_13,15.4915,15.4915,increased predicted RUL
FD002,79,88.9278,4,sensor_15_rolling_mean,-7.3699,7.3699,decreased predicted RUL
FD002,79,88.9278,5,sensor_15_diff,-6.1008,6.1008,decreased predicted RUL
FD002,79,88.9278,6,sensor_9,6.0086,6.0086,increased predicted RUL
FD002,79,88.9278,7,sensor_6,-5.3391,5.3391,decreased predicted RUL
FD002,79,88.9278,8,sensor_3,4.5195,4.5195,increased predicted RUL
FD002,79,88.9278,9,sensor_21,-4.1857,4.1857,decreased predicted RUL
FD002,79,88.9278,10,sensor_4,4.1579,4.1579,increased predicted RUL
FD002,80,22.984,1,cycle,-40.5386,40.5386,decreased predicted RUL
FD002,80,22.984,2,sensor_15,-19.5021,19.5021,decreased predicted RUL
FD002,80,22.984,3,sensor_13,-19.1335,19.1335,decreased predicted RUL
FD002,80,22.984,4,sensor_6,-6.2008,6.2008,decreased predicted RUL
FD002,80,22.984,5,sensor_21,-5.5373,5.5373,decreased predicted RUL
FD002,80,22.984,6,sensor_7,-3.7308,3.7308,decreased predicted RUL
FD002,80,22.984,7,sensor_13_rolling_mean,-3.6475,3.6475,decreased predicted RUL
FD002,80,22.984,8,sensor_12,-3.3725,3.3725,decreased predicted RUL
FD002,80,22.984,9,sensor_20,-2.9244,2.9244,decreased predicted RUL
FD002,80,22.984,10,sensor_11_diff,-2.9015,2.9015,decreased predicted RUL
FD002,81,133.5669,1,cycle,11.9312,11.9312,increased predicted RUL
FD002,81,133.5669,2,sensor_15,8.4887,8.4887,increased predicted RUL
FD002,81,133.5669,3,sensor_11_rolling_mean,-5.7212,5.7212,decreased predicted RUL
FD002,81,133.5669,4,sensor_13,-4.3752,4.3752,decreased predicted RUL
FD002,81,133.5669,5,sensor_15_diff,4.3462,4.3462,increased predicted RUL
FD002,81,133.5669,6,sensor_15_rolling_mean,4.1449,4.1449,increased predicted RUL
FD002,81,133.5669,7,sensor_11_diff,-3.2071,3.2071,decreased predicted RUL
FD002,81,133.5669,8,sensor_12,-3.1338,3.1338,decreased predicted RUL
FD002,81,133.5669,9,sensor_13_rolling_std,2.823,2.823,increased predicted RUL
FD002,81,133.5669,10,sensor_7,-2.5355,2.5355,decreased predicted RUL
FD002,82,90.8048,1,sensor_13,-20.8652,20.8652,decreased predicted RUL
FD002,82,90.8048,2,cycle,-14.4112,14.4112,decreased predicted RUL
FD002,82,90.8048,3,sensor_11,13.1025,13.1025,increased predicted RUL
FD002,82,90.8048,4,sensor_13_rolling_mean,-5.8675,5.8675,decreased predicted RUL
FD002,82,90.8048,5,sensor_4,4.8632,4.8632,increased predicted RUL
FD002,82,90.8048,6,sensor_15,-3.4884,3.4884,decreased predicted RUL
FD002,82,90.8048,7,sensor_20_rolling_mean,-3.481,3.481,decreased predicted RUL
FD002,82,90.8048,8,sensor_4_rolling_mean,3.4535,3.4535,increased predicted RUL
FD002,82,90.8048,9,sensor_3,3.0578,3.0578,increased predicted RUL
FD002,82,90.8048,10,sensor_2,-2.9281,2.9281,decreased predicted RUL
FD002,83,167.8543,1,cycle,62.9952,62.9952,increased predicted RUL
FD002,83,167.8543,2,sensor_15,-15.8257,15.8257,decreased predicted RUL
FD002,83,167.8543,3,sensor_13,9.2169,9.2169,increased predicted RUL
FD002,83,167.8543,4,sensor_12,-5.133,5.133,decreased predicted RUL
FD002,83,167.8543,5,sensor_3,4.7533,4.7533,increased predicted RUL
FD002,83,167.8543,6,sensor_4_diff,-4.3734,4.3734,decreased predicted RUL
FD002,83,167.8543,7,sensor_15_diff,3.6138,3.6138,increased predicted RUL
FD002,83,167.8543,8,sensor_11_rolling_mean,-3.3776,3.3776,decreased predicted RUL
FD002,83,167.8543,9,sensor_21,-3.3497,3.3497,decreased predicted RUL
FD002,83,167.8543,10,sensor_9,3.3421,3.3421,increased predicted RUL
FD002,84,20.9328,1,sensor_13,-44.9731,44.9731,decreased predicted RUL
FD002,84,20.9328,2,cycle,-38.2889,38.2889,decreased predicted RUL
FD002,84,20.9328,3,sensor_11,-8.9154,8.9154,decreased predicted RUL
FD002,84,20.9328,4,sensor_4,-7.4754,7.4754,decreased predicted RUL
FD002,84,20.9328,5,sensor_15_diff,-4.4111,4.4111,decreased predicted RUL
FD002,84,20.9328,6,sensor_15,4.0627,4.0627,increased predicted RUL
FD002,84,20.9328,7,sensor_17,-3.0906,3.0906,decreased predicted RUL
FD002,84,20.9328,8,sensor_13_rolling_mean,-2.3254,2.3254,decreased predicted RUL
FD002,84,20.9328,9,sensor_13_diff,2.1078,2.1078,increased predicted RUL
FD002,84,20.9328,10,sensor_6_rolling_mean,-1.8663,1.8663,decreased predicted RUL
FD002,85,56.7215,1,sensor_15,-59.8345,59.8345,decreased predicted RUL
FD002,85,56.7215,2,cycle,-32.3579,32.3579,decreased predicted RUL
FD002,85,56.7215,3,sensor_13,9.1954,9.1954,increased predicted RUL
FD002,85,56.7215,4,sensor_11,8.9614,8.9614,increased predicted RUL
FD002,85,56.7215,5,sensor_4,8.2933,8.2933,increased predicted RUL
FD002,85,56.7215,6,sensor_6,-6.1183,6.1183,decreased predicted RUL
FD002,85,56.7215,7,sensor_11_diff,-5.9651,5.9651,decreased predicted RUL
FD002,85,56.7215,8,sensor_3,4.5836,4.5836,increased predicted RUL
FD002,85,56.7215,9,sensor_2,4.1218,4.1218,increased predicted RUL
FD002,85,56.7215,10,sensor_6_rolling_mean,-4.1074,4.1074,decreased predicted RUL
FD002,86,105.1557,1,sensor_11,-16.511,16.511,decreased predicted RUL
FD002,86,105.1557,2,sensor_15,11.9351,11.9351,increased predicted RUL
FD002,86,105.1557,3,sensor_4,-9.1196,9.1196,decreased predicted RUL
FD002,86,105.1557,4,sensor_6,-8.3744,8.3744,decreased predicted RUL
FD002,86,105.1557,5,sensor_12,4.091,4.091,increased predicted RUL
FD002,86,105.1557,6,sensor_11_rolling_mean,-3.8832,3.8832,decreased predicted RUL
FD002,86,105.1557,7,sensor_21,3.5495,3.5495,increased predicted RUL
FD002,86,105.1557,8,sensor_13_rolling_std,3.5371,3.5371,increased predicted RUL
FD002,86,105.1557,9,sensor_9,-3.3829,3.3829,decreased predicted RUL
FD002,86,105.1557,10,sensor_2,-3.2979,3.2979,decreased predicted RUL
FD002,87,28.3476,1,sensor_13,-43.4731,43.4731,decreased predicted RUL
FD002,87,28.3476,2,cycle,-39.5674,39.5674,decreased predicted RUL
FD002,87,28.3476,3,sensor_11,-7.5535,7.5535,decreased predicted RUL
FD002,87,28.3476,4,sensor_4,-7.106,7.106,decreased predicted RUL
FD002,87,28.3476,5,sensor_15,4.9968,4.9968,increased predicted RUL
FD002,87,28.3476,6,sensor_15_diff,3.3664,3.3664,increased predicted RUL
FD002,87,28.3476,7,sensor_11_rolling_mean,-2.3358,2.3358,decreased predicted RUL
FD002,87,28.3476,8,sensor_13_diff,2.3281,2.3281,increased predicted RUL
FD002,87,28.3476,9,sensor_17,-2.1705,2.1705,decreased predicted RUL
FD002,87,28.3476,10,sensor_9,2.1469,2.1469,increased predicted RUL
FD002,88,85.9398,1,cycle,-30.1377,30.1377,decreased predicted RUL
FD002,88,85.9398,2,sensor_13,8.0454,8.0454,increased predicted RUL
FD002,88,85.9398,3,sensor_3,6.0804,6.0804,increased predicted RUL
FD002,88,85.9398,4,sensor_21,-5.9329,5.9329,decreased predicted RUL
FD002,88,85.9398,5,sensor_15,-5.7904,5.7904,decreased predicted RUL
FD002,88,85.9398,6,sensor_6,-5.4187,5.4187,decreased predicted RUL
FD002,88,85.9398,7,sensor_4,4.8064,4.8064,increased predicted RUL
FD002,88,85.9398,8,sensor_8,3.6532,3.6532,increased predicted RUL
FD002,88,85.9398,9,sensor_9,2.5783,2.5783,increased predicted RUL
FD002,88,85.9398,10,sensor_6_rolling_mean,-2.4347,2.4347,decreased predicted RUL
FD002,89,129.1759,1,cycle,31.4631,31.4631,increased predicted RUL
FD002,89,129.1759,2,sensor_13,-10.6224,10.6224,decreased predicted RUL
FD002,89,129.1759,3,sensor_6,-6.4736,6.4736,decreased predicted RUL
FD002,89,129.1759,4,sensor_15,6.3088,6.3088,increased predicted RUL
FD002,89,129.1759,5,sensor_4,-5.725,5.725,decreased predicted RUL
FD002,89,129.1759,6,sensor_11,-4.5901,4.5901,decreased predicted RUL
FD002,89,129.1759,7,sensor_17_rolling_std,-2.9054,2.9054,decreased predicted RUL
FD002,89,129.1759,8,sensor_13_rolling_mean,1.9553,1.9553,increased predicted RUL
FD002,89,129.1759,9,sensor_13_rolling_std,-1.8877,1.8877,decreased predicted RUL
FD002,89,129.1759,10,sensor_21,1.6848,1.6848,increased predicted RUL
FD002,90,4.9382,1,cycle,-47.5764,47.5764,decreased predicted RUL
FD002,90,4.9382,2,sensor_13,-24.3821,24.3821,decreased predicted RUL
FD002,90,4.9382,3,sensor_15,-18.4663,18.4663,decreased predicted RUL
FD002,90,4.9382,4,sensor_21,-7.317,7.317,decreased predicted RUL
FD002,90,4.9382,5,sensor_6,-7.1783,7.1783,decreased predicted RUL
FD002,90,4.9382,6,sensor_11,-5.7114,5.7114,decreased predicted RUL
FD002,90,4.9382,7,sensor_4,-3.5764,3.5764,decreased predicted RUL
FD002,90,4.9382,8,sensor_3,3.4853,3.4853,increased predicted RUL
FD002,90,4.9382,9,sensor_20,-3.1205,3.1205,decreased predicted RUL
FD002,90,4.9382,10,sensor_13_rolling_std,-3.0839,3.0839,decreased predicted RUL
FD002,91,16.5379,1,sensor_15,-76.435,76.435,decreased predicted RUL
FD002,91,16.5379,2,cycle,-28.1645,28.1645,decreased predicted RUL
FD002,91,16.5379,3,sensor_6,-7.5469,7.5469,decreased predicted RUL
FD002,91,16.5379,4,sensor_9,6.0913,6.0913,increased predicted RUL
FD002,91,16.5379,5,sensor_13,4.8,4.8,increased predicted RUL
FD002,91,16.5379,6,sensor_15_diff,4.5565,4.5565,increased predicted RUL
FD002,91,16.5379,7,sensor_2,4.475,4.475,increased predicted RUL
FD002,91,16.5379,8,sensor_14,4.1919,4.1919,increased predicted RUL
FD002,91,16.5379,9,sensor_4,4.1005,4.1005,increased predicted RUL
FD002,91,16.5379,10,sensor_11_diff,-4.0586,4.0586,decreased predicted RUL
FD002,92,92.1947,1,cycle,-27.9671,27.9671,decreased predicted RUL
FD002,92,92.1947,2,sensor_15,-18.8143,18.8143,decreased predicted RUL
FD002,92,92.1947,3,sensor_4,5.9988,5.9988,increased predicted RUL
FD002,92,92.1947,4,sensor_6,-5.5014,5.5014,decreased predicted RUL
FD002,92,92.1947,5,sensor_9,4.3543,4.3543,increased predicted RUL
FD002,92,92.1947,6,sensor_8,4.2644,4.2644,increased predicted RUL
FD002,92,92.1947,7,sensor_21,-3.939,3.939,decreased predicted RUL
FD002,92,92.1947,8,sensor_13_rolling_mean,-3.9274,3.9274,decreased predicted RUL
FD002,92,92.1947,9,sensor_13_rolling_std,3.7184,3.7184,increased predicted RUL
FD002,92,92.1947,10,sensor_3,3.6756,3.6756,increased predicted RUL
FD002,93,120.2123,1,sensor_11,-13.2885,13.2885,decreased predicted RUL
FD002,93,120.2123,2,sensor_15,13.049,13.049,increased predicted RUL
FD002,93,120.2123,3,sensor_6,-11.1663,11.1663,decreased predicted RUL
FD002,93,120.2123,4,sensor_15_diff,-10.8811,10.8811,decreased predicted RUL
FD002,93,120.2123,5,cycle,10.6077,10.6077,increased predicted RUL
FD002,93,120.2123,6,sensor_4,-7.7115,7.7115,decreased predicted RUL
FD002,93,120.2123,7,sensor_21,6.2094,6.2094,increased predicted RUL
FD002,93,120.2123,8,sensor_12,4.8771,4.8771,increased predicted RUL
FD002,93,120.2123,9,sensor_13_diff,4.2906,4.2906,increased predicted RUL
FD002,93,120.2123,10,sensor_13,-3.9913,3.9913,decreased predicted RUL
FD002,94,87.8915,1,cycle,-28.394,28.394,decreased predicted RUL
FD002,94,87.8915,2,sensor_13,-13.6196,13.6196,decreased predicted RUL
FD002,94,87.8915,3,sensor_15,8.5985,8.5985,increased predicted RUL
FD002,94,87.8915,4,sensor_15_diff,-4.5119,4.5119,decreased predicted RUL
FD002,94,87.8915,5,sensor_11,-3.946,3.946,decreased predicted RUL
FD002,94,87.8915,6,sensor_4,-2.9505,2.9505,decreased predicted RUL
FD002,94,87.8915,7,sensor_11_rolling_mean,-2.7505,2.7505,decreased predicted RUL
FD002,94,87.8915,8,sensor_13_diff,2.4879,2.4879,increased predicted RUL
FD002,94,87.8915,9,sensor_6_rolling_mean,-2.1484,2.1484,decreased predicted RUL
FD002,94,87.8915,10,sensor_13_rolling_mean,-1.9806,1.9806,decreased predicted RUL
FD002,95,111.5772,1,sensor_15,-20.819,20.819,decreased predicted RUL
FD002,95,111.5772,2,sensor_13,13.6582,13.6582,increased predicted RUL
FD002,95,111.5772,3,cycle,9.9723,9.9723,increased predicted RUL
FD002,95,111.5772,4,sensor_4,-5.3796,5.3796,decreased predicted RUL
FD002,95,111.5772,5,sensor_21,-4.3919,4.3919,decreased predicted RUL
FD002,95,111.5772,6,sensor_20_rolling_mean,-4.3383,4.3383,decreased predicted RUL
FD002,95,111.5772,7,sensor_6,-4.0614,4.0614,decreased predicted RUL
FD002,95,111.5772,8,sensor_8,3.3019,3.3019,increased predicted RUL
FD002,95,111.5772,9,sensor_12,-2.8304,2.8304,decreased predicted RUL
FD002,95,111.5772,10,sensor_7,-2.7996,2.7996,decreased predicted RUL
FD002,96,37.3798,1,cycle,-36.5583,36.5583,decreased predicted RUL
FD002,96,37.3798,2,sensor_15,-24.6585,24.6585,decreased predicted RUL
FD002,96,37.3798,3,sensor_11,6.5444,6.5444,increased predicted RUL
FD002,96,37.3798,4,sensor_6,-6.062,6.062,decreased predicted RUL
FD002,96,37.3798,5,sensor_7,-5.7342,5.7342,decreased predicted RUL
FD002,96,37.3798,6,sensor_4,-4.4678,4.4678,decreased predicted RUL
FD002,96,37.3798,7,sensor_21,-4.1841,4.1841,decreased predicted RUL
FD002,96,37.3798,8,sensor_12,-4.1202,4.1202,decreased predicted RUL
FD002,96,37.3798,9,sensor_13_rolling_mean,-3.0421,3.0421,decreased predicted RUL
FD002,96,37.3798,10,sensor_11_diff,-3.0091,3.0091,decreased predicted RUL
FD002,97,17.1068,1,sensor_15,-40.3885,40.3885,decreased predicted RUL
FD002,97,17.1068,2,cycle,-36.7863,36.7863,decreased predicted RUL
FD002,97,17.1068,3,sensor_6,-9.5745,9.5745,decreased predicted RUL
FD002,97,17.1068,4,sensor_13,8.8357,8.8357,increased predicted RUL
FD002,97,17.1068,5,sensor_11,-8.2941,8.2941,decreased predicted RUL
FD002,97,17.1068,6,sensor_21,-6.3873,6.3873,decreased predicted RUL
FD002,97,17.1068,7,sensor_13_rolling_mean,-5.5328,5.5328,decreased predicted RUL
FD002,97,17.1068,8,sensor_4,-5.3029,5.3029,decreased predicted RUL
FD002,97,17.1068,9,sensor_20,-3.4198,3.4198,decreased predicted RUL
FD002,97,17.1068,10,sensor_8,2.3499,2.3499,increased predicted RUL
FD002,98,78.8296,1,sensor_15,-57.1252,57.1252,decreased predicted RUL
FD002,98,78.8296,2,cycle,-22.1795,22.1795,decreased predicted RUL
FD002,98,78.8296,3,sensor_4,12.4724,12.4724,increased predicted RUL
FD002,98,78.8296,4,sensor_13,11.1066,11.1066,increased predicted RUL
FD002,98,78.8296,5,sensor_9,6.5675,6.5675,increased predicted RUL
FD002,98,78.8296,6,sensor_11,6.5413,6.5413,increased predicted RUL
FD002,98,78.8296,7,sensor_6,-6.2147,6.2147,decreased predicted RUL
FD002,98,78.8296,8,sensor_3,5.0327,5.0327,increased predicted RUL
FD002,98,78.8296,9,sensor_8,3.9066,3.9066,increased predicted RUL
FD002,98,78.8296,10,sensor_2,3.804,3.804,increased predicted RUL
FD002,99,15.9486,1,sensor_15,-75.8221,75.8221,decreased predicted RUL
FD002,99,15.9486,2,cycle,-36.8665,36.8665,decreased predicted RUL
FD002,99,15.9486,3,sensor_13,6.2402,6.2402,increased predicted RUL
FD002,99,15.9486,4,sensor_6,-6.2268,6.2268,decreased predicted RUL
FD002,99,15.9486,5,sensor_15_diff,5.9726,5.9726,increased predicted RUL
FD002,99,15.9486,6,sensor_9,4.5256,4.5256,increased predicted RUL
FD002,99,15.9486,7,sensor_4,4.4969,4.4969,increased predicted RUL
FD002,99,15.9486,8,sensor_6_rolling_mean,-3.8678,3.8678,decreased predicted RUL
FD002,99,15.9486,9,sensor_2,3.8255,3.8255,increased predicted RUL
FD002,99,15.9486,10,sensor_11_diff,-3.724,3.724,decreased predicted RUL
FD002,100,8.9608,1,sensor_13,-42.9489,42.9489,decreased predicted RUL
FD002,100,8.9608,2,cycle,-41.165,41.165,decreased predicted RUL
FD002,100,8.9608,3,sensor_4,-5.5012,5.5012,decreased predicted RUL
FD002,100,8.9608,4,sensor_15_diff,-4.9308,4.9308,decreased predicted RUL
FD002,100,8.9608,5,sensor_11,-4.4284,4.4284,decreased predicted RUL
FD002,100,8.9608,6,sensor_6,-3.2265,3.2265,decreased predicted RUL
FD002,100,8.9608,7,sensor_2,-3.1737,3.1737,decreased predicted RUL
FD002,100,8.9608,8,sensor_21,-3.164,3.164,decreased predicted RUL
FD002,100,8.9608,9,sensor_7,-2.5344,2.5344,decreased predicted RUL
FD002,100,8.9608,10,sensor_6_rolling_mean,-2.3818,2.3818,decreased predicted RUL
FD002,101,166.0096,1,cycle,43.5769,43.5769,increased predicted RUL
FD002,101,166.0096,2,sensor_15,-10.1011,10.1011,decreased predicted RUL
FD002,101,166.0096,3,sensor_13,8.3876,8.3876,increased predicted RUL
FD002,101,166.0096,4,sensor_21,-6.0813,6.0813,decreased predicted RUL
FD002,101,166.0096,5,sensor_15_diff,4.0675,4.0675,increased predicted RUL
FD002,101,166.0096,6,sensor_3,3.6892,3.6892,increased predicted RUL
FD002,101,166.0096,7,sensor_12,-3.2905,3.2905,decreased predicted RUL
FD002,101,166.0096,8,sensor_9,3.0881,3.0881,increased predicted RUL
FD002,101,166.0096,9,sensor_2,3.0675,3.0675,increased predicted RUL
FD002,101,166.0096,10,sensor_13_rolling_std,2.803,2.803,increased predicted RUL
FD002,102,19.3822,1,sensor_15,-53.8801,53.8801,decreased predicted RUL
FD002,102,19.3822,2,cycle,-30.897,30.897,decreased predicted RUL
FD002,102,19.3822,3,sensor_13,15.8,15.8,increased predicted RUL
FD002,102,19.3822,4,sensor_11,-13.0219,13.0219,decreased predicted RUL
FD002,102,19.3822,5,sensor_6,-7.6204,7.6204,decreased predicted RUL
FD002,102,19.3822,6,sensor_4,-7.1413,7.1413,decreased predicted RUL
FD002,102,19.3822,7,sensor_21,-6.2951,6.2951,decreased predicted RUL
FD002,102,19.3822,8,sensor_15_diff,5.3361,5.3361,increased predicted RUL
FD002,102,19.3822,9,sensor_9,3.8555,3.8555,increased predicted RUL
FD002,102,19.3822,10,sensor_6_rolling_mean,-3.5606,3.5606,decreased predicted RUL
FD002,103,9.2896,1,sensor_13,-43.5939,43.5939,decreased predicted RUL
FD002,103,9.2896,2,cycle,-40.5399,40.5399,decreased predicted RUL
FD002,103,9.2896,3,sensor_11,-9.7268,9.7268,decreased predicted RUL
FD002,103,9.2896,4,sensor_4,-8.0483,8.0483,decreased predicted RUL
FD002,103,9.2896,5,sensor_15_rolling_mean,-4.5494,4.5494,decreased predicted RUL
FD002,103,9.2896,6,sensor_15_diff,-3.9587,3.9587,decreased predicted RUL
FD002,103,9.2896,7,sensor_15,3.7049,3.7049,increased predicted RUL
FD002,103,9.2896,8,sensor_4_rolling_std,-3.5361,3.5361,decreased predicted RUL
FD002,103,9.2896,9,sensor_13_rolling_mean,3.2825,3.2825,increased predicted RUL
FD002,103,9.2896,10,sensor_14,-2.6149,2.6149,decreased predicted RUL
FD002,104,80.2176,1,cycle,-33.7027,33.7027,decreased predicted RUL
FD002,104,80.2176,2,sensor_13,-10.8432,10.8432,decreased predicted RUL
FD002,104,80.2176,3,sensor_15,8.7497,8.7497,increased predicted RUL
FD002,104,80.2176,4,sensor_13_rolling_mean,-7.2241,7.2241,decreased predicted RUL
FD002,104,80.2176,5,sensor_11_rolling_mean,-5.0677,5.0677,decreased predicted RUL
FD002,104,80.2176,6,sensor_4,-4.5136,4.5136,decreased predicted RUL
FD002,104,80.2176,7,sensor_11,-3.3022,3.3022,decreased predicted RUL
FD002,104,80.2176,8,sensor_14,2.3206,2.3206,increased predicted RUL
FD002,104,80.2176,9,sensor_15_rolling_mean,2.0631,2.0631,increased predicted RUL
FD002,104,80.2176,10,sensor_6_rolling_mean,-1.9381,1.9381,decreased predicted RUL
FD002,105,141.0694,1,cycle,19.0881,19.0881,increased predicted RUL
FD002,105,141.0694,2,sensor_15_diff,-15.0219,15.0219,decreased predicted RUL
FD002,105,141.0694,3,sensor_15,12.5819,12.5819,increased predicted RUL
FD002,105,141.0694,4,sensor_4,-6.6506,6.6506,decreased predicted RUL
FD002,105,141.0694,5,sensor_6,-6.645,6.645,decreased predicted RUL
FD002,105,141.0694,6,sensor_13_rolling_mean,5.6898,5.6898,increased predicted RUL
FD002,105,141.0694,7,sensor_10_diff,5.5836,5.5836,increased predicted RUL
FD002,105,141.0694,8,sensor_15_rolling_mean,-4.9267,4.9267,decreased predicted RUL
FD002,105,141.0694,9,sensor_13_diff,3.8688,3.8688,increased predicted RUL
FD002,105,141.0694,10,sensor_11_rolling_mean,2.9869,2.9869,increased predicted RUL
FD002,106,127.9692,1,cycle,16.9539,16.9539,increased predicted RUL
FD002,106,127.9692,2,sensor_13,-9.0353,9.0353,decreased predicted RUL
FD002,106,127.9692,3,sensor_15,3.9336,3.9336,increased predicted RUL
FD002,106,127.9692,4,sensor_14,3.5546,3.5546,increased predicted RUL
FD002,106,127.9692,5,sensor_2,-3.1937,3.1937,decreased predicted RUL
FD002,106,127.9692,6,sensor_4,-3.1898,3.1898,decreased predicted RUL
FD002,106,127.9692,7,sensor_7,-3.0403,3.0403,decreased predicted RUL
FD002,106,127.9692,8,sensor_11_rolling_mean,-2.6721,2.6721,decreased predicted RUL
FD002,106,127.9692,9,sensor_12,-2.5428,2.5428,decreased predicted RUL
FD002,106,127.9692,10,sensor_13_rolling_std,-2.4153,2.4153,decreased predicted RUL
FD002,107,53.7314,1,sensor_15,-38.803,38.803,decreased predicted RUL
FD002,107,53.7314,2,cycle,-35.8489,35.8489,decreased predicted RUL
FD002,107,53.7314,3,sensor_13,16.0828,16.0828,increased predicted RUL
FD002,107,53.7314,4,sensor_15_rolling_mean,-15.3224,15.3224,decreased predicted RUL
FD002,107,53.7314,5,sensor_6,-8.3346,8.3346,decreased predicted RUL
FD002,107,53.7314,6,sensor_15_diff,-5.9885,5.9885,decreased predicted RUL
FD002,107,53.7314,7,sensor_21,-5.7449,5.7449,decreased predicted RUL
FD002,107,53.7314,8,sensor_3,5.3684,5.3684,increased predicted RUL
FD002,107,53.7314,9,sensor_9,5.3616,5.3616,increased predicted RUL
FD002,107,53.7314,10,sensor_4_rolling_mean,5.0118,5.0118,increased predicted RUL
FD002,108,105.5709,1,cycle,-30.8608,30.8608,decreased predicted RUL
FD002,108,105.5709,2,sensor_11,25.1335,25.1335,increased predicted RUL
FD002,108,105.5709,3,sensor_13,-17.3718,17.3718,decreased predicted RUL
FD002,108,105.5709,4,sensor_15_rolling_mean,-9.9035,9.9035,decreased predicted RUL
FD002,108,105.5709,5,sensor_4_rolling_mean,4.6041,4.6041,increased predicted RUL
FD002,108,105.5709,6,sensor_13_rolling_mean,3.7919,3.7919,increased predicted RUL
FD002,108,105.5709,7,sensor_3,3.3973,3.3973,increased predicted RUL
FD002,108,105.5709,8,sensor_11_rolling_mean,3.0002,3.0002,increased predicted RUL
FD002,108,105.5709,9,sensor_14,2.9987,2.9987,increased predicted RUL
FD002,108,105.5709,10,sensor_15,-2.599,2.599,decreased predicted RUL
FD002,109,34.5072,1,cycle,-38.0679,38.0679,decreased predicted RUL
FD002,109,34.5072,2,sensor_13,-36.8873,36.8873,decreased predicted RUL
FD002,109,34.5072,3,sensor_11,-7.5471,7.5471,decreased predicted RUL
FD002,109,34.5072,4,sensor_4,-6.5648,6.5648,decreased predicted RUL
FD002,109,34.5072,5,sensor_15,5.7246,5.7246,increased predicted RUL
FD002,109,34.5072,6,sensor_15_diff,-3.079,3.079,decreased predicted RUL
FD002,109,34.5072,7,sensor_11_rolling_mean,-2.2969,2.2969,decreased predicted RUL
FD002,109,34.5072,8,sensor_6_rolling_mean,-2.0297,2.0297,decreased predicted RUL
FD002,109,34.5072,9,sensor_13_diff,1.9811,1.9811,increased predicted RUL
FD002,109,34.5072,10,sensor_13_rolling_mean,-1.9767,1.9767,decreased predicted RUL
FD002,110,77.7817,1,cycle,-31.3525,31.3525,decreased predicted RUL
FD002,110,77.7817,2,sensor_11,-15.8407,15.8407,decreased predicted RUL
FD002,110,77.7817,3,sensor_15,11.8759,11.8759,increased predicted RUL
FD002,110,77.7817,4,sensor_4,-8.418,8.418,decreased predicted RUL
FD002,110,77.7817,5,sensor_12,5.2347,5.2347,increased predicted RUL
FD002,110,77.7817,6,sensor_11_rolling_mean,-3.4288,3.4288,decreased predicted RUL
FD002,110,77.7817,7,sensor_2,-3.1761,3.1761,decreased predicted RUL
FD002,110,77.7817,8,sensor_15_diff,-2.713,2.713,decreased predicted RUL
FD002,110,77.7817,9,sensor_17,-2.4622,2.4622,decreased predicted RUL
FD002,110,77.7817,10,sensor_8,-2.3354,2.3354,decreased predicted RUL
FD002,111,21.1082,1,cycle,-38.9927,38.9927,decreased predicted RUL
FD002,111,21.1082,2,sensor_11,-24.2453,24.2453,decreased predicted RUL
FD002,111,21.1082,3,sensor_13,-21.5231,21.5231,decreased predicted RUL
FD002,111,21.1082,4,sensor_4,-12.5851,12.5851,decreased predicted RUL
FD002,111,21.1082,5,sensor_15_diff,-6.2538,6.2538,decreased predicted RUL
FD002,111,21.1082,6,sensor_15,6.1975,6.1975,increased predicted RUL
FD002,111,21.1082,7,sensor_15_rolling_mean,-5.9174,5.9174,decreased predicted RUL
FD002,111,21.1082,8,sensor_2,-4.433,4.433,decreased predicted RUL
FD002,111,21.1082,9,sensor_17,-4.0057,4.0057,decreased predicted RUL
FD002,111,21.1082,10,sensor_8,-3.714,3.714,decreased predicted RUL
FD002,112,73.4152,1,sensor_15,-25.2538,25.2538,decreased predicted RUL
FD002,112,73.4152,2,cycle,-23.068,23.068,decreased predicted RUL
FD002,112,73.4152,3,sensor_13,12.8916,12.8916,increased predicted RUL
FD002,112,73.4152,4,sensor_15_diff,-8.3996,8.3996,decreased predicted RUL
FD002,112,73.4152,5,sensor_21,-6.5778,6.5778,decreased predicted RUL
FD002,112,73.4152,6,sensor_6,-5.3383,5.3383,decreased predicted RUL
FD002,112,73.4152,7,sensor_12,-3.7299,3.7299,decreased predicted RUL
FD002,112,73.4152,8,sensor_4_rolling_std,-3.6064,3.6064,decreased predicted RUL
FD002,112,73.4152,9,sensor_9,3.3528,3.3528,increased predicted RUL
FD002,112,73.4152,10,sensor_8,3.0664,3.0664,increased predicted RUL
FD002,113,176.3766,1,cycle,32.7016,32.7016,increased predicted RUL
FD002,113,176.3766,2,sensor_15,21.6265,21.6265,increased predicted RUL
FD002,113,176.3766,3,sensor_6,-15.2694,15.2694,decreased predicted RUL
FD002,113,176.3766,4,sensor_13,5.937,5.937,increased predicted RUL
FD002,113,176.3766,5,sensor_15_diff,-5.9255,5.9255,decreased predicted RUL
FD002,113,176.3766,6,sensor_4,-4.2322,4.2322,decreased predicted RUL
FD002,113,176.3766,7,sensor_20,4.17,4.17,increased predicted RUL
FD002,113,176.3766,8,sensor_13_rolling_mean,3.9102,3.9102,increased predicted RUL
FD002,113,176.3766,9,sensor_12,3.7619,3.7619,increased predicted RUL
FD002,113,176.3766,10,sensor_4_rolling_std,-3.1137,3.1137,decreased predicted RUL
FD002,114,62.119,1,cycle,-35.9325,35.9325,decreased predicted RUL
FD002,114,62.119,2,sensor_13,-25.4306,25.4306,decreased predicted RUL
FD002,114,62.119,3,sensor_4,-6.0678,6.0678,decreased predicted RUL
FD002,114,62.119,4,sensor_15,5.6856,5.6856,increased predicted RUL
FD002,114,62.119,5,sensor_13_rolling_mean,-5.2497,5.2497,decreased predicted RUL
FD002,114,62.119,6,sensor_11,-4.794,4.794,decreased predicted RUL
FD002,114,62.119,7,sensor_11_rolling_mean,-2.2417,2.2417,decreased predicted RUL
FD002,114,62.119,8,sensor_15_diff,-2.0156,2.0156,decreased predicted RUL
FD002,114,62.119,9,sensor_6_rolling_mean,-2.0098,2.0098,decreased predicted RUL
FD002,114,62.119,10,sensor_13_diff,1.8774,1.8774,increased predicted RUL
FD002,115,50.5949,1,cycle,-35.1347,35.1347,decreased predicted RUL
FD002,115,50.5949,2,sensor_13,-33.7426,33.7426,decreased predicted RUL
FD002,115,50.5949,3,sensor_15_diff,-9.4483,9.4483,decreased predicted RUL
FD002,115,50.5949,4,sensor_11,-6.7355,6.7355,decreased predicted RUL
FD002,115,50.5949,5,sensor_4,-6.1419,6.1419,decreased predicted RUL
FD002,115,50.5949,6,sensor_4_rolling_std,-4.238,4.238,decreased predicted RUL
FD002,115,50.5949,7,sensor_15_rolling_mean,-4.1813,4.1813,decreased predicted RUL
FD002,115,50.5949,8,sensor_10_diff,3.9793,3.9793,increased predicted RUL
FD002,115,50.5949,9,sensor_15,3.8805,3.8805,increased predicted RUL
FD002,115,50.5949,10,sensor_13_rolling_mean,3.7768,3.7768,increased predicted RUL
FD002,116,8.7769,1,cycle,-39.8398,39.8398,decreased predicted RUL
FD002,116,8.7769,2,sensor_13,-25.8737,25.8737,decreased predicted RUL
FD002,116,8.7769,3,sensor_11,-9.6971,9.6971,decreased predicted RUL
FD002,116,8.7769,4,sensor_15,-7.7941,7.7941,decreased predicted RUL
FD002,116,8.7769,5,sensor_13_rolling_mean,-6.0119,6.0119,decreased predicted RUL
FD002,116,8.7769,6,sensor_4,-5.5654,5.5654,decreased predicted RUL
FD002,116,8.7769,7,sensor_11_rolling_mean,-4.7056,4.7056,decreased predicted RUL
FD002,116,8.7769,8,sensor_2,-3.0796,3.0796,decreased predicted RUL
FD002,116,8.7769,9,sensor_12,-2.9899,2.9899,decreased predicted RUL
FD002,116,8.7769,10,sensor_13_diff,-2.9602,2.9602,decreased predicted RUL
FD002,117,135.3737,1,cycle,33.791,33.791,increased predicted RUL
FD002,117,135.3737,2,sensor_15,-20.2837,20.2837,decreased predicted RUL
FD002,117,135.3737,3,sensor_15_rolling_mean,-8.751,8.751,decreased predicted RUL
FD002,117,135.3737,4,sensor_15_diff,-5.796,5.796,decreased predicted RUL
FD002,117,135.3737,5,sensor_11_rolling_mean,5.4478,5.4478,increased predicted RUL
FD002,117,135.3737,6,sensor_12,-4.8907,4.8907,decreased predicted RUL
FD002,117,135.3737,7,sensor_13_rolling_mean,4.4217,4.4217,increased predicted RUL
FD002,117,135.3737,8,sensor_21,-4.152,4.152,decreased predicted RUL
FD002,117,135.3737,9,sensor_9,3.5541,3.5541,increased predicted RUL
FD002,117,135.3737,10,sensor_7,-3.3882,3.3882,decreased predicted RUL
FD002,118,119.1776,1,cycle,-11.1512,11.1512,decreased predicted RUL
FD002,118,119.1776,2,sensor_15_rolling_mean,-10.7158,10.7158,decreased predicted RUL
FD002,118,119.1776,3,sensor_15,10.3921,10.3921,increased predicted RUL
FD002,118,119.1776,4,sensor_13_rolling_mean,6.4844,6.4844,increased predicted RUL
FD002,118,119.1776,5,sensor_13,6.1292,6.1292,increased predicted RUL
FD002,118,119.1776,6,sensor_4,-4.6721,4.6721,decreased predicted RUL
FD002,118,119.1776,7,sensor_11_rolling_mean,4.0206,4.0206,increased predicted RUL
FD002,118,119.1776,8,sensor_4_rolling_mean,3.4176,3.4176,increased predicted RUL
FD002,118,119.1776,9,sensor_20_rolling_mean,-2.8665,2.8665,decreased predicted RUL
FD002,118,119.1776,10,sensor_15_diff,-2.844,2.844,decreased predicted RUL
FD002,119,93.0419,1,sensor_15,-44.3036,44.3036,decreased predicted RUL
FD002,119,93.0419,2,cycle,-26.592,26.592,decreased predicted RUL
FD002,119,93.0419,3,sensor_11,18.4233,18.4233,increased predicted RUL
FD002,119,93.0419,4,sensor_13,12.14,12.14,increased predicted RUL
FD002,119,93.0419,5,sensor_4,7.9245,7.9245,increased predicted RUL
FD002,119,93.0419,6,sensor_6,-7.4798,7.4798,decreased predicted RUL
FD002,119,93.0419,7,sensor_11_diff,-6.243,6.243,decreased predicted RUL
FD002,119,93.0419,8,sensor_9,6.0446,6.0446,increased predicted RUL
FD002,119,93.0419,9,sensor_2,5.4058,5.4058,increased predicted RUL
FD002,119,93.0419,10,sensor_3,4.5913,4.5913,increased predicted RUL
FD002,120,27.337,1,cycle,-39.713,39.713,decreased predicted RUL
FD002,120,27.337,2,sensor_11,-26.77,26.77,decreased predicted RUL
FD002,120,27.337,3,sensor_13,-14.9507,14.9507,decreased predicted RUL
FD002,120,27.337,4,sensor_4,-12.5543,12.5543,decreased predicted RUL
FD002,120,27.337,5,sensor_15,7.0343,7.0343,increased predicted RUL
FD002,120,27.337,6,sensor_2,-4.1765,4.1765,decreased predicted RUL
FD002,120,27.337,7,sensor_11_rolling_mean,-3.4792,3.4792,decreased predicted RUL
FD002,120,27.337,8,sensor_8,-3.2437,3.2437,decreased predicted RUL
FD002,120,27.337,9,sensor_17,-3.1269,3.1269,decreased predicted RUL
FD002,120,27.337,10,sensor_3,-2.786,2.786,decreased predicted RUL
FD002,121,131.5264,1,cycle,29.667,29.667,increased predicted RUL
FD002,121,131.5264,2,sensor_13,-7.81,7.81,decreased predicted RUL
FD002,121,131.5264,3,sensor_6,-4.0289,4.0289,decreased predicted RUL
FD002,121,131.5264,4,sensor_11,-3.8655,3.8655,decreased predicted RUL
FD002,121,131.5264,5,sensor_4,-3.1342,3.1342,decreased predicted RUL
FD002,121,131.5264,6,sensor_13_rolling_mean,-3.0715,3.0715,decreased predicted RUL
FD002,121,131.5264,7,sensor_12,-3.056,3.056,decreased predicted RUL
FD002,121,131.5264,8,sensor_11_rolling_mean,-2.6947,2.6947,decreased predicted RUL
FD002,121,131.5264,9,sensor_7,-2.6189,2.6189,decreased predicted RUL
FD002,121,131.5264,10,sensor_15,2.5903,2.5903,increased predicted RUL
FD002,122,195.1373,1,cycle,52.9951,52.9951,increased predicted RUL
FD002,122,195.1373,2,sensor_15,-26.5592,26.5592,decreased predicted RUL
FD002,122,195.1373,3,sensor_11,16.477,16.477,increased predicted RUL
FD002,122,195.1373,4,sensor_13,12.7664,12.7664,increased predicted RUL
FD002,122,195.1373,5,sensor_15_rolling_mean,-9.2833,9.2833,decreased predicted RUL
FD002,122,195.1373,6,sensor_4,7.7677,7.7677,increased predicted RUL
FD002,122,195.1373,7,sensor_2,4.5185,4.5185,increased predicted RUL
FD002,122,195.1373,8,sensor_15_diff,4.4239,4.4239,increased predicted RUL
FD002,122,195.1373,9,sensor_6,-4.2887,4.2887,decreased predicted RUL
FD002,122,195.1373,10,sensor_13_rolling_mean,4.0241,4.0241,increased predicted RUL
FD002,123,126.0327,1,cycle,19.3413,19.3413,increased predicted RUL
FD002,123,126.0327,2,sensor_15_diff,-8.9025,8.9025,decreased predicted RUL
FD002,123,126.0327,3,sensor_6,-5.8674,5.8674,decreased predicted RUL
FD002,123,126.0327,4,sensor_15,5.1378,5.1378,increased predicted RUL
FD002,123,126.0327,5,sensor_13_rolling_mean,3.5126,3.5126,increased predicted RUL
FD002,123,126.0327,6,sensor_12,-3.2798,3.2798,decreased predicted RUL
FD002,123,126.0327,7,sensor_4,-3.1963,3.1963,decreased predicted RUL
FD002,123,126.0327,8,sensor_7,-3.0543,3.0543,decreased predicted RUL
FD002,123,126.0327,9,sensor_15_rolling_mean,-2.8656,2.8656,decreased predicted RUL
FD002,123,126.0327,10,sensor_2,-2.4422,2.4422,decreased predicted RUL
FD002,124,6.4292,1,cycle,-43.2445,43.2445,decreased predicted RUL
FD002,124,6.4292,2,sensor_11,-27.9672,27.9672,decreased predicted RUL
FD002,124,6.4292,3,sensor_13,-20.2632,20.2632,decreased predicted RUL
FD002,124,6.4292,4,sensor_4,-12.642,12.642,decreased predicted RUL
FD002,124,6.4292,5,sensor_9,-5.5138,5.5138,decreased predicted RUL
FD002,124,6.4292,6,sensor_14,-4.8425,4.8425,decreased predicted RUL
FD002,124,6.4292,7,sensor_15,4.6631,4.6631,increased predicted RUL
FD002,124,6.4292,8,sensor_2,-3.9716,3.9716,decreased predicted RUL
FD002,124,6.4292,9,sensor_13_rolling_mean,-3.9699,3.9699,decreased predicted RUL
FD002,124,6.4292,10,sensor_15_diff,-3.6344,3.6344,decreased predicted RUL
FD002,125,123.0054,1,sensor_15,-34.269,34.269,decreased predicted RUL
FD002,125,123.0054,2,sensor_11,11.5899,11.5899,increased predicted RUL
FD002,125,123.0054,3,sensor_13,9.9352,9.9352,increased predicted RUL
FD002,125,123.0054,4,sensor_4,7.0814,7.0814,increased predicted RUL
FD002,125,123.0054,5,cycle,6.2487,6.2487,increased predicted RUL
FD002,125,123.0054,6,sensor_15_rolling_mean,-6.1902,6.1902,decreased predicted RUL
FD002,125,123.0054,7,sensor_13_rolling_mean,5.531,5.531,increased predicted RUL
FD002,125,123.0054,8,sensor_6,-4.2813,4.2813,decreased predicted RUL
FD002,125,123.0054,9,sensor_3,4.2685,4.2685,increased predicted RUL
FD002,125,123.0054,10,sensor_4_diff,3.9369,3.9369,increased predicted RUL
FD002,126,125.5999,1,sensor_15,-32.6432,32.6432,decreased predicted RUL
FD002,126,125.5999,2,sensor_11,20.4082,20.4082,increased predicted RUL
FD002,126,125.5999,3,sensor_13,13.314,13.314,increased predicted RUL
FD002,126,125.5999,4,sensor_4,9.631,9.631,increased predicted RUL
FD002,126,125.5999,5,cycle,-9.4262,9.4262,decreased predicted RUL
FD002,126,125.5999,6,sensor_6,-8.3996,8.3996,decreased predicted RUL
FD002,126,125.5999,7,sensor_15_diff,5.2013,5.2013,increased predicted RUL
FD002,126,125.5999,8,sensor_3,4.9504,4.9504,increased predicted RUL
FD002,126,125.5999,9,sensor_11_diff,-4.8885,4.8885,decreased predicted RUL
FD002,126,125.5999,10,sensor_15_rolling_mean,-3.8602,3.8602,decreased predicted RUL
FD002,127,57.5344,1,cycle,-33.9362,33.9362,decreased predicted RUL
FD002,127,57.5344,2,sensor_11,-24.838,24.838,decreased predicted RUL
FD002,127,57.5344,3,sensor_4,-11.8548,11.8548,decreased predicted RUL
FD002,127,57.5344,4,sensor_15,8.3614,8.3614,increased predicted RUL
FD002,127,57.5344,5,sensor_15_diff,-5.6342,5.6342,decreased predicted RUL
FD002,127,57.5344,6,sensor_12,5.3208,5.3208,increased predicted RUL
FD002,127,57.5344,7,sensor_21,4.0855,4.0855,increased predicted RUL
FD002,127,57.5344,8,sensor_14,-4.0195,4.0195,decreased predicted RUL
FD002,127,57.5344,9,sensor_4_rolling_std,-3.3174,3.3174,decreased predicted RUL
FD002,127,57.5344,10,sensor_8,-2.7964,2.7964,decreased predicted RUL
FD002,128,108.6222,1,sensor_15,-41.4682,41.4682,decreased predicted RUL
FD002,128,108.6222,2,sensor_4,19.3572,19.3572,increased predicted RUL
FD002,128,108.6222,3,cycle,-18.7608,18.7608,decreased predicted RUL
FD002,128,108.6222,4,sensor_11,13.6924,13.6924,increased predicted RUL
FD002,128,108.6222,5,sensor_13,13.6727,13.6727,increased predicted RUL
FD002,128,108.6222,6,sensor_13_rolling_mean,5.7115,5.7115,increased predicted RUL
FD002,128,108.6222,7,sensor_15_rolling_mean,-4.676,4.676,decreased predicted RUL
FD002,128,108.6222,8,sensor_4_rolling_std,-4.2435,4.2435,decreased predicted RUL
FD002,128,108.6222,9,sensor_8,4.0393,4.0393,increased predicted RUL
FD002,128,108.6222,10,sensor_6,-3.9308,3.9308,decreased predicted RUL
FD002,129,96.5823,1,cycle,-29.2,29.2,decreased predicted RUL
FD002,129,96.5823,2,sensor_15,15.6303,15.6303,increased predicted RUL
FD002,129,96.5823,3,sensor_14,-12.933,12.933,decreased predicted RUL
FD002,129,96.5823,4,sensor_13,6.6637,6.6637,increased predicted RUL
FD002,129,96.5823,5,sensor_4,-5.5362,5.5362,decreased predicted RUL
FD002,129,96.5823,6,sensor_8,4.4375,4.4375,increased predicted RUL
FD002,129,96.5823,7,sensor_13_rolling_mean,-4.2553,4.2553,decreased predicted RUL
FD002,129,96.5823,8,sensor_11,-2.5556,2.5556,decreased predicted RUL
FD002,129,96.5823,9,sensor_6_rolling_mean,-2.3741,2.3741,decreased predicted RUL
FD002,129,96.5823,10,sensor_21,2.2676,2.2676,increased predicted RUL
FD002,130,73.9175,1,sensor_15,-55.6724,55.6724,decreased predicted RUL
FD002,130,73.9175,2,cycle,-30.4578,30.4578,decreased predicted RUL
FD002,130,73.9175,3,sensor_4,11.8897,11.8897,increased predicted RUL
FD002,130,73.9175,4,sensor_15_rolling_mean,-11.7455,11.7455,decreased predicted RUL
FD002,130,73.9175,5,sensor_13,11.1131,11.1131,increased predicted RUL
FD002,130,73.9175,6,sensor_11,10.1498,10.1498,increased predicted RUL
FD002,130,73.9175,7,sensor_6,-6.1443,6.1443,decreased predicted RUL
FD002,130,73.9175,8,sensor_4_rolling_mean,6.0473,6.0473,increased predicted RUL
FD002,130,73.9175,9,sensor_15_diff,5.7138,5.7138,increased predicted RUL
FD002,130,73.9175,10,sensor_9,5.6817,5.6817,increased predicted RUL
FD002,131,149.0585,1,sensor_15,-29.0197,29.0197,decreased predicted RUL
FD002,131,149.0585,2,sensor_11,18.7639,18.7639,increased predicted RUL
FD002,131,149.0585,3,sensor_4,13.8566,13.8566,increased predicted RUL
FD002,131,149.0585,4,sensor_11_diff,-10.9394,10.9394,decreased predicted RUL
FD002,131,149.0585,5,cycle,10.5221,10.5221,increased predicted RUL
FD002,131,149.0585,6,sensor_13,9.1722,9.1722,increased predicted RUL
FD002,131,149.0585,7,sensor_15_rolling_mean,-8.8439,8.8439,decreased predicted RUL
FD002,131,149.0585,8,sensor_2,5.6167,5.6167,increased predicted RUL
FD002,131,149.0585,9,sensor_11_rolling_mean,5.4672,5.4672,increased predicted RUL
FD002,131,149.0585,10,sensor_15_diff,4.7313,4.7313,increased predicted RUL
FD002,132,58.9691,1,cycle,-34.1629,34.1629,decreased predicted RUL
FD002,132,58.9691,2,sensor_11,-21.9757,21.9757,decreased predicted RUL
FD002,132,58.9691,3,sensor_13,-13.2834,13.2834,decreased predicted RUL
FD002,132,58.9691,4,sensor_4,-7.3379,7.3379,decreased predicted RUL
FD002,132,58.9691,5,sensor_15,7.1185,7.1185,increased predicted RUL
FD002,132,58.9691,6,sensor_15_diff,-6.2077,6.2077,decreased predicted RUL
FD002,132,58.9691,7,sensor_12,4.9325,4.9325,increased predicted RUL
FD002,132,58.9691,8,sensor_13_rolling_mean,4.4472,4.4472,increased predicted RUL
FD002,132,58.9691,9,sensor_15_rolling_mean,-4.0814,4.0814,decreased predicted RUL
FD002,132,58.9691,10,sensor_8,-3.8547,3.8547,decreased predicted RUL
FD002,133,45.6507,1,cycle,-41.4621,41.4621,decreased predicted RUL
FD002,133,45.6507,2,sensor_13,-28.109,28.109,decreased predicted RUL
FD002,133,45.6507,3,sensor_15,-9.3412,9.3412,decreased predicted RUL
FD002,133,45.6507,4,sensor_4,9.113,9.113,increased predicted RUL
FD002,133,45.6507,5,sensor_6,-5.535,5.535,decreased predicted RUL
FD002,133,45.6507,6,sensor_11,5.5288,5.5288,increased predicted RUL
FD002,133,45.6507,7,sensor_21,-5.4548,5.4548,decreased predicted RUL
FD002,133,45.6507,8,sensor_4_diff,-4.5587,4.5587,decreased predicted RUL
FD002,133,45.6507,9,sensor_11_diff,-4.4559,4.4559,decreased predicted RUL
FD002,133,45.6507,10,sensor_15_diff,3.7776,3.7776,increased predicted RUL
FD002,134,4.6328,1,cycle,-48.6853,48.6853,decreased predicted RUL
FD002,134,4.6328,2,sensor_13,-28.0877,28.0877,decreased predicted RUL
FD002,134,4.6328,3,sensor_15,-11.8985,11.8985,decreased predicted RUL
FD002,134,4.6328,4,sensor_6,-8.767,8.767,decreased predicted RUL
FD002,134,4.6328,5,sensor_14,-7.2416,7.2416,decreased predicted RUL
FD002,134,4.6328,6,sensor_11,-4.903,4.903,decreased predicted RUL
FD002,134,4.6328,7,sensor_21,-4.7064,4.7064,decreased predicted RUL
FD002,134,4.6328,8,sensor_13_rolling_mean,-4.4521,4.4521,decreased predicted RUL
FD002,134,4.6328,9,sensor_11_rolling_mean,-4.0507,4.0507,decreased predicted RUL
FD002,134,4.6328,10,sensor_15_diff,3.8734,3.8734,increased predicted RUL
FD002,135,163.2478,1,sensor_15,29.9005,29.9005,increased predicted RUL
FD002,135,163.2478,2,cycle,-24.0424,24.0424,decreased predicted RUL
FD002,135,163.2478,3,sensor_13,18.3208,18.3208,increased predicted RUL
FD002,135,163.2478,4,sensor_15_diff,-7.2822,7.2822,decreased predicted RUL
FD002,135,163.2478,5,sensor_12,7.1035,7.1035,increased predicted RUL
FD002,135,163.2478,6,sensor_20,5.644,5.644,increased predicted RUL
FD002,135,163.2478,7,sensor_21,5.6354,5.6354,increased predicted RUL
FD002,135,163.2478,8,sensor_7,3.6275,3.6275,increased predicted RUL
FD002,135,163.2478,9,sensor_6_rolling_mean,-2.9771,2.9771,decreased predicted RUL
FD002,135,163.2478,10,sensor_8,-2.7956,2.7956,decreased predicted RUL
FD002,136,102.7566,1,sensor_15,-20.7174,20.7174,decreased predicted RUL
FD002,136,102.7566,2,cycle,12.4166,12.4166,increased predicted RUL
FD002,136,102.7566,3,sensor_13,9.2901,9.2901,increased predicted RUL
FD002,136,102.7566,4,sensor_4,-7.069,7.069,decreased predicted RUL
FD002,136,102.7566,5,sensor_15_diff,-6.0752,6.0752,decreased predicted RUL
FD002,136,102.7566,6,sensor_15_rolling_mean,-5.2575,5.2575,decreased predicted RUL
FD002,136,102.7566,7,sensor_21,-4.3579,4.3579,decreased predicted RUL
FD002,136,102.7566,8,sensor_12,-4.0454,4.0454,decreased predicted RUL
FD002,136,102.7566,9,sensor_6,-3.9095,3.9095,decreased predicted RUL
FD002,136,102.7566,10,sensor_7,-3.209,3.209,decreased predicted RUL
FD002,137,85.7813,1,cycle,-29.144,29.144,decreased predicted RUL
FD002,137,85.7813,2,sensor_15,13.2135,13.2135,increased predicted RUL
FD002,137,85.7813,3,sensor_4,-6.9195,6.9195,decreased predicted RUL
FD002,137,85.7813,4,sensor_11,-6.4898,6.4898,decreased predicted RUL
FD002,137,85.7813,5,sensor_14,-6.0528,6.0528,decreased predicted RUL
FD002,137,85.7813,6,sensor_4_rolling_std,-2.9631,2.9631,decreased predicted RUL
FD002,137,85.7813,7,sensor_15_diff,-2.8717,2.8717,decreased predicted RUL
FD002,137,85.7813,8,sensor_6_rolling_mean,-2.2582,2.2582,decreased predicted RUL
FD002,137,85.7813,9,sensor_11_rolling_mean,-2.1567,2.1567,decreased predicted RUL
FD002,137,85.7813,10,sensor_13_diff,-2.1018,2.1018,decreased predicted RUL
FD002,138,2.4813,1,sensor_15,-52.828,52.828,decreased predicted RUL
FD002,138,2.4813,2,cycle,-36.8648,36.8648,decreased predicted RUL
FD002,138,2.4813,3,sensor_13,13.7761,13.7761,increased predicted RUL
FD002,138,2.4813,4,sensor_11,-13.5464,13.5464,decreased predicted RUL
FD002,138,2.4813,5,sensor_15_rolling_mean,-7.3762,7.3762,decreased predicted RUL
FD002,138,2.4813,6,sensor_6,-7.1039,7.1039,decreased predicted RUL
FD002,138,2.4813,7,sensor_21,-7.0814,7.0814,decreased predicted RUL
FD002,138,2.4813,8,sensor_4,-5.7925,5.7925,decreased predicted RUL
FD002,138,2.4813,9,sensor_4_diff,-5.6585,5.6585,decreased predicted RUL
FD002,138,2.4813,10,sensor_15_diff,5.5978,5.5978,increased predicted RUL
FD002,139,60.1047,1,cycle,-36.1127,36.1127,decreased predicted RUL
FD002,139,60.1047,2,sensor_13,-23.5587,23.5587,decreased predicted RUL
FD002,139,60.1047,3,sensor_4,10.8842,10.8842,increased predicted RUL
FD002,139,60.1047,4,sensor_15,-10.4007,10.4007,decreased predicted RUL
FD002,139,60.1047,5,sensor_13_rolling_mean,-6.1293,6.1293,decreased predicted RUL
FD002,139,60.1047,6,sensor_21,-5.5433,5.5433,decreased predicted RUL
FD002,139,60.1047,7,sensor_6,-5.0561,5.0561,decreased predicted RUL
FD002,139,60.1047,8,sensor_11,3.9114,3.9114,increased predicted RUL
FD002,139,60.1047,9,sensor_20_rolling_mean,-2.9776,2.9776,decreased predicted RUL
FD002,139,60.1047,10,sensor_2,2.5832,2.5832,increased predicted RUL
FD002,140,50.6842,1,cycle,-34.8296,34.8296,decreased predicted RUL
FD002,140,50.6842,2,sensor_13,-32.8954,32.8954,decreased predicted RUL
FD002,140,50.6842,3,sensor_13_rolling_mean,-3.7185,3.7185,decreased predicted RUL
FD002,140,50.6842,4,sensor_15,3.6896,3.6896,increased predicted RUL
FD002,140,50.6842,5,sensor_2,-3.3087,3.3087,decreased predicted RUL
FD002,140,50.6842,6,sensor_7,-3.0239,3.0239,decreased predicted RUL
FD002,140,50.6842,7,sensor_14,2.5008,2.5008,increased predicted RUL
FD002,140,50.6842,8,sensor_4,-2.4483,2.4483,decreased predicted RUL
FD002,140,50.6842,9,sensor_11,-2.3013,2.3013,decreased predicted RUL
FD002,140,50.6842,10,sensor_6,-2.2738,2.2738,decreased predicted RUL
FD002,141,117.8616,1,sensor_15,-18.4783,18.4783,decreased predicted RUL
FD002,141,117.8616,2,cycle,12.4242,12.4242,increased predicted RUL
FD002,141,117.8616,3,sensor_4_diff,-6.6708,6.6708,decreased predicted RUL
FD002,141,117.8616,4,sensor_13,5.1676,5.1676,increased predicted RUL
FD002,141,117.8616,5,sensor_11_diff,-5.0124,5.0124,decreased predicted RUL
FD002,141,117.8616,6,sensor_15_diff,4.8284,4.8284,increased predicted RUL
FD002,141,117.8616,7,sensor_8,4.0237,4.0237,increased predicted RUL
FD002,141,117.8616,8,sensor_12,-3.8178,3.8178,decreased predicted RUL
FD002,141,117.8616,9,sensor_7,-3.6231,3.6231,decreased predicted RUL
FD002,141,117.8616,10,sensor_2,2.9309,2.9309,increased predicted RUL
FD002,142,43.968,1,cycle,-37.882,37.882,decreased predicted RUL
FD002,142,43.968,2,sensor_11,-21.803,21.803,decreased predicted RUL
FD002,142,43.968,3,sensor_13,-12.8489,12.8489,decreased predicted RUL
FD002,142,43.968,4,sensor_4,-12.7184,12.7184,decreased predicted RUL
FD002,142,43.968,5,sensor_15,7.7697,7.7697,increased predicted RUL
FD002,142,43.968,6,sensor_15_diff,-6.5921,6.5921,decreased predicted RUL
FD002,142,43.968,7,sensor_12,6.4879,6.4879,increased predicted RUL
FD002,142,43.968,8,sensor_2,-4.6045,4.6045,decreased predicted RUL
FD002,142,43.968,9,sensor_17,-3.2784,3.2784,decreased predicted RUL
FD002,142,43.968,10,sensor_8,-2.9854,2.9854,decreased predicted RUL
FD002,143,70.5635,1,cycle,-31.8308,31.8308,decreased predicted RUL
FD002,143,70.5635,2,sensor_13,-16.0187,16.0187,decreased predicted RUL
FD002,143,70.5635,3,sensor_15_diff,-12.7045,12.7045,decreased predicted RUL
FD002,143,70.5635,4,sensor_15,9.0692,9.0692,increased predicted RUL
FD002,143,70.5635,5,sensor_10_diff,5.2358,5.2358,increased predicted RUL
FD002,143,70.5635,6,sensor_11,-4.6646,4.6646,decreased predicted RUL
FD002,143,70.5635,7,sensor_4,-4.5951,4.5951,decreased predicted RUL
FD002,143,70.5635,8,sensor_15_rolling_mean,-3.9421,3.9421,decreased predicted RUL
FD002,143,70.5635,9,sensor_17,-2.3049,2.3049,decreased predicted RUL
FD002,143,70.5635,10,sensor_13_diff,2.2049,2.2049,increased predicted RUL
FD002,144,54.5667,1,sensor_15,-58.8292,58.8292,decreased predicted RUL
FD002,144,54.5667,2,cycle,-31.6267,31.6267,decreased predicted RUL
FD002,144,54.5667,3,sensor_4,9.1404,9.1404,increased predicted RUL
FD002,144,54.5667,4,sensor_15_rolling_mean,-9.101,9.101,decreased predicted RUL
FD002,144,54.5667,5,sensor_13,9.0148,9.0148,increased predicted RUL
FD002,144,54.5667,6,sensor_11,7.7022,7.7022,increased predicted RUL
FD002,144,54.5667,7,sensor_6,-6.3126,6.3126,decreased predicted RUL
FD002,144,54.5667,8,sensor_13_rolling_mean,5.211,5.211,increased predicted RUL
FD002,144,54.5667,9,sensor_15_diff,4.9521,4.9521,increased predicted RUL
FD002,144,54.5667,10,sensor_9,4.0464,4.0464,increased predicted RUL
FD002,145,131.2565,1,cycle,-29.8212,29.8212,decreased predicted RUL
FD002,145,131.2565,2,sensor_15,20.8961,20.8961,increased predicted RUL
FD002,145,131.2565,3,sensor_4,-6.5236,6.5236,decreased predicted RUL
FD002,145,131.2565,4,sensor_12,6.325,6.325,increased predicted RUL
FD002,145,131.2565,5,sensor_15_diff,-6.0959,6.0959,decreased predicted RUL
FD002,145,131.2565,6,sensor_20,5.1857,5.1857,increased predicted RUL
FD002,145,131.2565,7,sensor_13,4.8428,4.8428,increased predicted RUL
FD002,145,131.2565,8,sensor_11,-4.3722,4.3722,decreased predicted RUL
FD002,145,131.2565,9,sensor_11_rolling_mean,-4.3105,4.3105,decreased predicted RUL
FD002,145,131.2565,10,sensor_7,4.2433,4.2433,increased predicted RUL
FD002,146,15.4518,1,sensor_15,-44.8637,44.8637,decreased predicted RUL
FD002,146,15.4518,2,cycle,-38.2929,38.2929,decreased predicted RUL
FD002,146,15.4518,3,sensor_13,13.8323,13.8323,increased predicted RUL
FD002,146,15.4518,4,sensor_11,-11.8354,11.8354,decreased predicted RUL
FD002,146,15.4518,5,sensor_6,-8.4189,8.4189,decreased predicted RUL
FD002,146,15.4518,6,sensor_21,-7.324,7.324,decreased predicted RUL
FD002,146,15.4518,7,sensor_4,-6.75,6.75,decreased predicted RUL
FD002,146,15.4518,8,sensor_20,-3.404,3.404,decreased predicted RUL
FD002,146,15.4518,9,sensor_7,-3.0912,3.0912,decreased predicted RUL
FD002,146,15.4518,10,sensor_13_diff,-2.7385,2.7385,decreased predicted RUL
FD002,147,116.4329,1,sensor_15,-29.5392,29.5392,decreased predicted RUL
FD002,147,116.4329,2,sensor_13,14.485,14.485,increased predicted RUL
FD002,147,116.4329,3,cycle,13.2341,13.2341,increased predicted RUL
FD002,147,116.4329,4,sensor_21,-4.8701,4.8701,decreased predicted RUL
FD002,147,116.4329,5,sensor_9,4.7653,4.7653,increased predicted RUL
FD002,147,116.4329,6,sensor_11,-4.4312,4.4312,decreased predicted RUL
FD002,147,116.4329,7,sensor_12,-3.7694,3.7694,decreased predicted RUL
FD002,147,116.4329,8,sensor_7,-3.3209,3.3209,decreased predicted RUL
FD002,147,116.4329,9,sensor_20_rolling_mean,-3.1687,3.1687,decreased predicted RUL
FD002,147,116.4329,10,sensor_3,2.7584,2.7584,increased predicted RUL
FD002,148,5.4331,1,cycle,-45.0472,45.0472,decreased predicted RUL
FD002,148,5.4331,2,sensor_13,-27.1065,27.1065,decreased predicted RUL
FD002,148,5.4331,3,sensor_15,-16.7736,16.7736,decreased predicted RUL
FD002,148,5.4331,4,sensor_21,-7.7561,7.7561,decreased predicted RUL
FD002,148,5.4331,5,sensor_11_diff,-6.6368,6.6368,decreased predicted RUL
FD002,148,5.4331,6,sensor_6,-6.2244,6.2244,decreased predicted RUL
FD002,148,5.4331,7,sensor_15_diff,4.9361,4.9361,increased predicted RUL
FD002,148,5.4331,8,sensor_20,-4.5827,4.5827,decreased predicted RUL
FD002,148,5.4331,9,sensor_11,-3.7088,3.7088,decreased predicted RUL
FD002,148,5.4331,10,sensor_13_diff,3.3268,3.3268,increased predicted RUL
FD002,149,137.0606,1,sensor_15,-27.6478,27.6478,decreased predicted RUL
FD002,149,137.0606,2,cycle,16.5975,16.5975,increased predicted RUL
FD002,149,137.0606,3,sensor_11,12.3078,12.3078,increased predicted RUL
FD002,149,137.0606,4,sensor_4,9.7719,9.7719,increased predicted RUL
FD002,149,137.0606,5,sensor_13,9.1752,9.1752,increased predicted RUL
FD002,149,137.0606,6,sensor_6,-7.5501,7.5501,decreased predicted RUL
FD002,149,137.0606,7,sensor_11_diff,-6.9966,6.9966,decreased predicted RUL
FD002,149,137.0606,8,sensor_3,6.4477,6.4477,increased predicted RUL
FD002,149,137.0606,9,sensor_15_rolling_mean,-6.1879,6.1879,decreased predicted RUL
FD002,149,137.0606,10,sensor_13_rolling_mean,4.9421,4.9421,increased predicted RUL
FD002,150,49.1129,1,sensor_15,-63.2657,63.2657,decreased predicted RUL
FD002,150,49.1129,2,cycle,-31.9477,31.9477,decreased predicted RUL
FD002,150,49.1129,3,sensor_4,12.6965,12.6965,increased predicted RUL
FD002,150,49.1129,4,sensor_11,9.5081,9.5081,increased predicted RUL
FD002,150,49.1129,5,sensor_13,6.7905,6.7905,increased predicted RUL
FD002,150,49.1129,6,sensor_15_rolling_mean,-6.6675,6.6675,decreased predicted RUL
FD002,150,49.1129,7,sensor_11_diff,-6.2492,6.2492,decreased predicted RUL
FD002,150,49.1129,8,sensor_15_diff,6.168,6.168,increased predicted RUL
FD002,150,49.1129,9,sensor_6,-5.855,5.855,decreased predicted RUL
FD002,150,49.1129,10,sensor_9,3.8623,3.8623,increased predicted RUL
FD002,151,84.4382,1,cycle,-29.5623,29.5623,decreased predicted RUL
FD002,151,84.4382,2,sensor_15,-16.4845,16.4845,decreased predicted RUL
FD002,151,84.4382,3,sensor_13,7.6759,7.6759,increased predicted RUL
FD002,151,84.4382,4,sensor_15_rolling_mean,-5.8689,5.8689,decreased predicted RUL
FD002,151,84.4382,5,sensor_21,-4.0081,4.0081,decreased predicted RUL
FD002,151,84.4382,6,sensor_8,3.4603,3.4603,increased predicted RUL
FD002,151,84.4382,7,sensor_6,-3.2047,3.2047,decreased predicted RUL
FD002,151,84.4382,8,sensor_15_diff,3.1888,3.1888,increased predicted RUL
FD002,151,84.4382,9,sensor_13_diff,-3.0566,3.0566,decreased predicted RUL
FD002,151,84.4382,10,sensor_3,3.0183,3.0183,increased predicted RUL
FD002,152,103.7994,1,sensor_13,-10.346,10.346,decreased predicted RUL
FD002,152,103.7994,2,sensor_15,7.0799,7.0799,increased predicted RUL
FD002,152,103.7994,3,sensor_4,-6.5524,6.5524,decreased predicted RUL
FD002,152,103.7994,4,sensor_11,-5.346,5.346,decreased predicted RUL
FD002,152,103.7994,5,cycle,-4.4836,4.4836,decreased predicted RUL
FD002,152,103.7994,6,sensor_11_rolling_mean,-4.406,4.406,decreased predicted RUL
FD002,152,103.7994,7,sensor_9,2.909,2.909,increased predicted RUL
FD002,152,103.7994,8,sensor_15_rolling_mean,2.8212,2.8212,increased predicted RUL
FD002,152,103.7994,9,sensor_15_diff,2.5691,2.5691,increased predicted RUL
FD002,152,103.7994,10,sensor_6,-2.5671,2.5671,decreased predicted RUL
FD002,153,94.8459,1,cycle,-33.0495,33.0495,decreased predicted RUL
FD002,153,94.8459,2,sensor_15,21.1637,21.1637,increased predicted RUL
FD002,153,94.8459,3,sensor_14,-8.6356,8.6356,decreased predicted RUL
FD002,153,94.8459,4,sensor_4,-8.3835,8.3835,decreased predicted RUL
FD002,153,94.8459,5,sensor_9,-6.711,6.711,decreased predicted RUL
FD002,153,94.8459,6,sensor_12,6.4089,6.4089,increased predicted RUL
FD002,153,94.8459,7,sensor_13,6.3093,6.3093,increased predicted RUL
FD002,153,94.8459,8,sensor_15_diff,-4.3334,4.3334,decreased predicted RUL
FD002,153,94.8459,9,sensor_13_rolling_mean,-4.0948,4.0948,decreased predicted RUL
FD002,153,94.8459,10,sensor_11,-3.9552,3.9552,decreased predicted RUL
FD002,154,135.3322,1,cycle,28.322,28.322,increased predicted RUL
FD002,154,135.3322,2,sensor_15,-11.0527,11.0527,decreased predicted RUL
FD002,154,135.3322,3,sensor_15_rolling_mean,-8.676,8.676,decreased predicted RUL
FD002,154,135.3322,4,sensor_15_diff,-6.9034,6.9034,decreased predicted RUL
FD002,154,135.3322,5,sensor_12,-5.3803,5.3803,decreased predicted RUL
FD002,154,135.3322,6,sensor_7,-4.3938,4.3938,decreased predicted RUL
FD002,154,135.3322,7,sensor_13_rolling_mean,4.3363,4.3363,increased predicted RUL
FD002,154,135.3322,8,sensor_4_diff,4.1155,4.1155,increased predicted RUL
FD002,154,135.3322,9,sensor_11,4.0602,4.0602,increased predicted RUL
FD002,154,135.3322,10,sensor_6,-3.9927,3.9927,decreased predicted RUL
FD002,155,148.9943,1,cycle,12.7303,12.7303,increased predicted RUL
FD002,155,148.9943,2,sensor_15,12.3271,12.3271,increased predicted RUL
FD002,155,148.9943,3,sensor_4,-5.7959,5.7959,decreased predicted RUL
FD002,155,148.9943,4,sensor_11_rolling_mean,-4.2148,4.2148,decreased predicted RUL
FD002,155,148.9943,5,sensor_8,3.8051,3.8051,increased predicted RUL
FD002,155,148.9943,6,sensor_11,-3.1976,3.1976,decreased predicted RUL
FD002,155,148.9943,7,sensor_13_rolling_std,2.6816,2.6816,increased predicted RUL
FD002,155,148.9943,8,sensor_13_rolling_mean,-2.6459,2.6459,decreased predicted RUL
FD002,155,148.9943,9,sensor_6,-2.5368,2.5368,decreased predicted RUL
FD002,155,148.9943,10,sensor_21,2.3661,2.3661,increased predicted RUL
FD002,156,116.397,1,sensor_15,11.1461,11.1461,increased predicted RUL
FD002,156,116.397,2,cycle,9.6639,9.6639,increased predicted RUL
FD002,156,116.397,3,sensor_13_rolling_mean,-7.7803,7.7803,decreased predicted RUL
FD002,156,116.397,4,sensor_4,-6.346,6.346,decreased predicted RUL
FD002,156,116.397,5,sensor_11,-4.9805,4.9805,decreased predicted RUL
FD002,156,116.397,6,sensor_6,-3.7451,3.7451,decreased predicted RUL
FD002,156,116.397,7,sensor_15_diff,3.6497,3.6497,increased predicted RUL
FD002,156,116.397,8,sensor_13,-3.2818,3.2818,decreased predicted RUL
FD002,156,116.397,9,sensor_11_rolling_mean,-3.2651,3.2651,decreased predicted RUL
FD002,156,116.397,10,sensor_8,3.0995,3.0995,increased predicted RUL
FD002,157,124.6999,1,cycle,-29.1596,29.1596,decreased predicted RUL
FD002,157,124.6999,2,sensor_15,13.3661,13.3661,increased predicted RUL
FD002,157,124.6999,3,sensor_14,5.6148,5.6148,increased predicted RUL
FD002,157,124.6999,4,sensor_11_rolling_mean,-4.8397,4.8397,decreased predicted RUL
FD002,157,124.6999,5,sensor_15_diff,4.1665,4.1665,increased predicted RUL
FD002,157,124.6999,6,sensor_13_diff,3.2154,3.2154,increased predicted RUL
FD002,157,124.6999,7,sensor_11,2.7196,2.7196,increased predicted RUL
FD002,157,124.6999,8,sensor_15_rolling_mean,2.6557,2.6557,increased predicted RUL
FD002,157,124.6999,9,sensor_13_rolling_mean,-2.3322,2.3322,decreased predicted RUL
FD002,157,124.6999,10,sensor_6_rolling_mean,-2.3049,2.3049,decreased predicted RUL
FD002,158,8.7487,1,cycle,-45.2791,45.2791,decreased predicted RUL
FD002,158,8.7487,2,sensor_13,-24.9555,24.9555,decreased predicted RUL
FD002,158,8.7487,3,sensor_15,-16.4446,16.4446,decreased predicted RUL
FD002,158,8.7487,4,sensor_21,-7.6505,7.6505,decreased predicted RUL
FD002,158,8.7487,5,sensor_6,-6.9347,6.9347,decreased predicted RUL
FD002,158,8.7487,6,sensor_15_diff,-4.9935,4.9935,decreased predicted RUL
FD002,158,8.7487,7,sensor_4,-4.3513,4.3513,decreased predicted RUL
FD002,158,8.7487,8,sensor_11,-4.107,4.107,decreased predicted RUL
FD002,158,8.7487,9,sensor_15_rolling_mean,-3.7206,3.7206,decreased predicted RUL
FD002,158,8.7487,10,sensor_4_diff,3.4756,3.4756,increased predicted RUL
FD002,159,6.8473,1,cycle,-38.6325,38.6325,decreased predicted RUL
FD002,159,6.8473,2,sensor_13,-31.099,31.099,decreased predicted RUL
FD002,159,6.8473,3,sensor_11,-9.7231,9.7231,decreased predicted RUL
FD002,159,6.8473,4,sensor_4,-7.9008,7.9008,decreased predicted RUL
FD002,159,6.8473,5,sensor_15_rolling_mean,-6.7198,6.7198,decreased predicted RUL
FD002,159,6.8473,6,sensor_15,-5.1964,5.1964,decreased predicted RUL
FD002,159,6.8473,7,sensor_2,-4.4343,4.4343,decreased predicted RUL
FD002,159,6.8473,8,sensor_13_rolling_mean,3.6077,3.6077,increased predicted RUL
FD002,159,6.8473,9,sensor_21,-3.2067,3.2067,decreased predicted RUL
FD002,159,6.8473,10,sensor_7,-2.9321,2.9321,decreased predicted RUL
FD002,160,56.5195,1,cycle,-33.5625,33.5625,decreased predicted RUL
FD002,160,56.5195,2,sensor_13,-19.0321,19.0321,decreased predicted RUL
FD002,160,56.5195,3,sensor_15,-12.904,12.904,decreased predicted RUL
FD002,160,56.5195,4,sensor_4,9.1323,9.1323,increased predicted RUL
FD002,160,56.5195,5,sensor_21,-5.7302,5.7302,decreased predicted RUL
FD002,160,56.5195,6,sensor_6,-4.5635,4.5635,decreased predicted RUL
FD002,160,56.5195,7,sensor_15_rolling_mean,-3.7505,3.7505,decreased predicted RUL
FD002,160,56.5195,8,sensor_9,3.6582,3.6582,increased predicted RUL
FD002,160,56.5195,9,sensor_2,3.4656,3.4656,increased predicted RUL
FD002,160,56.5195,10,sensor_20,-3.2829,3.2829,decreased predicted RUL
FD002,161,14.5341,1,cycle,-46.2546,46.2546,decreased predicted RUL
FD002,161,14.5341,2,sensor_13,-28.2752,28.2752,decreased predicted RUL
FD002,161,14.5341,3,sensor_15,-12.8163,12.8163,decreased predicted RUL
FD002,161,14.5341,4,sensor_6,-8.1419,8.1419,decreased predicted RUL
FD002,161,14.5341,5,sensor_21,-5.9561,5.9561,decreased predicted RUL
FD002,161,14.5341,6,sensor_3,4.1775,4.1775,increased predicted RUL
FD002,161,14.5341,7,sensor_2,2.6336,2.6336,increased predicted RUL
FD002,161,14.5341,8,sensor_13_rolling_std,-2.2839,2.2839,decreased predicted RUL
FD002,161,14.5341,9,sensor_11,-2.2453,2.2453,decreased predicted RUL
FD002,161,14.5341,10,sensor_20,-2.1221,2.1221,decreased predicted RUL
FD002,162,62.8012,1,cycle,-34.5084,34.5084,decreased predicted RUL
FD002,162,62.8012,2,sensor_13,-17.3824,17.3824,decreased predicted RUL
FD002,162,62.8012,3,sensor_13_rolling_mean,-7.2906,7.2906,decreased predicted RUL
FD002,162,62.8012,4,sensor_15,6.3519,6.3519,increased predicted RUL
FD002,162,62.8012,5,sensor_4,-6.1373,6.1373,decreased predicted RUL
FD002,162,62.8012,6,sensor_11,-5.1448,5.1448,decreased predicted RUL
FD002,162,62.8012,7,sensor_15_diff,-3.6504,3.6504,decreased predicted RUL
FD002,162,62.8012,8,sensor_13_rolling_std,3.121,3.121,increased predicted RUL
FD002,162,62.8012,9,sensor_6_rolling_mean,-1.7642,1.7642,decreased predicted RUL
FD002,162,62.8012,10,sensor_14,-1.6553,1.6553,decreased predicted RUL
FD002,163,70.453,1,cycle,-34.5451,34.5451,decreased predicted RUL
FD002,163,70.453,2,sensor_11,16.6983,16.6983,increased predicted RUL
FD002,163,70.453,3,sensor_15,-8.2556,8.2556,decreased predicted RUL
FD002,163,70.453,4,sensor_13,-6.5836,6.5836,decreased predicted RUL
FD002,163,70.453,5,sensor_4,-5.1355,5.1355,decreased predicted RUL
FD002,163,70.453,6,sensor_6,-3.972,3.972,decreased predicted RUL
FD002,163,70.453,7,sensor_13_rolling_mean,-3.4821,3.4821,decreased predicted RUL
FD002,163,70.453,8,sensor_12,-3.2537,3.2537,decreased predicted RUL
FD002,163,70.453,9,sensor_7,-2.2507,2.2507,decreased predicted RUL
FD002,163,70.453,10,sensor_3,2.1949,2.1949,increased predicted RUL
FD002,164,11.7984,1,sensor_15,-41.8628,41.8628,decreased predicted RUL
FD002,164,11.7984,2,cycle,-38.2611,38.2611,decreased predicted RUL
FD002,164,11.7984,3,sensor_11,-10.4654,10.4654,decreased predicted RUL
FD002,164,11.7984,4,sensor_4,-6.9169,6.9169,decreased predicted RUL
FD002,164,11.7984,5,sensor_6,-6.8699,6.8699,decreased predicted RUL
FD002,164,11.7984,6,sensor_13,6.8206,6.8206,increased predicted RUL
FD002,164,11.7984,7,sensor_21,-6.6855,6.6855,decreased predicted RUL
FD002,164,11.7984,8,sensor_20,-3.6821,3.6821,decreased predicted RUL
FD002,164,11.7984,9,sensor_13_rolling_mean,-3.0704,3.0704,decreased predicted RUL
FD002,164,11.7984,10,sensor_15_diff,3.0122,3.0122,increased predicted RUL
FD002,165,155.4224,1,cycle,44.7646,44.7646,increased predicted RUL
FD002,165,155.4224,2,sensor_13,11.4998,11.4998,increased predicted RUL
FD002,165,155.4224,3,sensor_13_rolling_mean,-4.4926,4.4926,decreased predicted RUL
FD002,165,155.4224,4,sensor_11,4.3578,4.3578,increased predicted RUL
FD002,165,155.4224,5,sensor_12,-4.1627,4.1627,decreased predicted RUL
FD002,165,155.4224,6,sensor_13_diff,-3.9441,3.9441,decreased predicted RUL
FD002,165,155.4224,7,sensor_11_rolling_mean,-3.0376,3.0376,decreased predicted RUL
FD002,165,155.4224,8,sensor_4_diff,-2.8532,2.8532,decreased predicted RUL
FD002,165,155.4224,9,sensor_10,-2.7889,2.7889,decreased predicted RUL
FD002,165,155.4224,10,sensor_15_diff,2.7266,2.7266,increased predicted RUL
FD002,166,97.634,1,sensor_15,-22.9651,22.9651,decreased predicted RUL
FD002,166,97.634,2,cycle,-10.7553,10.7553,decreased predicted RUL
FD002,166,97.634,3,sensor_2,6.1375,6.1375,increased predicted RUL
FD002,166,97.634,4,sensor_13,5.4267,5.4267,increased predicted RUL
FD002,166,97.634,5,sensor_21,-4.9602,4.9602,decreased predicted RUL
FD002,166,97.634,6,sensor_15_rolling_mean,-3.9758,3.9758,decreased predicted RUL
FD002,166,97.634,7,sensor_8,3.9559,3.9559,increased predicted RUL
FD002,166,97.634,8,sensor_12,-3.4032,3.4032,decreased predicted RUL
FD002,166,97.634,9,sensor_3,3.3044,3.3044,increased predicted RUL
FD002,166,97.634,10,sensor_11_diff,3.177,3.177,increased predicted RUL
FD002,167,131.0079,1,sensor_15,-18.2344,18.2344,decreased predicted RUL
FD002,167,131.0079,2,cycle,11.1574,11.1574,increased predicted RUL
FD002,167,131.0079,3,sensor_11,5.3775,5.3775,increased predicted RUL
FD002,167,131.0079,4,sensor_13_rolling_std,5.2981,5.2981,increased predicted RUL
FD002,167,131.0079,5,sensor_7,-5.0485,5.0485,decreased predicted RUL
FD002,167,131.0079,6,sensor_12,-4.6556,4.6556,decreased predicted RUL
FD002,167,131.0079,7,sensor_2,4.4318,4.4318,increased predicted RUL
FD002,167,131.0079,8,sensor_3,3.6518,3.6518,increased predicted RUL
FD002,167,131.0079,9,sensor_6,3.262,3.262,increased predicted RUL
FD002,167,131.0079,10,sensor_21,-3.1298,3.1298,decreased predicted RUL
FD002,168,92.6899,1,cycle,-24.9552,24.9552,decreased predicted RUL
FD002,168,92.6899,2,sensor_13,-12.6124,12.6124,decreased predicted RUL
FD002,168,92.6899,3,sensor_15,7.6926,7.6926,increased predicted RUL
FD002,168,92.6899,4,sensor_11_rolling_mean,-5.0045,5.0045,decreased predicted RUL
FD002,168,92.6899,5,sensor_4,-4.7194,4.7194,decreased predicted RUL
FD002,168,92.6899,6,sensor_11,-3.9268,3.9268,decreased predicted RUL
FD002,168,92.6899,7,sensor_15_rolling_mean,3.3318,3.3318,increased predicted RUL
FD002,168,92.6899,8,sensor_13_rolling_mean,-3.2967,3.2967,decreased predicted RUL
FD002,168,92.6899,9,sensor_15_diff,-2.5522,2.5522,decreased predicted RUL
FD002,168,92.6899,10,sensor_17,-2.0033,2.0033,decreased predicted RUL
FD002,169,107.083,1,sensor_15,-39.3483,39.3483,decreased predicted RUL
FD002,169,107.083,2,sensor_15_rolling_mean,-10.4034,10.4034,decreased predicted RUL
FD002,169,107.083,3,sensor_11,9.7532,9.7532,increased predicted RUL
FD002,169,107.083,4,sensor_13,8.9621,8.9621,increased predicted RUL
FD002,169,107.083,5,cycle,7.6426,7.6426,increased predicted RUL
FD002,169,107.083,6,sensor_4,7.3929,7.3929,increased predicted RUL
FD002,169,107.083,7,sensor_6,-7.3021,7.3021,decreased predicted RUL
FD002,169,107.083,8,sensor_15_diff,4.942,4.942,increased predicted RUL
FD002,169,107.083,9,sensor_9,4.9322,4.9322,increased predicted RUL
FD002,169,107.083,10,sensor_2,4.1637,4.1637,increased predicted RUL
FD002,170,121.1851,1,sensor_11,14.7183,14.7183,increased predicted RUL
FD002,170,121.1851,2,sensor_15,-8.4254,8.4254,decreased predicted RUL
FD002,170,121.1851,3,sensor_12,-4.7885,4.7885,decreased predicted RUL
FD002,170,121.1851,4,sensor_15_diff,3.7913,3.7913,increased predicted RUL
FD002,170,121.1851,5,sensor_13_rolling_std,3.6081,3.6081,increased predicted RUL
FD002,170,121.1851,6,sensor_13,-3.425,3.425,decreased predicted RUL
FD002,170,121.1851,7,sensor_2,-3.3287,3.3287,decreased predicted RUL
FD002,170,121.1851,8,sensor_13_rolling_mean,-3.2133,3.2133,decreased predicted RUL
FD002,170,121.1851,9,sensor_7,-2.8228,2.8228,decreased predicted RUL
FD002,170,121.1851,10,sensor_8,2.7782,2.7782,increased predicted RUL
FD002,171,30.9954,1,cycle,-41.2082,41.2082,decreased predicted RUL
FD002,171,30.9954,2,sensor_13,-28.6177,28.6177,decreased predicted RUL
FD002,171,30.9954,3,sensor_15,-9.3162,9.3162,decreased predicted RUL
FD002,171,30.9954,4,sensor_11,8.8968,8.8968,increased predicted RUL
FD002,171,30.9954,5,sensor_6,-5.0662,5.0662,decreased predicted RUL
FD002,171,30.9954,6,sensor_21,-4.8903,4.8903,decreased predicted RUL
FD002,171,30.9954,7,sensor_13_rolling_mean,-4.1257,4.1257,decreased predicted RUL
FD002,171,30.9954,8,sensor_13_diff,3.6328,3.6328,increased predicted RUL
FD002,171,30.9954,9,sensor_12,-2.9996,2.9996,decreased predicted RUL
FD002,171,30.9954,10,sensor_11_diff,-2.9381,2.9381,decreased predicted RUL
FD002,172,92.3516,1,cycle,-30.4428,30.4428,decreased predicted RUL
FD002,172,92.3516,2,sensor_15,10.585,10.585,increased predicted RUL
FD002,172,92.3516,3,sensor_13,-7.0335,7.0335,decreased predicted RUL
FD002,172,92.3516,4,sensor_13_rolling_std,3.2195,3.2195,increased predicted RUL
FD002,172,92.3516,5,sensor_15_diff,3.0394,3.0394,increased predicted RUL
FD002,172,92.3516,6,sensor_12,-2.8693,2.8693,decreased predicted RUL
FD002,172,92.3516,7,sensor_11_diff,-2.5822,2.5822,decreased predicted RUL
FD002,172,92.3516,8,sensor_13_rolling_mean,-2.5809,2.5809,decreased predicted RUL
FD002,172,92.3516,9,sensor_6,-2.5131,2.5131,decreased predicted RUL
FD002,172,92.3516,10,sensor_11,-2.3874,2.3874,decreased predicted RUL
FD002,173,10.356,1,cycle,-34.8255,34.8255,decreased predicted RUL
FD002,173,10.356,2,sensor_11,-30.5948,30.5948,decreased predicted RUL
FD002,173,10.356,3,sensor_13,-26.767,26.767,decreased predicted RUL
FD002,173,10.356,4,sensor_4,-12.4917,12.4917,decreased predicted RUL
FD002,173,10.356,5,sensor_15,6.7804,6.7804,increased predicted RUL
FD002,173,10.356,6,sensor_15_diff,-5.5129,5.5129,decreased predicted RUL
FD002,173,10.356,7,sensor_2,-4.1546,4.1546,decreased predicted RUL
FD002,173,10.356,8,sensor_8,-3.8121,3.8121,decreased predicted RUL
FD002,173,10.356,9,sensor_17,-3.0168,3.0168,decreased predicted RUL
FD002,173,10.356,10,sensor_12,2.943,2.943,increased predicted RUL
FD002,174,142.4265,1,cycle,39.198,39.198,increased predicted RUL
FD002,174,142.4265,2,sensor_15,7.7689,7.7689,increased predicted RUL
FD002,174,142.4265,3,sensor_6,-7.7463,7.7463,decreased predicted RUL
FD002,174,142.4265,4,sensor_4,-6.8605,6.8605,decreased predicted RUL
FD002,174,142.4265,5,sensor_13,-6.7939,6.7939,decreased predicted RUL
FD002,174,142.4265,6,sensor_11,-5.3389,5.3389,decreased predicted RUL
FD002,174,142.4265,7,sensor_15_diff,-3.7781,3.7781,decreased predicted RUL
FD002,174,142.4265,8,sensor_13_rolling_std,3.4076,3.4076,increased predicted RUL
FD002,174,142.4265,9,sensor_7,-2.8826,2.8826,decreased predicted RUL
FD002,174,142.4265,10,sensor_13_rolling_mean,-2.4551,2.4551,decreased predicted RUL
FD002,175,138.3936,1,sensor_15,-26.8913,26.8913,decreased predicted RUL
FD002,175,138.3936,2,sensor_11,18.9305,18.9305,increased predicted RUL
FD002,175,138.3936,3,sensor_4,13.5999,13.5999,increased predicted RUL
FD002,175,138.3936,4,sensor_13,12.2474,12.2474,increased predicted RUL
FD002,175,138.3936,5,sensor_11_diff,-6.837,6.837,decreased predicted RUL
FD002,175,138.3936,6,sensor_2,6.0869,6.0869,increased predicted RUL
FD002,175,138.3936,7,sensor_6,-5.8552,5.8552,decreased predicted RUL
FD002,175,138.3936,8,sensor_15_diff,5.6649,5.6649,increased predicted RUL
FD002,175,138.3936,9,sensor_3,3.801,3.801,increased predicted RUL
FD002,175,138.3936,10,sensor_9,3.755,3.755,increased predicted RUL
FD002,176,35.4908,1,cycle,-39.2687,39.2687,decreased predicted RUL
FD002,176,35.4908,2,sensor_13,-24.541,24.541,decreased predicted RUL
FD002,176,35.4908,3,sensor_11,14.2115,14.2115,increased predicted RUL
FD002,176,35.4908,4,sensor_15,-12.5884,12.5884,decreased predicted RUL
FD002,176,35.4908,5,sensor_11_diff,-7.5778,7.5778,decreased predicted RUL
FD002,176,35.4908,6,sensor_15_diff,4.8656,4.8656,increased predicted RUL
FD002,176,35.4908,7,sensor_6,-4.0403,4.0403,decreased predicted RUL
FD002,176,35.4908,8,sensor_13_diff,3.8841,3.8841,increased predicted RUL
FD002,176,35.4908,9,sensor_9,-3.8395,3.8395,decreased predicted RUL
FD002,176,35.4908,10,sensor_12,-3.2541,3.2541,decreased predicted RUL
FD002,177,6.8656,1,cycle,-41.776,41.776,decreased predicted RUL
FD002,177,6.8656,2,sensor_13,-38.1925,38.1925,decreased predicted RUL
FD002,177,6.8656,3,sensor_15_diff,-12.0414,12.0414,decreased predicted RUL
FD002,177,6.8656,4,sensor_14,-11.6384,11.6384,decreased predicted RUL
FD002,177,6.8656,5,sensor_11,-10.4004,10.4004,decreased predicted RUL
FD002,177,6.8656,6,sensor_4,-7.7385,7.7385,decreased predicted RUL
FD002,177,6.8656,7,sensor_10_diff,5.0214,5.0214,increased predicted RUL
FD002,177,6.8656,8,sensor_15,4.2958,4.2958,increased predicted RUL
FD002,177,6.8656,9,sensor_6,-2.3748,2.3748,decreased predicted RUL
FD002,177,6.8656,10,sensor_17_rolling_std,-1.9727,1.9727,decreased predicted RUL
FD002,178,125.8997,1,cycle,31.1179,31.1179,increased predicted RUL
FD002,178,125.8997,2,sensor_15,-13.7904,13.7904,decreased predicted RUL
FD002,178,125.8997,3,sensor_15_rolling_mean,-6.5296,6.5296,decreased predicted RUL
FD002,178,125.8997,4,sensor_13,6.3754,6.3754,increased predicted RUL
FD002,178,125.8997,5,sensor_4_diff,-3.7239,3.7239,decreased predicted RUL
FD002,178,125.8997,6,sensor_21,-3.1675,3.1675,decreased predicted RUL
FD002,178,125.8997,7,sensor_15_diff,2.8891,2.8891,increased predicted RUL
FD002,178,125.8997,8,sensor_13_rolling_mean,2.7268,2.7268,increased predicted RUL
FD002,178,125.8997,9,sensor_11_diff,-2.7006,2.7006,decreased predicted RUL
FD002,178,125.8997,10,sensor_10,-2.6809,2.6809,decreased predicted RUL
FD002,179,37.8712,1,sensor_15,-37.4621,37.4621,decreased predicted RUL
FD002,179,37.8712,2,cycle,-34.519,34.519,decreased predicted RUL
FD002,179,37.8712,3,sensor_13,19.98,19.98,increased predicted RUL
FD002,179,37.8712,4,sensor_6,-8.525,8.525,decreased predicted RUL
FD002,179,37.8712,5,sensor_21,-5.9731,5.9731,decreased predicted RUL
FD002,179,37.8712,6,sensor_7,-5.4508,5.4508,decreased predicted RUL
FD002,179,37.8712,7,sensor_12,-5.0059,5.0059,decreased predicted RUL
FD002,179,37.8712,8,sensor_6_rolling_mean,-4.4002,4.4002,decreased predicted RUL
FD002,179,37.8712,9,sensor_4,-4.2749,4.2749,decreased predicted RUL
FD002,179,37.8712,10,sensor_14,3.3886,3.3886,increased predicted RUL
FD002,180,108.2276,1,cycle,-30.6113,30.6113,decreased predicted RUL
FD002,180,108.2276,2,sensor_11,-16.3877,16.3877,decreased predicted RUL
FD002,180,108.2276,3,sensor_15,14.6123,14.6123,increased predicted RUL
FD002,180,108.2276,4,sensor_13,9.6435,9.6435,increased predicted RUL
FD002,180,108.2276,5,sensor_15_diff,-6.0316,6.0316,decreased predicted RUL
FD002,180,108.2276,6,sensor_20,5.7359,5.7359,increased predicted RUL
FD002,180,108.2276,7,sensor_8,-4.5153,4.5153,decreased predicted RUL
FD002,180,108.2276,8,sensor_12,4.4951,4.4951,increased predicted RUL
FD002,180,108.2276,9,sensor_13_rolling_mean,4.0019,4.0019,increased predicted RUL
FD002,180,108.2276,10,sensor_2,-3.9107,3.9107,decreased predicted RUL
FD002,181,46.4961,1,cycle,-39.2743,39.2743,decreased predicted RUL
FD002,181,46.4961,2,sensor_13,-18.2374,18.2374,decreased predicted RUL
FD002,181,46.4961,3,sensor_15,-14.4593,14.4593,decreased predicted RUL
FD002,181,46.4961,4,sensor_21,-7.0968,7.0968,decreased predicted RUL
FD002,181,46.4961,5,sensor_15_rolling_mean,-5.2961,5.2961,decreased predicted RUL
FD002,181,46.4961,6,sensor_6,-5.0905,5.0905,decreased predicted RUL
FD002,181,46.4961,7,sensor_15_diff,3.7657,3.7657,increased predicted RUL
FD002,181,46.4961,8,sensor_4_rolling_std,-3.4743,3.4743,decreased predicted RUL
FD002,181,46.4961,9,sensor_9,3.0622,3.0622,increased predicted RUL
FD002,181,46.4961,10,sensor_11_diff,-2.6123,2.6123,decreased predicted RUL
FD002,182,7.9967,1,sensor_15,-47.6295,47.6295,decreased predicted RUL
FD002,182,7.9967,2,cycle,-36.88,36.88,decreased predicted RUL
FD002,182,7.9967,3,sensor_13,16.3139,16.3139,increased predicted RUL
FD002,182,7.9967,4,sensor_6,-8.2949,8.2949,decreased predicted RUL
FD002,182,7.9967,5,sensor_4,-6.4163,6.4163,decreased predicted RUL
FD002,182,7.9967,6,sensor_11,-6.1207,6.1207,decreased predicted RUL
FD002,182,7.9967,7,sensor_21,-5.6536,5.6536,decreased predicted RUL
FD002,182,7.9967,8,sensor_20,-4.1061,4.1061,decreased predicted RUL
FD002,182,7.9967,9,sensor_12,-4.0129,4.0129,decreased predicted RUL
FD002,182,7.9967,10,sensor_6_rolling_mean,-3.8948,3.8948,decreased predicted RUL
FD002,183,64.8436,1,cycle,-41.0162,41.0162,decreased predicted RUL
FD002,183,64.8436,2,sensor_13,-31.5693,31.5693,decreased predicted RUL
FD002,183,64.8436,3,sensor_4,10.5301,10.5301,increased predicted RUL
FD002,183,64.8436,4,sensor_11,8.761,8.761,increased predicted RUL
FD002,183,64.8436,5,sensor_2,5.0243,5.0243,increased predicted RUL
FD002,183,64.8436,6,sensor_21,-4.2261,4.2261,decreased predicted RUL
FD002,183,64.8436,7,sensor_13_rolling_mean,-3.9082,3.9082,decreased predicted RUL
FD002,183,64.8436,8,sensor_9,3.6241,3.6241,increased predicted RUL
FD002,183,64.8436,9,sensor_6,-3.538,3.538,decreased predicted RUL
FD002,183,64.8436,10,sensor_14,-3.3454,3.3454,decreased predicted RUL
FD002,184,155.3929,1,sensor_15,18.5179,18.5179,increased predicted RUL
FD002,184,155.3929,2,cycle,17.5758,17.5758,increased predicted RUL
FD002,184,155.3929,3,sensor_6,-9.2879,9.2879,decreased predicted RUL
FD002,184,155.3929,4,sensor_4,-8.2727,8.2727,decreased predicted RUL
FD002,184,155.3929,5,sensor_12,6.9811,6.9811,increased predicted RUL
FD002,184,155.3929,6,sensor_11,-6.6125,6.6125,decreased predicted RUL
FD002,184,155.3929,7,sensor_20,5.1833,5.1833,increased predicted RUL
FD002,184,155.3929,8,sensor_7,4.4229,4.4229,increased predicted RUL
FD002,184,155.3929,9,sensor_15_diff,-4.0681,4.0681,decreased predicted RUL
FD002,184,155.3929,10,sensor_6_rolling_mean,-2.862,2.862,decreased predicted RUL
FD002,185,10.1298,1,cycle,-39.6527,39.6527,decreased predicted RUL
FD002,185,10.1298,2,sensor_11,-26.7612,26.7612,decreased predicted RUL
FD002,185,10.1298,3,sensor_4,-12.3847,12.3847,decreased predicted RUL
FD002,185,10.1298,4,sensor_9,-12.0464,12.0464,decreased predicted RUL
FD002,185,10.1298,5,sensor_14,-9.585,9.585,decreased predicted RUL
FD002,185,10.1298,6,sensor_13,-5.4103,5.4103,decreased predicted RUL
FD002,185,10.1298,7,sensor_15,4.8056,4.8056,increased predicted RUL
FD002,185,10.1298,8,sensor_2,-4.4814,4.4814,decreased predicted RUL
FD002,185,10.1298,9,sensor_11_rolling_mean,-4.1772,4.1772,decreased predicted RUL
FD002,185,10.1298,10,sensor_13_rolling_mean,-3.652,3.652,decreased predicted RUL
FD002,186,14.4427,1,cycle,-38.1305,38.1305,decreased predicted RUL
FD002,186,14.4427,2,sensor_13,-15.9639,15.9639,decreased predicted RUL
FD002,186,14.4427,3,sensor_15,-13.2447,13.2447,decreased predicted RUL
FD002,186,14.4427,4,sensor_11,-9.9003,9.9003,decreased predicted RUL
FD002,186,14.4427,5,sensor_4,-7.9071,7.9071,decreased predicted RUL
FD002,186,14.4427,6,sensor_12,-6.1385,6.1385,decreased predicted RUL
FD002,186,14.4427,7,sensor_2,-3.9803,3.9803,decreased predicted RUL
FD002,186,14.4427,8,sensor_7,-3.7226,3.7226,decreased predicted RUL
FD002,186,14.4427,9,sensor_6,-3.482,3.482,decreased predicted RUL
FD002,186,14.4427,10,sensor_15_diff,-2.9173,2.9173,decreased predicted RUL
FD002,187,129.0009,1,sensor_15,-29.1932,29.1932,decreased predicted RUL
FD002,187,129.0009,2,sensor_11,20.1874,20.1874,increased predicted RUL
FD002,187,129.0009,3,sensor_13,11.1477,11.1477,increased predicted RUL
FD002,187,129.0009,4,sensor_4,7.7714,7.7714,increased predicted RUL
FD002,187,129.0009,5,sensor_6,-5.4904,5.4904,decreased predicted RUL
FD002,187,129.0009,6,sensor_4_rolling_std,-4.8405,4.8405,decreased predicted RUL
FD002,187,129.0009,7,sensor_15_diff,4.2683,4.2683,increased predicted RUL
FD002,187,129.0009,8,sensor_17,3.8687,3.8687,increased predicted RUL
FD002,187,129.0009,9,sensor_11_diff,-3.7374,3.7374,decreased predicted RUL
FD002,187,129.0009,10,sensor_2,3.2505,3.2505,increased predicted RUL
FD002,188,102.6447,1,sensor_11,-16.832,16.832,decreased predicted RUL
FD002,188,102.6447,2,sensor_15,13.4333,13.4333,increased predicted RUL
FD002,188,102.6447,3,sensor_4,-9.1248,9.1248,decreased predicted RUL
FD002,188,102.6447,4,sensor_12,7.2894,7.2894,increased predicted RUL
FD002,188,102.6447,5,sensor_9,-6.3289,6.3289,decreased predicted RUL
FD002,188,102.6447,6,sensor_6,-5.934,5.934,decreased predicted RUL
FD002,188,102.6447,7,sensor_13,5.0173,5.0173,increased predicted RUL
FD002,188,102.6447,8,sensor_20,4.5369,4.5369,increased predicted RUL
FD002,188,102.6447,9,cycle,-3.8479,3.8479,decreased predicted RUL
FD002,188,102.6447,10,sensor_15_diff,-3.8442,3.8442,decreased predicted RUL
FD002,189,44.0752,1,cycle,-40.7411,40.7411,decreased predicted RUL
FD002,189,44.0752,2,sensor_13,-32.795,32.795,decreased predicted RUL
FD002,189,44.0752,3,sensor_11,10.5383,10.5383,increased predicted RUL
FD002,189,44.0752,4,sensor_21,-4.4731,4.4731,decreased predicted RUL
FD002,189,44.0752,5,sensor_13_rolling_mean,-3.7904,3.7904,decreased predicted RUL
FD002,189,44.0752,6,sensor_15,-3.7824,3.7824,decreased predicted RUL
FD002,189,44.0752,7,sensor_13_diff,3.5829,3.5829,increased predicted RUL
FD002,189,44.0752,8,sensor_15_diff,3.1744,3.1744,increased predicted RUL
FD002,189,44.0752,9,sensor_4_diff,-3.1086,3.1086,decreased predicted RUL
FD002,189,44.0752,10,sensor_12,-2.8954,2.8954,decreased predicted RUL
FD002,190,20.1367,1,sensor_15,-51.4282,51.4282,decreased predicted RUL
FD002,190,20.1367,2,cycle,-39.2048,39.2048,decreased predicted RUL
FD002,190,20.1367,3,sensor_13,17.6129,17.6129,increased predicted RUL
FD002,190,20.1367,4,sensor_15_rolling_mean,-16.8517,16.8517,decreased predicted RUL
FD002,190,20.1367,5,sensor_11,-9.0504,9.0504,decreased predicted RUL
FD002,190,20.1367,6,sensor_6,-8.766,8.766,decreased predicted RUL
FD002,190,20.1367,7,sensor_21,-6.8309,6.8309,decreased predicted RUL
FD002,190,20.1367,8,sensor_4,-5.8288,5.8288,decreased predicted RUL
FD002,190,20.1367,9,sensor_15_diff,-5.6996,5.6996,decreased predicted RUL
FD002,190,20.1367,10,sensor_13_rolling_mean,5.3731,5.3731,increased predicted RUL
FD002,191,120.0787,1,sensor_15,-24.6009,24.6009,decreased predicted RUL
FD002,191,120.0787,2,sensor_13,15.8888,15.8888,increased predicted RUL
FD002,191,120.0787,3,cycle,-6.8323,6.8323,decreased predicted RUL
FD002,191,120.0787,4,sensor_3,4.8865,4.8865,increased predicted RUL
FD002,191,120.0787,5,sensor_9,4.7939,4.7939,increased predicted RUL
FD002,191,120.0787,6,sensor_20_rolling_mean,-4.255,4.255,decreased predicted RUL
FD002,191,120.0787,7,sensor_13_rolling_std,3.8327,3.8327,increased predicted RUL
FD002,191,120.0787,8,sensor_12,-3.8004,3.8004,decreased predicted RUL
FD002,191,120.0787,9,sensor_21,-3.7538,3.7538,decreased predicted RUL
FD002,191,120.0787,10,sensor_2,2.9519,2.9519,increased predicted RUL
FD002,192,28.975,1,sensor_15,-39.6457,39.6457,decreased predicted RUL
FD002,192,28.975,2,cycle,-38.7756,38.7756,decreased predicted RUL
FD002,192,28.975,3,sensor_13,17.1059,17.1059,increased predicted RUL
FD002,192,28.975,4,sensor_6,-9.5194,9.5194,decreased predicted RUL
FD002,192,28.975,5,sensor_15_rolling_mean,-9.1915,9.1915,decreased predicted RUL
FD002,192,28.975,6,sensor_15_diff,-7.9834,7.9834,decreased predicted RUL
FD002,192,28.975,7,sensor_4,-6.8106,6.8106,decreased predicted RUL
FD002,192,28.975,8,sensor_7,-6.4381,6.4381,decreased predicted RUL
FD002,192,28.975,9,sensor_21,-6.2971,6.2971,decreased predicted RUL
FD002,192,28.975,10,sensor_12,-5.0283,5.0283,decreased predicted RUL
FD002,193,36.0164,1,sensor_15,-39.2849,39.2849,decreased predicted RUL
FD002,193,36.0164,2,cycle,-33.0371,33.0371,decreased predicted RUL
FD002,193,36.0164,3,sensor_13,12.6485,12.6485,increased predicted RUL
FD002,193,36.0164,4,sensor_6,-9.3465,9.3465,decreased predicted RUL
FD002,193,36.0164,5,sensor_11,-8.7104,8.7104,decreased predicted RUL
FD002,193,36.0164,6,sensor_21,-6.1775,6.1775,decreased predicted RUL
FD002,193,36.0164,7,sensor_4_diff,-5.6288,5.6288,decreased predicted RUL
FD002,193,36.0164,8,sensor_15_diff,4.9188,4.9188,increased predicted RUL
FD002,193,36.0164,9,sensor_11_diff,-4.8004,4.8004,decreased predicted RUL
FD002,193,36.0164,10,sensor_4,4.3608,4.3608,increased predicted RUL
FD002,194,151.1473,1,cycle,39.0684,39.0684,increased predicted RUL
FD002,194,151.1473,2,sensor_13,-20.3716,20.3716,decreased predicted RUL
FD002,194,151.1473,3,sensor_4,7.1807,7.1807,increased predicted RUL
FD002,194,151.1473,4,sensor_15,-6.6722,6.6722,decreased predicted RUL
FD002,194,151.1473,5,sensor_17,5.8029,5.8029,increased predicted RUL
FD002,194,151.1473,6,sensor_12,-3.8192,3.8192,decreased predicted RUL
FD002,194,151.1473,7,sensor_15_diff,3.3731,3.3731,increased predicted RUL
FD002,194,151.1473,8,sensor_21,-3.2677,3.2677,decreased predicted RUL
FD002,194,151.1473,9,sensor_15_rolling_mean,-2.9456,2.9456,decreased predicted RUL
FD002,194,151.1473,10,sensor_10,-2.8938,2.8938,decreased predicted RUL
FD002,195,60.2374,1,cycle,-30.7906,30.7906,decreased predicted RUL
FD002,195,60.2374,2,sensor_14,-14.1405,14.1405,decreased predicted RUL
FD002,195,60.2374,3,sensor_13,-11.0469,11.0469,decreased predicted RUL
FD002,195,60.2374,4,sensor_4,-6.5072,6.5072,decreased predicted RUL
FD002,195,60.2374,5,sensor_15,5.8613,5.8613,increased predicted RUL
FD002,195,60.2374,6,sensor_13_rolling_mean,-5.3824,5.3824,decreased predicted RUL
FD002,195,60.2374,7,sensor_11,-5.3568,5.3568,decreased predicted RUL
FD002,195,60.2374,8,sensor_11_rolling_mean,-4.7313,4.7313,decreased predicted RUL
FD002,195,60.2374,9,sensor_13_diff,-2.4335,2.4335,decreased predicted RUL
FD002,195,60.2374,10,sensor_15_diff,-1.9816,1.9816,decreased predicted RUL
FD002,196,116.158,1,sensor_15,-21.8629,21.8629,decreased predicted RUL
FD002,196,116.158,2,cycle,-19.9894,19.9894,decreased predicted RUL
FD002,196,116.158,3,sensor_4,9.0246,9.0246,increased predicted RUL
FD002,196,116.158,4,sensor_11,8.8074,8.8074,increased predicted RUL
FD002,196,116.158,5,sensor_3,4.8633,4.8633,increased predicted RUL
FD002,196,116.158,6,sensor_13_rolling_std,3.8173,3.8173,increased predicted RUL
FD002,196,116.158,7,sensor_15_diff,3.6977,3.6977,increased predicted RUL
FD002,196,116.158,8,sensor_8,3.5654,3.5654,increased predicted RUL
FD002,196,116.158,9,sensor_6,-3.4264,3.4264,decreased predicted RUL
FD002,196,116.158,10,sensor_9,3.2058,3.2058,increased predicted RUL
FD002,197,160.5602,1,sensor_15,-21.6758,21.6758,decreased predicted RUL
FD002,197,160.5602,2,cycle,21.2087,21.2087,increased predicted RUL
FD002,197,160.5602,3,sensor_11,20.6046,20.6046,increased predicted RUL
FD002,197,160.5602,4,sensor_13,12.2917,12.2917,increased predicted RUL
FD002,197,160.5602,5,sensor_4,8.559,8.559,increased predicted RUL
FD002,197,160.5602,6,sensor_11_diff,-7.8469,7.8469,decreased predicted RUL
FD002,197,160.5602,7,sensor_15_diff,6.986,6.986,increased predicted RUL
FD002,197,160.5602,8,sensor_6,-6.8344,6.8344,decreased predicted RUL
FD002,197,160.5602,9,sensor_3,6.8022,6.8022,increased predicted RUL
FD002,197,160.5602,10,sensor_8,3.9616,3.9616,increased predicted RUL
FD002,198,67.4363,1,sensor_15,-53.4963,53.4963,decreased predicted RUL
FD002,198,67.4363,2,cycle,-26.72,26.72,decreased predicted RUL
FD002,198,67.4363,3,sensor_11,13.1164,13.1164,increased predicted RUL
FD002,198,67.4363,4,sensor_4,10.8326,10.8326,increased predicted RUL
FD002,198,67.4363,5,sensor_13,10.0362,10.0362,increased predicted RUL
FD002,198,67.4363,6,sensor_15_rolling_mean,-9.1645,9.1645,decreased predicted RUL
FD002,198,67.4363,7,sensor_6,-6.0338,6.0338,decreased predicted RUL
FD002,198,67.4363,8,sensor_9,4.3165,4.3165,increased predicted RUL
FD002,198,67.4363,9,sensor_3,4.2752,4.2752,increased predicted RUL
FD002,198,67.4363,10,sensor_4_rolling_std,-4.1895,4.1895,decreased predicted RUL
FD002,199,157.8153,1,sensor_15,25.2663,25.2663,increased predicted RUL
FD002,199,157.8153,2,cycle,-24.2393,24.2393,decreased predicted RUL
FD002,199,157.8153,3,sensor_7,9.5942,9.5942,increased predicted RUL
FD002,199,157.8153,4,sensor_13,8.1833,8.1833,increased predicted RUL
FD002,199,157.8153,5,sensor_21,7.2181,7.2181,increased predicted RUL
FD002,199,157.8153,6,sensor_15_diff,-6.301,6.301,decreased predicted RUL
FD002,199,157.8153,7,sensor_11,-6.2994,6.2994,decreased predicted RUL
FD002,199,157.8153,8,sensor_12,6.0752,6.0752,increased predicted RUL
FD002,199,157.8153,9,sensor_20,5.7451,5.7451,increased predicted RUL
FD002,199,157.8153,10,sensor_15_rolling_mean,3.9666,3.9666,increased predicted RUL
FD002,200,126.6267,1,cycle,26.9488,26.9488,increased predicted RUL
FD002,200,126.6267,2,sensor_11,-7.1502,7.1502,decreased predicted RUL
FD002,200,126.6267,3,sensor_4,-4.4006,4.4006,decreased predicted RUL
FD002,200,126.6267,4,sensor_15,4.0616,4.0616,increased predicted RUL
FD002,200,126.6267,5,sensor_13_rolling_mean,-3.2599,3.2599,decreased predicted RUL
FD002,200,126.6267,6,sensor_12,-3.1716,3.1716,decreased predicted RUL
FD002,200,126.6267,7,sensor_6,-2.9268,2.9268,decreased predicted RUL
FD002,200,126.6267,8,sensor_15_diff,2.6803,2.6803,increased predicted RUL
FD002,200,126.6267,9,sensor_21,-2.4163,2.4163,decreased predicted RUL
FD002,200,126.6267,10,sensor_11_diff,-2.4139,2.4139,decreased predicted RUL
FD002,201,170.5822,1,cycle,56.904,56.904,increased predicted RUL
FD002,201,170.5822,2,sensor_15,7.2996,7.2996,increased predicted RUL
FD002,201,170.5822,3,sensor_6,-4.3667,4.3667,decreased predicted RUL
FD002,201,170.5822,4,sensor_2,-4.0227,4.0227,decreased predicted RUL
FD002,201,170.5822,5,sensor_12,-3.3686,3.3686,decreased predicted RUL
FD002,201,170.5822,6,sensor_11_rolling_mean,-2.7337,2.7337,decreased predicted RUL
FD002,201,170.5822,7,sensor_15_diff,-2.7335,2.7335,decreased predicted RUL
FD002,201,170.5822,8,sensor_11,-2.608,2.608,decreased predicted RUL
FD002,201,170.5822,9,sensor_17_diff,2.3819,2.3819,increased predicted RUL
FD002,201,170.5822,10,sensor_7,-2.2751,2.2751,decreased predicted RUL
FD002,202,105.8586,1,cycle,-25.0382,25.0382,decreased predicted RUL
FD002,202,105.8586,2,sensor_15_rolling_mean,-6.6353,6.6353,decreased predicted RUL
FD002,202,105.8586,3,sensor_13_rolling_mean,5.7785,5.7785,increased predicted RUL
FD002,202,105.8586,4,sensor_15,4.9205,4.9205,increased predicted RUL
FD002,202,105.8586,5,sensor_13,3.703,3.703,increased predicted RUL
FD002,202,105.8586,6,sensor_2,-3.0756,3.0756,decreased predicted RUL
FD002,202,105.8586,7,sensor_6_rolling_mean,-3.0015,3.0015,decreased predicted RUL
FD002,202,105.8586,8,sensor_4_diff,2.5909,2.5909,increased predicted RUL
FD002,202,105.8586,9,sensor_7,-2.4022,2.4022,decreased predicted RUL
FD002,202,105.8586,10,sensor_11_diff,2.0488,2.0488,increased predicted RUL
FD002,203,139.5148,1,sensor_15,-30.7917,30.7917,decreased predicted RUL
FD002,203,139.5148,2,sensor_11,23.2208,23.2208,increased predicted RUL
FD002,203,139.5148,3,cycle,-18.6428,18.6428,decreased predicted RUL
FD002,203,139.5148,4,sensor_13,16.1908,16.1908,increased predicted RUL
FD002,203,139.5148,5,sensor_4,14.4705,14.4705,increased predicted RUL
FD002,203,139.5148,6,sensor_15_rolling_mean,-8.4299,8.4299,decreased predicted RUL
FD002,203,139.5148,7,sensor_3,6.4297,6.4297,increased predicted RUL
FD002,203,139.5148,8,sensor_9,6.0234,6.0234,increased predicted RUL
FD002,203,139.5148,9,sensor_11_diff,-4.8052,4.8052,decreased predicted RUL
FD002,203,139.5148,10,sensor_8,4.79,4.79,increased predicted RUL
FD002,204,159.6945,1,cycle,40.5279,40.5279,increased predicted RUL
FD002,204,159.6945,2,sensor_15_rolling_mean,-20.5647,20.5647,decreased predicted RUL
FD002,204,159.6945,3,sensor_12,-5.9667,5.9667,decreased predicted RUL
FD002,204,159.6945,4,sensor_11,5.9604,5.9604,increased predicted RUL
FD002,204,159.6945,5,sensor_15_diff,-5.8889,5.8889,decreased predicted RUL
FD002,204,159.6945,6,sensor_4_rolling_mean,4.9316,4.9316,increased predicted RUL
FD002,204,159.6945,7,sensor_11_rolling_mean,4.3026,4.3026,increased predicted RUL
FD002,204,159.6945,8,sensor_7,-3.783,3.783,decreased predicted RUL
FD002,204,159.6945,9,sensor_3_rolling_mean,3.767,3.767,increased predicted RUL
FD002,204,159.6945,10,sensor_10,-3.7617,3.7617,decreased predicted RUL
FD002,205,172.8913,1,cycle,50.813,50.813,increased predicted RUL
FD002,205,172.8913,2,sensor_13,10.5039,10.5039,increased predicted RUL
FD002,205,172.8913,3,sensor_15,9.7871,9.7871,increased predicted RUL
FD002,205,172.8913,4,sensor_6,-4.0869,4.0869,decreased predicted RUL
FD002,205,172.8913,5,sensor_2,-3.2177,3.2177,decreased predicted RUL
FD002,205,172.8913,6,sensor_4,-3.18,3.18,decreased predicted RUL
FD002,205,172.8913,7,sensor_11_rolling_mean,-3.0678,3.0678,decreased predicted RUL
FD002,205,172.8913,8,sensor_15_diff,-2.9612,2.9612,decreased predicted RUL
FD002,205,172.8913,9,sensor_12,-2.71,2.71,decreased predicted RUL
FD002,205,172.8913,10,sensor_7,-2.3953,2.3953,decreased predicted RUL
FD002,206,40.0342,1,sensor_15,-66.023,66.023,decreased predicted RUL
FD002,206,40.0342,2,cycle,-34.0248,34.0248,decreased predicted RUL
FD002,206,40.0342,3,sensor_11,9.5396,9.5396,increased predicted RUL
FD002,206,40.0342,4,sensor_15_rolling_mean,-9.2507,9.2507,decreased predicted RUL
FD002,206,40.0342,5,sensor_4,7.7901,7.7901,increased predicted RUL
FD002,206,40.0342,6,sensor_13,6.9266,6.9266,increased predicted RUL
FD002,206,40.0342,7,sensor_6,-6.1726,6.1726,decreased predicted RUL
FD002,206,40.0342,8,sensor_15_diff,5.7675,5.7675,increased predicted RUL
FD002,206,40.0342,9,sensor_11_diff,-5.4141,5.4141,decreased predicted RUL
FD002,206,40.0342,10,sensor_6_rolling_mean,-3.8717,3.8717,decreased predicted RUL
FD002,207,66.4479,1,cycle,-35.4896,35.4896,decreased predicted RUL
FD002,207,66.4479,2,sensor_13,-24.0612,24.0612,decreased predicted RUL
FD002,207,66.4479,3,sensor_13_rolling_mean,-6.5471,6.5471,decreased predicted RUL
FD002,207,66.4479,4,sensor_11_rolling_mean,-4.0511,4.0511,decreased predicted RUL
FD002,207,66.4479,5,sensor_15_diff,3.1141,3.1141,increased predicted RUL
FD002,207,66.4479,6,sensor_15,-2.7875,2.7875,decreased predicted RUL
FD002,207,66.4479,7,sensor_15_rolling_mean,2.4196,2.4196,increased predicted RUL
FD002,207,66.4479,8,sensor_4,2.3564,2.3564,increased predicted RUL
FD002,207,66.4479,9,sensor_11_diff,-2.3345,2.3345,decreased predicted RUL
FD002,207,66.4479,10,sensor_8,-2.162,2.162,decreased predicted RUL
FD002,208,21.6044,1,cycle,-43.9341,43.9341,decreased predicted RUL
FD002,208,21.6044,2,sensor_15,-23.8375,23.8375,decreased predicted RUL
FD002,208,21.6044,3,sensor_13,-10.425,10.425,decreased predicted RUL
FD002,208,21.6044,4,sensor_21,-6.9703,6.9703,decreased predicted RUL
FD002,208,21.6044,5,sensor_6,-5.4146,5.4146,decreased predicted RUL
FD002,208,21.6044,6,sensor_13_rolling_mean,-5.31,5.31,decreased predicted RUL
FD002,208,21.6044,7,sensor_4_diff,-4.6059,4.6059,decreased predicted RUL
FD002,208,21.6044,8,sensor_15_diff,4.4304,4.4304,increased predicted RUL
FD002,208,21.6044,9,sensor_11,-3.5906,3.5906,decreased predicted RUL
FD002,208,21.6044,10,sensor_11_diff,-3.574,3.574,decreased predicted RUL
FD002,209,67.5349,1,sensor_15,-59.0461,59.0461,decreased predicted RUL
FD002,209,67.5349,2,cycle,-29.847,29.847,decreased predicted RUL
FD002,209,67.5349,3,sensor_11,13.8414,13.8414,increased predicted RUL
FD002,209,67.5349,4,sensor_15_rolling_mean,-12.2737,12.2737,decreased predicted RUL
FD002,209,67.5349,5,sensor_13,10.7571,10.7571,increased predicted RUL
FD002,209,67.5349,6,sensor_9,8.3982,8.3982,increased predicted RUL
FD002,209,67.5349,7,sensor_4,8.2785,8.2785,increased predicted RUL
FD002,209,67.5349,8,sensor_11_diff,-8.2309,8.2309,decreased predicted RUL
FD002,209,67.5349,9,sensor_6,-6.4749,6.4749,decreased predicted RUL
FD002,209,67.5349,10,sensor_17,6.371,6.371,increased predicted RUL
FD002,210,2.8179,1,cycle,-49.5254,49.5254,decreased predicted RUL
FD002,210,2.8179,2,sensor_13,-26.2911,26.2911,decreased predicted RUL
FD002,210,2.8179,3,sensor_15,-14.3743,14.3743,decreased predicted RUL
FD002,210,2.8179,4,sensor_6,-8.8897,8.8897,decreased predicted RUL
FD002,210,2.8179,5,sensor_21,-6.5991,6.5991,decreased predicted RUL
FD002,210,2.8179,6,sensor_11,-4.8599,4.8599,decreased predicted RUL
FD002,210,2.8179,7,sensor_13_rolling_mean,-4.7553,4.7553,decreased predicted RUL
FD002,210,2.8179,8,sensor_14,-4.2683,4.2683,decreased predicted RUL
FD002,210,2.8179,9,sensor_13_diff,3.9865,3.9865,increased predicted RUL
FD002,210,2.8179,10,sensor_15_diff,3.5395,3.5395,increased predicted RUL
FD002,211,-1.738,1,sensor_15,-52.7547,52.7547,decreased predicted RUL
FD002,211,-1.738,2,cycle,-38.0256,38.0256,decreased predicted RUL
FD002,211,-1.738,3,sensor_13,16.6538,16.6538,increased predicted RUL
FD002,211,-1.738,4,sensor_11,-12.1492,12.1492,decreased predicted RUL
FD002,211,-1.738,5,sensor_6,-8.0126,8.0126,decreased predicted RUL
FD002,211,-1.738,6,sensor_21,-7.0255,7.0255,decreased predicted RUL
FD002,211,-1.738,7,sensor_4,-5.8573,5.8573,decreased predicted RUL
FD002,211,-1.738,8,sensor_12,-4.8062,4.8062,decreased predicted RUL
FD002,211,-1.738,9,sensor_6_rolling_mean,-4.1589,4.1589,decreased predicted RUL
FD002,211,-1.738,10,sensor_20,-3.706,3.706,decreased predicted RUL
FD002,212,102.3198,1,cycle,-30.8843,30.8843,decreased predicted RUL
FD002,212,102.3198,2,sensor_15,13.7869,13.7869,increased predicted RUL
FD002,212,102.3198,3,sensor_11,-12.0039,12.0039,decreased predicted RUL
FD002,212,102.3198,4,sensor_4,-10.7889,10.7889,decreased predicted RUL
FD002,212,102.3198,5,sensor_20,5.6082,5.6082,increased predicted RUL
FD002,212,102.3198,6,sensor_12,4.0398,4.0398,increased predicted RUL
FD002,212,102.3198,7,sensor_7,2.7859,2.7859,increased predicted RUL
FD002,212,102.3198,8,sensor_8,-2.6439,2.6439,decreased predicted RUL
FD002,212,102.3198,9,sensor_13_diff,2.4335,2.4335,increased predicted RUL
FD002,212,102.3198,10,sensor_17,-2.3757,2.3757,decreased predicted RUL
FD002,213,79.9258,1,cycle,-32.7666,32.7666,decreased predicted RUL
FD002,213,79.9258,2,sensor_15,15.8375,15.8375,increased predicted RUL
FD002,213,79.9258,3,sensor_11,-12.4463,12.4463,decreased predicted RUL
FD002,213,79.9258,4,sensor_15_diff,-6.1288,6.1288,decreased predicted RUL
FD002,213,79.9258,5,sensor_13,-5.9144,5.9144,decreased predicted RUL
FD002,213,79.9258,6,sensor_12,5.619,5.619,increased predicted RUL
FD002,213,79.9258,7,sensor_4,-5.2126,5.2126,decreased predicted RUL
FD002,213,79.9258,8,sensor_2,-4.3483,4.3483,decreased predicted RUL
FD002,213,79.9258,9,sensor_4_rolling_std,-3.3253,3.3253,decreased predicted RUL
FD002,213,79.9258,10,sensor_8,-2.9994,2.9994,decreased predicted RUL
FD002,214,124.4456,1,sensor_15,-8.069,8.069,decreased predicted RUL
FD002,214,124.4456,2,cycle,7.2347,7.2347,increased predicted RUL
FD002,214,124.4456,3,sensor_13,4.9115,4.9115,increased predicted RUL
FD002,214,124.4456,4,sensor_12,-3.59,3.59,decreased predicted RUL
FD002,214,124.4456,5,sensor_13_rolling_std,2.9948,2.9948,increased predicted RUL
FD002,214,124.4456,6,sensor_7,-2.6308,2.6308,decreased predicted RUL
FD002,214,124.4456,7,sensor_13_rolling_mean,-2.6264,2.6264,decreased predicted RUL
FD002,214,124.4456,8,sensor_8,2.4494,2.4494,increased predicted RUL
FD002,214,124.4456,9,sensor_6,-2.1617,2.1617,decreased predicted RUL
FD002,214,124.4456,10,sensor_6_rolling_mean,-2.1349,2.1349,decreased predicted RUL
FD002,215,111.96,1,sensor_15,-28.5595,28.5595,decreased predicted RUL
FD002,215,111.96,2,cycle,19.8228,19.8228,increased predicted RUL
FD002,215,111.96,3,sensor_13,13.1059,13.1059,increased predicted RUL
FD002,215,111.96,4,sensor_7,-5.0453,5.0453,decreased predicted RUL
FD002,215,111.96,5,sensor_15_diff,4.4807,4.4807,increased predicted RUL
FD002,215,111.96,6,sensor_21,-4.2588,4.2588,decreased predicted RUL
FD002,215,111.96,7,sensor_4_diff,-3.5375,3.5375,decreased predicted RUL
FD002,215,111.96,8,sensor_12,-3.4037,3.4037,decreased predicted RUL
FD002,215,111.96,9,sensor_11_diff,-2.9593,2.9593,decreased predicted RUL
FD002,215,111.96,10,sensor_20,-2.8236,2.8236,decreased predicted RUL
FD002,216,76.8675,1,sensor_13,-23.4891,23.4891,decreased predicted RUL
FD002,216,76.8675,2,cycle,-19.8644,19.8644,decreased predicted RUL
FD002,216,76.8675,3,sensor_15,7.6868,7.6868,increased predicted RUL
FD002,216,76.8675,4,sensor_4,-7.2658,7.2658,decreased predicted RUL
FD002,216,76.8675,5,sensor_11_rolling_mean,-4.2412,4.2412,decreased predicted RUL
FD002,216,76.8675,6,sensor_11,-4.1852,4.1852,decreased predicted RUL
FD002,216,76.8675,7,sensor_15_diff,-3.4582,3.4582,decreased predicted RUL
FD002,216,76.8675,8,sensor_13_rolling_mean,-3.2518,3.2518,decreased predicted RUL
FD002,216,76.8675,9,sensor_15_rolling_mean,2.6057,2.6057,increased predicted RUL
FD002,216,76.8675,10,sensor_13_diff,2.2687,2.2687,increased predicted RUL
FD002,217,158.0171,1,cycle,31.0333,31.0333,increased predicted RUL
FD002,217,158.0171,2,sensor_15,7.0042,7.0042,increased predicted RUL
FD002,217,158.0171,3,sensor_15_diff,4.659,4.659,increased predicted RUL
FD002,217,158.0171,4,sensor_13_rolling_mean,4.1821,4.1821,increased predicted RUL
FD002,217,158.0171,5,sensor_15_rolling_mean,-4.0086,4.0086,decreased predicted RUL
FD002,217,158.0171,6,sensor_13,3.7421,3.7421,increased predicted RUL
FD002,217,158.0171,7,sensor_11_diff,-3.5052,3.5052,decreased predicted RUL
FD002,217,158.0171,8,sensor_14_diff,2.4569,2.4569,increased predicted RUL
FD002,217,158.0171,9,sensor_6,-2.4533,2.4533,decreased predicted RUL
FD002,217,158.0171,10,sensor_7,-2.3993,2.3993,decreased predicted RUL
FD002,218,225.6212,1,cycle,50.8748,50.8748,increased predicted RUL
FD002,218,225.6212,2,sensor_11,18.8381,18.8381,increased predicted RUL
FD002,218,225.6212,3,sensor_15,13.5243,13.5243,increased predicted RUL
FD002,218,225.6212,4,sensor_4,12.2093,12.2093,increased predicted RUL
FD002,218,225.6212,5,sensor_13_rolling_std,6.8389,6.8389,increased predicted RUL
FD002,218,225.6212,6,sensor_12,-5.9654,5.9654,decreased predicted RUL
FD002,218,225.6212,7,sensor_4_diff,-4.1816,4.1816,decreased predicted RUL
FD002,218,225.6212,8,sensor_13,4.0333,4.0333,increased predicted RUL
FD002,218,225.6212,9,sensor_6,3.9981,3.9981,increased predicted RUL
FD002,218,225.6212,10,sensor_10,3.2879,3.2879,increased predicted RUL
FD002,219,100.6431,1,cycle,-30.7429,30.7429,decreased predicted RUL
FD002,219,100.6431,2,sensor_15,23.7634,23.7634,increased predicted RUL
FD002,219,100.6431,3,sensor_14,-12.8727,12.8727,decreased predicted RUL
FD002,219,100.6431,4,sensor_9,-11.7136,11.7136,decreased predicted RUL
FD002,219,100.6431,5,sensor_13,11.0144,11.0144,increased predicted RUL
FD002,219,100.6431,6,sensor_4,-7.0763,7.0763,decreased predicted RUL
FD002,219,100.6431,7,sensor_15_diff,-6.4546,6.4546,decreased predicted RUL
FD002,219,100.6431,8,sensor_12,5.6828,5.6828,increased predicted RUL
FD002,219,100.6431,9,sensor_7,4.8106,4.8106,increased predicted RUL
FD002,219,100.6431,10,sensor_13_rolling_std,-2.6922,2.6922,decreased predicted RUL
FD002,220,159.8755,1,cycle,35.6566,35.6566,increased predicted RUL
FD002,220,159.8755,2,sensor_15,-13.059,13.059,decreased predicted RUL
FD002,220,159.8755,3,sensor_11,8.1685,8.1685,increased predicted RUL
FD002,220,159.8755,4,sensor_13_rolling_mean,-4.2862,4.2862,decreased predicted RUL
FD002,220,159.8755,5,sensor_4,3.9728,3.9728,increased predicted RUL
FD002,220,159.8755,6,sensor_12,-3.9212,3.9212,decreased predicted RUL
FD002,220,159.8755,7,sensor_9,3.4585,3.4585,increased predicted RUL
FD002,220,159.8755,8,sensor_13_rolling_std,3.2012,3.2012,increased predicted RUL
FD002,220,159.8755,9,sensor_10,-3.1189,3.1189,decreased predicted RUL
FD002,220,159.8755,10,sensor_21,-2.4681,2.4681,decreased predicted RUL
FD002,221,150.7903,1,cycle,30.9262,30.9262,increased predicted RUL
FD002,221,150.7903,2,sensor_15,-19.8993,19.8993,decreased predicted RUL
FD002,221,150.7903,3,sensor_13,15.6335,15.6335,increased predicted RUL
FD002,221,150.7903,4,sensor_3,4.7829,4.7829,increased predicted RUL
FD002,221,150.7903,5,sensor_9,4.6477,4.6477,increased predicted RUL
FD002,221,150.7903,6,sensor_21,-3.5963,3.5963,decreased predicted RUL
FD002,221,150.7903,7,sensor_7,-3.5203,3.5203,decreased predicted RUL
FD002,221,150.7903,8,sensor_12,-3.4938,3.4938,decreased predicted RUL
FD002,221,150.7903,9,sensor_20_rolling_mean,-3.2963,3.2963,decreased predicted RUL
FD002,221,150.7903,10,sensor_15_rolling_mean,-2.7491,2.7491,decreased predicted RUL
FD002,222,62.1658,1,cycle,-31.5092,31.5092,decreased predicted RUL
FD002,222,62.1658,2,sensor_15_diff,-9.6763,9.6763,decreased predicted RUL
FD002,222,62.1658,3,sensor_4,-7.248,7.248,decreased predicted RUL
FD002,222,62.1658,4,sensor_15,6.9017,6.9017,increased predicted RUL
FD002,222,62.1658,5,sensor_15_rolling_mean,-6.1042,6.1042,decreased predicted RUL
FD002,222,62.1658,6,sensor_11,-5.5895,5.5895,decreased predicted RUL
FD002,222,62.1658,7,sensor_13_rolling_mean,4.4771,4.4771,increased predicted RUL
FD002,222,62.1658,8,sensor_14,-4.3459,4.3459,decreased predicted RUL
FD002,222,62.1658,9,sensor_2,-4.0725,4.0725,decreased predicted RUL
FD002,222,62.1658,10,sensor_6,-3.9133,3.9133,decreased predicted RUL
FD002,223,232.2298,1,cycle,48.3334,48.3334,increased predicted RUL
FD002,223,232.2298,2,sensor_11,22.1137,22.1137,increased predicted RUL
FD002,223,232.2298,3,sensor_13,14.6712,14.6712,increased predicted RUL
FD002,223,232.2298,4,sensor_4,14.2357,14.2357,increased predicted RUL
FD002,223,232.2298,5,sensor_15,-14.0216,14.0216,decreased predicted RUL
FD002,223,232.2298,6,sensor_3,7.7151,7.7151,increased predicted RUL
FD002,223,232.2298,7,sensor_17,6.781,6.781,increased predicted RUL
FD002,223,232.2298,8,sensor_15_diff,4.7432,4.7432,increased predicted RUL
FD002,223,232.2298,9,sensor_14_diff,3.6438,3.6438,increased predicted RUL
FD002,223,232.2298,10,sensor_11_diff,-3.3075,3.3075,decreased predicted RUL
FD002,224,190.9436,1,cycle,38.1338,38.1338,increased predicted RUL
FD002,224,190.9436,2,sensor_15,8.3903,8.3903,increased predicted RUL
FD002,224,190.9436,3,sensor_12,6.0453,6.0453,increased predicted RUL
FD002,224,190.9436,4,sensor_11,5.071,5.071,increased predicted RUL
FD002,224,190.9436,5,sensor_15_diff,4.9948,4.9948,increased predicted RUL
FD002,224,190.9436,6,sensor_14,4.3234,4.3234,increased predicted RUL
FD002,224,190.9436,7,sensor_13_rolling_mean,-4.1483,4.1483,decreased predicted RUL
FD002,224,190.9436,8,sensor_11_rolling_mean,-3.1551,3.1551,decreased predicted RUL
FD002,224,190.9436,9,sensor_21,2.6622,2.6622,increased predicted RUL
FD002,224,190.9436,10,sensor_13_rolling_std,2.5616,2.5616,increased predicted RUL
FD002,225,5.5291,1,cycle,-39.0868,39.0868,decreased predicted RUL
FD002,225,5.5291,2,sensor_13,-28.6063,28.6063,decreased predicted RUL
FD002,225,5.5291,3,sensor_11,-10.3696,10.3696,decreased predicted RUL
FD002,225,5.5291,4,sensor_4,-6.2167,6.2167,decreased predicted RUL
FD002,225,5.5291,5,sensor_15,-4.9902,4.9902,decreased predicted RUL
FD002,225,5.5291,6,sensor_7,-4.54,4.54,decreased predicted RUL
FD002,225,5.5291,7,sensor_12,-4.3488,4.3488,decreased predicted RUL
FD002,225,5.5291,8,sensor_2,-4.055,4.055,decreased predicted RUL
FD002,225,5.5291,9,sensor_6,-3.192,3.192,decreased predicted RUL
FD002,225,5.5291,10,sensor_21,-3.1543,3.1543,decreased predicted RUL
FD002,226,80.7317,1,cycle,-33.5795,33.5795,decreased predicted RUL
FD002,226,80.7317,2,sensor_15,-28.0836,28.0836,decreased predicted RUL
FD002,226,80.7317,3,sensor_13,9.8989,9.8989,increased predicted RUL
FD002,226,80.7317,4,sensor_6,-7.6725,7.6725,decreased predicted RUL
FD002,226,80.7317,5,sensor_11,7.172,7.172,increased predicted RUL
FD002,226,80.7317,6,sensor_15_diff,5.562,5.562,increased predicted RUL
FD002,226,80.7317,7,sensor_3,5.2195,5.2195,increased predicted RUL
FD002,226,80.7317,8,sensor_11_diff,-4.8624,4.8624,decreased predicted RUL
FD002,226,80.7317,9,sensor_21,-4.2345,4.2345,decreased predicted RUL
FD002,226,80.7317,10,sensor_9,3.6894,3.6894,increased predicted RUL
FD002,227,11.0326,1,sensor_15,-46.4045,46.4045,decreased predicted RUL
FD002,227,11.0326,2,cycle,-39.3284,39.3284,decreased predicted RUL
FD002,227,11.0326,3,sensor_13,11.6724,11.6724,increased predicted RUL
FD002,227,11.0326,4,sensor_11,-11.2535,11.2535,decreased predicted RUL
FD002,227,11.0326,5,sensor_6,-9.3434,9.3434,decreased predicted RUL
FD002,227,11.0326,6,sensor_21,-7.5696,7.5696,decreased predicted RUL
FD002,227,11.0326,7,sensor_4,-6.3841,6.3841,decreased predicted RUL
FD002,227,11.0326,8,sensor_15_diff,3.8656,3.8656,increased predicted RUL
FD002,227,11.0326,9,sensor_20,-3.6764,3.6764,decreased predicted RUL
FD002,227,11.0326,10,sensor_9,3.1705,3.1705,increased predicted RUL
FD002,228,145.0072,1,cycle,44.6538,44.6538,increased predicted RUL
FD002,228,145.0072,2,sensor_15,-23.2279,23.2279,decreased predicted RUL
FD002,228,145.0072,3,sensor_13,13.1929,13.1929,increased predicted RUL
FD002,228,145.0072,4,sensor_21,-4.3183,4.3183,decreased predicted RUL
FD002,228,145.0072,5,sensor_9,3.8902,3.8902,increased predicted RUL
FD002,228,145.0072,6,sensor_12,-3.5665,3.5665,decreased predicted RUL
FD002,228,145.0072,7,sensor_7,-3.0701,3.0701,decreased predicted RUL
FD002,228,145.0072,8,sensor_10,-2.8709,2.8709,decreased predicted RUL
FD002,228,145.0072,9,sensor_20_rolling_mean,-2.8671,2.8671,decreased predicted RUL
FD002,228,145.0072,10,sensor_11_rolling_std,2.5817,2.5817,increased predicted RUL
FD002,229,79.4296,1,cycle,-23.0545,23.0545,decreased predicted RUL
FD002,229,79.4296,2,sensor_15,-14.6457,14.6457,decreased predicted RUL
FD002,229,79.4296,3,sensor_11_diff,-9.2306,9.2306,decreased predicted RUL
FD002,229,79.4296,4,sensor_13,9.1788,9.1788,increased predicted RUL
FD002,229,79.4296,5,sensor_15_rolling_mean,-7.4549,7.4549,decreased predicted RUL
FD002,229,79.4296,6,sensor_4_diff,-5.5959,5.5959,decreased predicted RUL
FD002,229,79.4296,7,sensor_15_diff,4.8704,4.8704,increased predicted RUL
FD002,229,79.4296,8,sensor_13_rolling_mean,4.4947,4.4947,increased predicted RUL
FD002,229,79.4296,9,sensor_6,-4.2143,4.2143,decreased predicted RUL
FD002,229,79.4296,10,sensor_21,-3.9704,3.9704,decreased predicted RUL
FD002,230,121.5712,1,sensor_11,32.4724,32.4724,increased predicted RUL
FD002,230,121.5712,2,sensor_15,-31.853,31.853,decreased predicted RUL
FD002,230,121.5712,3,cycle,-28.0171,28.0171,decreased predicted RUL
FD002,230,121.5712,4,sensor_13,12.1599,12.1599,increased predicted RUL
FD002,230,121.5712,5,sensor_11_diff,-11.2929,11.2929,decreased predicted RUL
FD002,230,121.5712,6,sensor_4,9.7643,9.7643,increased predicted RUL
FD002,230,121.5712,7,sensor_15_rolling_mean,-5.9575,5.9575,decreased predicted RUL
FD002,230,121.5712,8,sensor_6,-5.0556,5.0556,decreased predicted RUL
FD002,230,121.5712,9,sensor_13_rolling_mean,4.9866,4.9866,increased predicted RUL
FD002,230,121.5712,10,sensor_17,4.7936,4.7936,increased predicted RUL
FD002,231,5.4686,1,cycle,-45.8651,45.8651,decreased predicted RUL
FD002,231,5.4686,2,sensor_13,-26.607,26.607,decreased predicted RUL
FD002,231,5.4686,3,sensor_15,-15.4151,15.4151,decreased predicted RUL
FD002,231,5.4686,4,sensor_6,-8.0456,8.0456,decreased predicted RUL
FD002,231,5.4686,5,sensor_21,-7.0865,7.0865,decreased predicted RUL
FD002,231,5.4686,6,sensor_15_diff,-6.6262,6.6262,decreased predicted RUL
FD002,231,5.4686,7,sensor_11,-4.3251,4.3251,decreased predicted RUL
FD002,231,5.4686,8,sensor_7,-3.5044,3.5044,decreased predicted RUL
FD002,231,5.4686,9,sensor_4,-3.34,3.34,decreased predicted RUL
FD002,231,5.4686,10,sensor_20,-3.2146,3.2146,decreased predicted RUL
FD002,232,51.8871,1,cycle,-33.881,33.881,decreased predicted RUL
FD002,232,51.8871,2,sensor_15,-20.016,20.016,decreased predicted RUL
FD002,232,51.8871,3,sensor_13,7.7719,7.7719,increased predicted RUL
FD002,232,51.8871,4,sensor_6,-7.6926,7.6926,decreased predicted RUL
FD002,232,51.8871,5,sensor_15_diff,-6.7978,6.7978,decreased predicted RUL
FD002,232,51.8871,6,sensor_7,-5.5143,5.5143,decreased predicted RUL
FD002,232,51.8871,7,sensor_21,-4.9088,4.9088,decreased predicted RUL
FD002,232,51.8871,8,sensor_15_rolling_mean,-4.5785,4.5785,decreased predicted RUL
FD002,232,51.8871,9,sensor_20,-3.4278,3.4278,decreased predicted RUL
FD002,232,51.8871,10,sensor_12,-2.9768,2.9768,decreased predicted RUL
FD002,233,166.7932,1,cycle,40.3021,40.3021,increased predicted RUL
FD002,233,166.7932,2,sensor_15,13.1534,13.1534,increased predicted RUL
FD002,233,166.7932,3,sensor_6,-6.605,6.605,decreased predicted RUL
FD002,233,166.7932,4,sensor_11,-4.4502,4.4502,decreased predicted RUL
FD002,233,166.7932,5,sensor_4,-4.3858,4.3858,decreased predicted RUL
FD002,233,166.7932,6,sensor_13_rolling_mean,3.7883,3.7883,increased predicted RUL
FD002,233,166.7932,7,sensor_15_diff,-3.3066,3.3066,decreased predicted RUL
FD002,233,166.7932,8,sensor_7,-2.9036,2.9036,decreased predicted RUL
FD002,233,166.7932,9,sensor_21,2.6555,2.6555,increased predicted RUL
FD002,233,166.7932,10,sensor_17_rolling_std,-2.2844,2.2844,decreased predicted RUL
FD002,234,122.9459,1,sensor_15,-43.8605,43.8605,decreased predicted RUL
FD002,234,122.9459,2,sensor_11,29.5437,29.5437,increased predicted RUL
FD002,234,122.9459,3,cycle,-26.7571,26.7571,decreased predicted RUL
FD002,234,122.9459,4,sensor_13,15.2397,15.2397,increased predicted RUL
FD002,234,122.9459,5,sensor_4,13.1287,13.1287,increased predicted RUL
FD002,234,122.9459,6,sensor_11_diff,-7.2071,7.2071,decreased predicted RUL
FD002,234,122.9459,7,sensor_15_diff,6.6433,6.6433,increased predicted RUL
FD002,234,122.9459,8,sensor_3,6.2803,6.2803,increased predicted RUL
FD002,234,122.9459,9,sensor_15_rolling_mean,-6.2317,6.2317,decreased predicted RUL
FD002,234,122.9459,10,sensor_4_diff,-5.6684,5.6684,decreased predicted RUL
FD002,235,98.4925,1,cycle,-20.2647,20.2647,decreased predicted RUL
FD002,235,98.4925,2,sensor_13,-15.7557,15.7557,decreased predicted RUL
FD002,235,98.4925,3,sensor_15,13.2401,13.2401,increased predicted RUL
FD002,235,98.4925,4,sensor_15_diff,-4.278,4.278,decreased predicted RUL
FD002,235,98.4925,5,sensor_4,-4.2767,4.2767,decreased predicted RUL
FD002,235,98.4925,6,sensor_11_rolling_mean,-3.2742,3.2742,decreased predicted RUL
FD002,235,98.4925,7,sensor_21,2.5485,2.5485,increased predicted RUL
FD002,235,98.4925,8,sensor_13_diff,2.2219,2.2219,increased predicted RUL
FD002,235,98.4925,9,sensor_13_rolling_mean,-2.035,2.035,decreased predicted RUL
FD002,235,98.4925,10,sensor_6_rolling_mean,-1.9072,1.9072,decreased predicted RUL
FD002,236,12.7947,1,sensor_15,-75.9498,75.9498,decreased predicted RUL
FD002,236,12.7947,2,cycle,-31.9502,31.9502,decreased predicted RUL
FD002,236,12.7947,3,sensor_6,-7.6433,7.6433,decreased predicted RUL
FD002,236,12.7947,4,sensor_11,6.6303,6.6303,increased predicted RUL
FD002,236,12.7947,5,sensor_4,6.2413,6.2413,increased predicted RUL
FD002,236,12.7947,6,sensor_15_rolling_mean,-6.2393,6.2393,decreased predicted RUL
FD002,236,12.7947,7,sensor_13,4.9839,4.9839,increased predicted RUL
FD002,236,12.7947,8,sensor_6_rolling_mean,-4.0024,4.0024,decreased predicted RUL
FD002,236,12.7947,9,sensor_3,3.4684,3.4684,increased predicted RUL
FD002,236,12.7947,10,sensor_12,-3.3907,3.3907,decreased predicted RUL
FD002,237,35.3333,1,sensor_13,-38.4883,38.4883,decreased predicted RUL
FD002,237,35.3333,2,cycle,-35.2366,35.2366,decreased predicted RUL
FD002,237,35.3333,3,sensor_11,-6.5804,6.5804,decreased predicted RUL
FD002,237,35.3333,4,sensor_4,-6.4935,6.4935,decreased predicted RUL
FD002,237,35.3333,5,sensor_15_rolling_mean,-3.9297,3.9297,decreased predicted RUL
FD002,237,35.3333,6,sensor_15,3.8759,3.8759,increased predicted RUL
FD002,237,35.3333,7,sensor_15_diff,-2.6447,2.6447,decreased predicted RUL
FD002,237,35.3333,8,sensor_6_rolling_mean,-1.886,1.886,decreased predicted RUL
FD002,237,35.3333,9,sensor_12,-1.6557,1.6557,decreased predicted RUL
FD002,237,35.3333,10,sensor_13_rolling_std,-1.4706,1.4706,decreased predicted RUL
FD002,238,134.1519,1,sensor_15,21.7513,21.7513,increased predicted RUL
FD002,238,134.1519,2,cycle,-8.8923,8.8923,decreased predicted RUL
FD002,238,134.1519,3,sensor_4,-5.0982,5.0982,decreased predicted RUL
FD002,238,134.1519,4,sensor_8,3.3982,3.3982,increased predicted RUL
FD002,238,134.1519,5,sensor_13_rolling_mean,3.0082,3.0082,increased predicted RUL
FD002,238,134.1519,6,sensor_13,-2.8738,2.8738,decreased predicted RUL
FD002,238,134.1519,7,sensor_11_rolling_mean,-2.7582,2.7582,decreased predicted RUL
FD002,238,134.1519,8,sensor_11,-2.5026,2.5026,decreased predicted RUL
FD002,238,134.1519,9,sensor_15_diff,-2.0036,2.0036,decreased predicted RUL
FD002,238,134.1519,10,sensor_4_rolling_mean,-1.661,1.661,decreased predicted RUL
FD002,239,87.7539,1,cycle,-21.1966,21.1966,decreased predicted RUL
FD002,239,87.7539,2,sensor_15,-8.8867,8.8867,decreased predicted RUL
FD002,239,87.7539,3,sensor_11,7.0868,7.0868,increased predicted RUL
FD002,239,87.7539,4,sensor_15_diff,5.1474,5.1474,increased predicted RUL
FD002,239,87.7539,5,sensor_21,-4.6485,4.6485,decreased predicted RUL
FD002,239,87.7539,6,sensor_15_rolling_mean,-3.6827,3.6827,decreased predicted RUL
FD002,239,87.7539,7,sensor_6,-3.563,3.563,decreased predicted RUL
FD002,239,87.7539,8,sensor_12,-2.9401,2.9401,decreased predicted RUL
FD002,239,87.7539,9,sensor_11_diff,-2.8359,2.8359,decreased predicted RUL
FD002,239,87.7539,10,sensor_4,-2.7536,2.7536,decreased predicted RUL
FD002,240,152.6623,1,cycle,34.1795,34.1795,increased predicted RUL
FD002,240,152.6623,2,sensor_15,-15.0753,15.0753,decreased predicted RUL
FD002,240,152.6623,3,sensor_13,7.4753,7.4753,increased predicted RUL
FD002,240,152.6623,4,sensor_15_diff,-5.9835,5.9835,decreased predicted RUL
FD002,240,152.6623,5,sensor_2,5.0547,5.0547,increased predicted RUL
FD002,240,152.6623,6,sensor_4_diff,4.8481,4.8481,increased predicted RUL
FD002,240,152.6623,7,sensor_12,-4.839,4.839,decreased predicted RUL
FD002,240,152.6623,8,sensor_7,-4.1608,4.1608,decreased predicted RUL
FD002,240,152.6623,9,sensor_9,3.9836,3.9836,increased predicted RUL
FD002,240,152.6623,10,sensor_21,-3.8863,3.8863,decreased predicted RUL
FD002,241,192.3661,1,cycle,35.2501,35.2501,increased predicted RUL
FD002,241,192.3661,2,sensor_15,22.6722,22.6722,increased predicted RUL
FD002,241,192.3661,3,sensor_6,-16.8247,16.8247,decreased predicted RUL
FD002,241,192.3661,4,sensor_12,5.8053,5.8053,increased predicted RUL
FD002,241,192.3661,5,sensor_20,4.6184,4.6184,increased predicted RUL
FD002,241,192.3661,6,sensor_21,4.2718,4.2718,increased predicted RUL
FD002,241,192.3661,7,sensor_7,4.2313,4.2313,increased predicted RUL
FD002,241,192.3661,8,sensor_11_rolling_mean,-3.8338,3.8338,decreased predicted RUL
FD002,241,192.3661,9,sensor_15_rolling_mean,3.3194,3.3194,increased predicted RUL
FD002,241,192.3661,10,sensor_13_rolling_std,3.1567,3.1567,increased predicted RUL
FD002,242,14.2433,1,cycle,-38.4103,38.4103,decreased predicted RUL
FD002,242,14.2433,2,sensor_15,-26.9455,26.9455,decreased predicted RUL
FD002,242,14.2433,3,sensor_6,-7.4395,7.4395,decreased predicted RUL
FD002,242,14.2433,4,sensor_21,-6.6939,6.6939,decreased predicted RUL
FD002,242,14.2433,5,sensor_12,-5.516,5.516,decreased predicted RUL
FD002,242,14.2433,6,sensor_13,-3.8145,3.8145,decreased predicted RUL
FD002,242,14.2433,7,sensor_7,-3.6947,3.6947,decreased predicted RUL
FD002,242,14.2433,8,sensor_4_diff,-3.5045,3.5045,decreased predicted RUL
FD002,242,14.2433,9,sensor_11,-3.2132,3.2132,decreased predicted RUL
FD002,242,14.2433,10,sensor_4,-2.9467,2.9467,decreased predicted RUL
FD002,243,159.1163,1,cycle,50.3797,50.3797,increased predicted RUL
FD002,243,159.1163,2,sensor_15,-16.1392,16.1392,decreased predicted RUL
FD002,243,159.1163,3,sensor_13,7.759,7.759,increased predicted RUL
FD002,243,159.1163,4,sensor_11_diff,-6.0623,6.0623,decreased predicted RUL
FD002,243,159.1163,5,sensor_15_diff,4.3626,4.3626,increased predicted RUL
FD002,243,159.1163,6,sensor_7,-3.8105,3.8105,decreased predicted RUL
FD002,243,159.1163,7,sensor_10,-3.364,3.364,decreased predicted RUL
FD002,243,159.1163,8,sensor_13_rolling_mean,3.2496,3.2496,increased predicted RUL
FD002,243,159.1163,9,sensor_4_diff,-2.5971,2.5971,decreased predicted RUL
FD002,243,159.1163,10,sensor_21,-2.4259,2.4259,decreased predicted RUL
FD002,244,149.0016,1,sensor_15,-31.4948,31.4948,decreased predicted RUL
FD002,244,149.0016,2,cycle,30.9562,30.9562,increased predicted RUL
FD002,244,149.0016,3,sensor_11,15.8298,15.8298,increased predicted RUL
FD002,244,149.0016,4,sensor_11_diff,-11.7278,11.7278,decreased predicted RUL
FD002,244,149.0016,5,sensor_13,11.4417,11.4417,increased predicted RUL
FD002,244,149.0016,6,sensor_6,-7.3553,7.3553,decreased predicted RUL
FD002,244,149.0016,7,sensor_3,6.1533,6.1533,increased predicted RUL
FD002,244,149.0016,8,sensor_15_diff,5.6048,5.6048,increased predicted RUL
FD002,244,149.0016,9,sensor_2,4.4834,4.4834,increased predicted RUL
FD002,244,149.0016,10,sensor_8,3.857,3.857,increased predicted RUL
FD002,245,7.8046,1,sensor_15,-74.043,74.043,decreased predicted RUL
FD002,245,7.8046,2,cycle,-34.1204,34.1204,decreased predicted RUL
FD002,245,7.8046,3,sensor_11_diff,-7.6664,7.6664,decreased predicted RUL
FD002,245,7.8046,4,sensor_6,-7.3365,7.3365,decreased predicted RUL
FD002,245,7.8046,5,sensor_4,5.8634,5.8634,increased predicted RUL
FD002,245,7.8046,6,sensor_11,5.0245,5.0245,increased predicted RUL
FD002,245,7.8046,7,sensor_15_rolling_mean,-4.8857,4.8857,decreased predicted RUL
FD002,245,7.8046,8,sensor_15_diff,4.7745,4.7745,increased predicted RUL
FD002,245,7.8046,9,sensor_6_rolling_mean,-3.6464,3.6464,decreased predicted RUL
FD002,245,7.8046,10,sensor_9,3.3002,3.3002,increased predicted RUL
FD002,246,127.6026,1,sensor_15,8.4662,8.4662,increased predicted RUL
FD002,246,127.6026,2,cycle,7.9236,7.9236,increased predicted RUL
FD002,246,127.6026,3,sensor_11_rolling_mean,-4.7876,4.7876,decreased predicted RUL
FD002,246,127.6026,4,sensor_15_diff,4.6624,4.6624,increased predicted RUL
FD002,246,127.6026,5,sensor_11,-4.2134,4.2134,decreased predicted RUL
FD002,246,127.6026,6,sensor_15_rolling_mean,3.8824,3.8824,increased predicted RUL
FD002,246,127.6026,7,sensor_11_diff,-3.4063,3.4063,decreased predicted RUL
FD002,246,127.6026,8,sensor_4,-3.2639,3.2639,decreased predicted RUL
FD002,246,127.6026,9,sensor_2,-2.8276,2.8276,decreased predicted RUL
FD002,246,127.6026,10,sensor_12,-2.7827,2.7827,decreased predicted RUL
FD002,247,172.2524,1,sensor_11,21.3655,21.3655,increased predicted RUL
FD002,247,172.2524,2,sensor_4,14.0444,14.0444,increased predicted RUL
FD002,247,172.2524,3,sensor_15_diff,4.4858,4.4858,increased predicted RUL
FD002,247,172.2524,4,sensor_13_rolling_mean,4.2195,4.2195,increased predicted RUL
FD002,247,172.2524,5,sensor_11_diff,-3.7954,3.7954,decreased predicted RUL
FD002,247,172.2524,6,sensor_4_rolling_std,-3.2709,3.2709,decreased predicted RUL
FD002,247,172.2524,7,sensor_8,2.7148,2.7148,increased predicted RUL
FD002,247,172.2524,8,sensor_2,2.5976,2.5976,increased predicted RUL
FD002,247,172.2524,9,sensor_4_diff,-2.5832,2.5832,decreased predicted RUL
FD002,247,172.2524,10,sensor_11_rolling_mean,-2.4883,2.4883,decreased predicted RUL
FD002,248,78.0694,1,cycle,-38.1719,38.1719,decreased predicted RUL
FD002,248,78.0694,2,sensor_13,-16.4316,16.4316,decreased predicted RUL
FD002,248,78.0694,3,sensor_15,5.1635,5.1635,increased predicted RUL
FD002,248,78.0694,4,sensor_13_rolling_mean,-3.6813,3.6813,decreased predicted RUL
FD002,248,78.0694,5,sensor_7,-3.0989,3.0989,decreased predicted RUL
FD002,248,78.0694,6,sensor_8,-2.5628,2.5628,decreased predicted RUL
FD002,248,78.0694,7,sensor_13_diff,-2.5034,2.5034,decreased predicted RUL
FD002,248,78.0694,8,sensor_14,2.3871,2.3871,increased predicted RUL
FD002,248,78.0694,9,sensor_11_rolling_mean,-1.948,1.948,decreased predicted RUL
FD002,248,78.0694,10,sensor_11_diff,1.7209,1.7209,increased predicted RUL
FD002,249,167.3933,1,cycle,49.6381,49.6381,increased predicted RUL
FD002,249,167.3933,2,sensor_15,9.7344,9.7344,increased predicted RUL
FD002,249,167.3933,3,sensor_6,-7.0075,7.0075,decreased predicted RUL
FD002,249,167.3933,4,sensor_4,-6.0213,6.0213,decreased predicted RUL
FD002,249,167.3933,5,sensor_11,-5.1643,5.1643,decreased predicted RUL
FD002,249,167.3933,6,sensor_11_rolling_mean,-5.0576,5.0576,decreased predicted RUL
FD002,249,167.3933,7,sensor_13,-4.7276,4.7276,decreased predicted RUL
FD002,249,167.3933,8,sensor_13_rolling_mean,-4.3125,4.3125,decreased predicted RUL
FD002,249,167.3933,9,sensor_13_rolling_std,4.2033,4.2033,increased predicted RUL
FD002,249,167.3933,10,sensor_7,-3.2708,3.2708,decreased predicted RUL
FD002,250,10.6816,1,sensor_13,-44.224,44.224,decreased predicted RUL
FD002,250,10.6816,2,cycle,-39.7773,39.7773,decreased predicted RUL
FD002,250,10.6816,3,sensor_11,-6.1426,6.1426,decreased predicted RUL
FD002,250,10.6816,4,sensor_15_diff,3.719,3.719,increased predicted RUL
FD002,250,10.6816,5,sensor_4,-3.6268,3.6268,decreased predicted RUL
FD002,250,10.6816,6,sensor_4_rolling_std,-3.5087,3.5087,decreased predicted RUL
FD002,250,10.6816,7,sensor_15_rolling_mean,-2.9856,2.9856,decreased predicted RUL
FD002,250,10.6816,8,sensor_21,-2.9619,2.9619,decreased predicted RUL
FD002,250,10.6816,9,sensor_10_rolling_std,2.7088,2.7088,increased predicted RUL
FD002,250,10.6816,10,sensor_7,-2.663,2.663,decreased predicted RUL
FD002,251,138.2739,1,sensor_15,-32.7833,32.7833,decreased predicted RUL
FD002,251,138.2739,2,sensor_4,16.0213,16.0213,increased predicted RUL
FD002,251,138.2739,3,cycle,13.139,13.139,increased predicted RUL
FD002,251,138.2739,4,sensor_13,10.7332,10.7332,increased predicted RUL
FD002,251,138.2739,5,sensor_11,8.0695,8.0695,increased predicted RUL
FD002,251,138.2739,6,sensor_15_rolling_mean,-6.7304,6.7304,decreased predicted RUL
FD002,251,138.2739,7,sensor_11_diff,-5.6858,5.6858,decreased predicted RUL
FD002,251,138.2739,8,sensor_9,5.6032,5.6032,increased predicted RUL
FD002,251,138.2739,9,sensor_13_rolling_mean,5.5931,5.5931,increased predicted RUL
FD002,251,138.2739,10,sensor_6,-5.3996,5.3996,decreased predicted RUL
FD002,252,11.1861,1,cycle,-35.5203,35.5203,decreased predicted RUL
FD002,252,11.1861,2,sensor_13,-25.1224,25.1224,decreased predicted RUL
FD002,252,11.1861,3,sensor_15,-9.7192,9.7192,decreased predicted RUL
FD002,252,11.1861,4,sensor_11,-9.0553,9.0553,decreased predicted RUL
FD002,252,11.1861,5,sensor_4,-7.6491,7.6491,decreased predicted RUL
FD002,252,11.1861,6,sensor_2,-5.0668,5.0668,decreased predicted RUL
FD002,252,11.1861,7,sensor_6,-3.5492,3.5492,decreased predicted RUL
FD002,252,11.1861,8,sensor_7,-3.3501,3.3501,decreased predicted RUL
FD002,252,11.1861,9,sensor_11_rolling_mean,-3.2922,3.2922,decreased predicted RUL
FD002,252,11.1861,10,sensor_13_rolling_mean,-3.1209,3.1209,decreased predicted RUL
FD002,253,61.1558,1,cycle,-35.191,35.191,decreased predicted RUL
FD002,253,61.1558,2,sensor_11,-18.3741,18.3741,decreased predicted RUL
FD002,253,61.1558,3,sensor_4,-13.8854,13.8854,decreased predicted RUL
FD002,253,61.1558,4,sensor_15_diff,-9.5704,9.5704,decreased predicted RUL
FD002,253,61.1558,5,sensor_15,9.308,9.308,increased predicted RUL
FD002,253,61.1558,6,sensor_13_diff,5.3726,5.3726,increased predicted RUL
FD002,253,61.1558,7,sensor_2,-4.5872,4.5872,decreased predicted RUL
FD002,253,61.1558,8,sensor_10_diff,3.5917,3.5917,increased predicted RUL
FD002,253,61.1558,9,sensor_17,-3.5107,3.5107,decreased predicted RUL
FD002,253,61.1558,10,sensor_4_rolling_std,-3.3987,3.3987,decreased predicted RUL
FD002,254,57.1789,1,cycle,-36.1833,36.1833,decreased predicted RUL
FD002,254,57.1789,2,sensor_15,-14.2094,14.2094,decreased predicted RUL
FD002,254,57.1789,3,sensor_13,-12.5405,12.5405,decreased predicted RUL
FD002,254,57.1789,4,sensor_4,10.8063,10.8063,increased predicted RUL
FD002,254,57.1789,5,sensor_6,-5.856,5.856,decreased predicted RUL
FD002,254,57.1789,6,sensor_21,-5.3376,5.3376,decreased predicted RUL
FD002,254,57.1789,7,sensor_13_rolling_mean,-5.2851,5.2851,decreased predicted RUL
FD002,254,57.1789,8,sensor_6_rolling_mean,-3.7587,3.7587,decreased predicted RUL
FD002,254,57.1789,9,sensor_12,-3.2068,3.2068,decreased predicted RUL
FD002,254,57.1789,10,sensor_4_rolling_mean,3.1666,3.1666,increased predicted RUL
FD002,255,115.7611,1,cycle,-28.9782,28.9782,decreased predicted RUL
FD002,255,115.7611,2,sensor_4,10.153,10.153,increased predicted RUL
FD002,255,115.7611,3,sensor_15,-7.5089,7.5089,decreased predicted RUL
FD002,255,115.7611,4,sensor_15_diff,6.5159,6.5159,increased predicted RUL
FD002,255,115.7611,5,sensor_2,6.1837,6.1837,increased predicted RUL
FD002,255,115.7611,6,sensor_13,5.5813,5.5813,increased predicted RUL
FD002,255,115.7611,7,sensor_21,-4.5382,4.5382,decreased predicted RUL
FD002,255,115.7611,8,sensor_8,3.8885,3.8885,increased predicted RUL
FD002,255,115.7611,9,sensor_4_diff,-3.881,3.881,decreased predicted RUL
FD002,255,115.7611,10,sensor_13_rolling_std,3.8166,3.8166,increased predicted RUL
FD002,256,132.5267,1,cycle,30.6352,30.6352,increased predicted RUL
FD002,256,132.5267,2,sensor_13,-13.2396,13.2396,decreased predicted RUL
FD002,256,132.5267,3,sensor_6,-7.7817,7.7817,decreased predicted RUL
FD002,256,132.5267,4,sensor_15,5.6527,5.6527,increased predicted RUL
FD002,256,132.5267,5,sensor_4,-5.078,5.078,decreased predicted RUL
FD002,256,132.5267,6,sensor_11,-4.9769,4.9769,decreased predicted RUL
FD002,256,132.5267,7,sensor_15_diff,-4.1281,4.1281,decreased predicted RUL
FD002,256,132.5267,8,sensor_20_rolling_mean,-3.3261,3.3261,decreased predicted RUL
FD002,256,132.5267,9,sensor_13_diff,2.4312,2.4312,increased predicted RUL
FD002,256,132.5267,10,sensor_3_rolling_mean,1.9936,1.9936,increased predicted RUL
FD002,257,57.2417,1,cycle,-34.4045,34.4045,decreased predicted RUL
FD002,257,57.2417,2,sensor_13,-30.1116,30.1116,decreased predicted RUL
FD002,257,57.2417,3,sensor_4,9.0486,9.0486,increased predicted RUL
FD002,257,57.2417,4,sensor_11,6.6614,6.6614,increased predicted RUL
FD002,257,57.2417,5,sensor_15_rolling_mean,-4.9943,4.9943,decreased predicted RUL
FD002,257,57.2417,6,sensor_21,-4.9911,4.9911,decreased predicted RUL
FD002,257,57.2417,7,sensor_12,-4.1852,4.1852,decreased predicted RUL
FD002,257,57.2417,8,sensor_14,3.6626,3.6626,increased predicted RUL
FD002,257,57.2417,9,sensor_11_rolling_mean,2.7515,2.7515,increased predicted RUL
FD002,257,57.2417,10,sensor_20_rolling_mean,-2.6252,2.6252,decreased predicted RUL
FD002,258,129.7472,1,sensor_15,20.9643,20.9643,increased predicted RUL
FD002,258,129.7472,2,cycle,-14.3067,14.3067,decreased predicted RUL
FD002,258,129.7472,3,sensor_11,-10.6566,10.6566,decreased predicted RUL
FD002,258,129.7472,4,sensor_13,8.8025,8.8025,increased predicted RUL
FD002,258,129.7472,5,sensor_21,6.5744,6.5744,increased predicted RUL
FD002,258,129.7472,6,sensor_15_diff,-5.8961,5.8961,decreased predicted RUL
FD002,258,129.7472,7,sensor_20,4.5046,4.5046,increased predicted RUL
FD002,258,129.7472,8,sensor_8,-3.6627,3.6627,decreased predicted RUL
FD002,258,129.7472,9,sensor_12,3.272,3.272,increased predicted RUL
FD002,258,129.7472,10,sensor_6,-3.2387,3.2387,decreased predicted RUL
FD002,259,83.1951,1,cycle,-38.6282,38.6282,decreased predicted RUL
FD002,259,83.1951,2,sensor_13,-25.7284,25.7284,decreased predicted RUL
FD002,259,83.1951,3,sensor_11,17.1609,17.1609,increased predicted RUL
FD002,259,83.1951,4,sensor_4,6.8733,6.8733,increased predicted RUL
FD002,259,83.1951,5,sensor_11_diff,-6.5478,6.5478,decreased predicted RUL
FD002,259,83.1951,6,sensor_3,6.4428,6.4428,increased predicted RUL
FD002,259,83.1951,7,sensor_9,5.1661,5.1661,increased predicted RUL
FD002,259,83.1951,8,sensor_15_diff,3.8782,3.8782,increased predicted RUL
FD002,259,83.1951,9,sensor_4_diff,-3.8099,3.8099,decreased predicted RUL
FD002,259,83.1951,10,sensor_13_diff,3.4539,3.4539,increased predicted RUL
FD003,1,47.7144,1,cycle,-47.8888,47.8888,decreased predicted RUL
FD003,1,47.7144,2,sensor_11,-10.9165,10.9165,decreased predicted RUL
FD003,1,47.7144,3,sensor_13,-10.819,10.819,decreased predicted RUL
FD003,1,47.7144,4,sensor_15,9.624,9.624,increased predicted RUL
FD003,1,47.7144,5,sensor_9,-7.3246,7.3246,decreased predicted RUL
FD003,1,47.7144,6,sensor_14,-7.1451,7.1451,decreased predicted RUL
FD003,1,47.7144,7,sensor_13_rolling_mean,-7.139,7.139,decreased predicted RUL
FD003,1,47.7144,8,sensor_7,6.1785,6.1785,increased predicted RUL
FD003,1,47.7144,9,sensor_4,-5.8418,5.8418,decreased predicted RUL
FD003,1,47.7144,10,sensor_12,5.5389,5.5389,increased predicted RUL
FD003,2,72.4235,1,cycle,-31.5503,31.5503,decreased predicted RUL
FD003,2,72.4235,2,sensor_11,-14.7855,14.7855,decreased predicted RUL
FD003,2,72.4235,3,sensor_15,7.9741,7.9741,increased predicted RUL
FD003,2,72.4235,4,sensor_4,-7.4817,7.4817,decreased predicted RUL
FD003,2,72.4235,5,sensor_13_rolling_mean,-7.3415,7.3415,decreased predicted RUL
FD003,2,72.4235,6,sensor_11_rolling_mean,-7.1972,7.1972,decreased predicted RUL
FD003,2,72.4235,7,sensor_13,-6.5852,6.5852,decreased predicted RUL
FD003,2,72.4235,8,sensor_12,4.9603,4.9603,increased predicted RUL
FD003,2,72.4235,9,sensor_15_rolling_mean,4.4768,4.4768,increased predicted RUL
FD003,2,72.4235,10,sensor_7,3.6657,3.6657,increased predicted RUL
FD003,3,28.0192,1,cycle,-55.6827,55.6827,decreased predicted RUL
FD003,3,28.0192,2,sensor_13,-25.0265,25.0265,decreased predicted RUL
FD003,3,28.0192,3,sensor_11,-15.5931,15.5931,decreased predicted RUL
FD003,3,28.0192,4,sensor_12,9.2964,9.2964,increased predicted RUL
FD003,3,28.0192,5,sensor_9,-8.6855,8.6855,decreased predicted RUL
FD003,3,28.0192,6,sensor_15,8.6154,8.6154,increased predicted RUL
FD003,3,28.0192,7,sensor_4,-7.9247,7.9247,decreased predicted RUL
FD003,3,28.0192,8,sensor_14,-7.3773,7.3773,decreased predicted RUL
FD003,3,28.0192,9,sensor_7,6.9507,6.9507,increased predicted RUL
FD003,3,28.0192,10,sensor_15_rolling_mean,5.6636,5.6636,increased predicted RUL
FD003,4,136.0313,1,cycle,15.7514,15.7514,increased predicted RUL
FD003,4,136.0313,2,sensor_15,14.2827,14.2827,increased predicted RUL
FD003,4,136.0313,3,sensor_6,-9.147,9.147,decreased predicted RUL
FD003,4,136.0313,4,sensor_4,-8.636,8.636,decreased predicted RUL
FD003,4,136.0313,5,sensor_11,-6.1011,6.1011,decreased predicted RUL
FD003,4,136.0313,6,sensor_11_rolling_mean,-5.7695,5.7695,decreased predicted RUL
FD003,4,136.0313,7,sensor_12,4.6745,4.6745,increased predicted RUL
FD003,4,136.0313,8,sensor_15_rolling_mean,3.652,3.652,increased predicted RUL
FD003,4,136.0313,9,sensor_21,3.2004,3.2004,increased predicted RUL
FD003,4,136.0313,10,sensor_7,3.0614,3.0614,increased predicted RUL
FD003,5,166.7413,1,sensor_15,37.7884,37.7884,increased predicted RUL
FD003,5,166.7413,2,cycle,-31.1566,31.1566,decreased predicted RUL
FD003,5,166.7413,3,sensor_13,25.8198,25.8198,increased predicted RUL
FD003,5,166.7413,4,sensor_12_rolling_mean,-5.0865,5.0865,decreased predicted RUL
FD003,5,166.7413,5,sensor_15_rolling_mean,4.9809,4.9809,increased predicted RUL
FD003,5,166.7413,6,sensor_21,4.3343,4.3343,increased predicted RUL
FD003,5,166.7413,7,sensor_4,-4.3336,4.3336,decreased predicted RUL
FD003,5,166.7413,8,sensor_21_rolling_mean,4.228,4.228,increased predicted RUL
FD003,5,166.7413,9,sensor_11_rolling_mean,-4.2234,4.2234,decreased predicted RUL
FD003,5,166.7413,10,sensor_14,3.5288,3.5288,increased predicted RUL
FD003,6,134.3839,1,cycle,23.2977,23.2977,increased predicted RUL
FD003,6,134.3839,2,sensor_11,-14.8673,14.8673,decreased predicted RUL
FD003,6,134.3839,3,sensor_6,-11.1381,11.1381,decreased predicted RUL
FD003,6,134.3839,4,sensor_15,10.9507,10.9507,increased predicted RUL
FD003,6,134.3839,5,sensor_4,-8.6157,8.6157,decreased predicted RUL
FD003,6,134.3839,6,sensor_11_rolling_mean,-5.7099,5.7099,decreased predicted RUL
FD003,6,134.3839,7,sensor_13,4.809,4.809,increased predicted RUL
FD003,6,134.3839,8,sensor_20,4.2017,4.2017,increased predicted RUL
FD003,6,134.3839,9,sensor_12,4.1686,4.1686,increased predicted RUL
FD003,6,134.3839,10,sensor_15_rolling_mean,3.7706,3.7706,increased predicted RUL
FD003,7,61.9106,1,cycle,-32.1099,32.1099,decreased predicted RUL
FD003,7,61.9106,2,sensor_11,-19.7319,19.7319,decreased predicted RUL
FD003,7,61.9106,3,sensor_4,-7.8099,7.8099,decreased predicted RUL
FD003,7,61.9106,4,sensor_11_rolling_mean,-7.0297,7.0297,decreased predicted RUL
FD003,7,61.9106,5,sensor_15,6.9006,6.9006,increased predicted RUL
FD003,7,61.9106,6,sensor_13_rolling_mean,-6.0109,6.0109,decreased predicted RUL
FD003,7,61.9106,7,sensor_13,-5.9615,5.9615,decreased predicted RUL
FD003,7,61.9106,8,sensor_6_rolling_std,3.5128,3.5128,increased predicted RUL
FD003,7,61.9106,9,sensor_12,3.254,3.254,increased predicted RUL
FD003,7,61.9106,10,sensor_2,-2.9558,2.9558,decreased predicted RUL
FD003,8,59.9395,1,cycle,-33.051,33.051,decreased predicted RUL
FD003,8,59.9395,2,sensor_11,-21.2915,21.2915,decreased predicted RUL
FD003,8,59.9395,3,sensor_13,-10.0885,10.0885,decreased predicted RUL
FD003,8,59.9395,4,sensor_11_rolling_mean,-7.4385,7.4385,decreased predicted RUL
FD003,8,59.9395,5,sensor_4,-7.219,7.219,decreased predicted RUL
FD003,8,59.9395,6,sensor_15,7.0959,7.0959,increased predicted RUL
FD003,8,59.9395,7,sensor_13_rolling_mean,-6.5075,6.5075,decreased predicted RUL
FD003,8,59.9395,8,sensor_12,5.3103,5.3103,increased predicted RUL
FD003,8,59.9395,9,sensor_6_rolling_std,3.4638,3.4638,increased predicted RUL
FD003,8,59.9395,10,sensor_2,-2.8769,2.8769,decreased predicted RUL
FD003,9,72.6124,1,cycle,-30.6135,30.6135,decreased predicted RUL
FD003,9,72.6124,2,sensor_11,-22.1501,22.1501,decreased predicted RUL
FD003,9,72.6124,3,sensor_15,13.5956,13.5956,increased predicted RUL
FD003,9,72.6124,4,sensor_4,-10.6742,10.6742,decreased predicted RUL
FD003,9,72.6124,5,sensor_13,8.4152,8.4152,increased predicted RUL
FD003,9,72.6124,6,sensor_6_rolling_std,-7.9386,7.9386,decreased predicted RUL
FD003,9,72.6124,7,sensor_6_rolling_mean,6.6753,6.6753,increased predicted RUL
FD003,9,72.6124,8,sensor_11_rolling_mean,-6.5118,6.5118,decreased predicted RUL
FD003,9,72.6124,9,sensor_12,3.2088,3.2088,increased predicted RUL
FD003,9,72.6124,10,sensor_2,-3.1857,3.1857,decreased predicted RUL
FD003,10,90.8969,1,cycle,-32.0274,32.0274,decreased predicted RUL
FD003,10,90.8969,2,sensor_15,15.7179,15.7179,increased predicted RUL
FD003,10,90.8969,3,sensor_13,9.7974,9.7974,increased predicted RUL
FD003,10,90.8969,4,sensor_14,-9.456,9.456,decreased predicted RUL
FD003,10,90.8969,5,sensor_11,-8.2097,8.2097,decreased predicted RUL
FD003,10,90.8969,6,sensor_11_rolling_mean,-8.1291,8.1291,decreased predicted RUL
FD003,10,90.8969,7,sensor_4,-4.7412,4.7412,decreased predicted RUL
FD003,10,90.8969,8,sensor_14_rolling_mean,-4.3206,4.3206,decreased predicted RUL
FD003,10,90.8969,9,sensor_12,4.2103,4.2103,increased predicted RUL
FD003,10,90.8969,10,sensor_15_rolling_mean,4.186,4.186,increased predicted RUL
FD003,11,74.7339,1,cycle,-22.2752,22.2752,decreased predicted RUL
FD003,11,74.7339,2,sensor_11,-20.6308,20.6308,decreased predicted RUL
FD003,11,74.7339,3,sensor_15,10.6439,10.6439,increased predicted RUL
FD003,11,74.7339,4,sensor_6,-7.2912,7.2912,decreased predicted RUL
FD003,11,74.7339,5,sensor_11_rolling_mean,-6.7429,6.7429,decreased predicted RUL
FD003,11,74.7339,6,sensor_13,6.6964,6.6964,increased predicted RUL
FD003,11,74.7339,7,sensor_12,4.2229,4.2229,increased predicted RUL
FD003,11,74.7339,8,sensor_14,-3.6618,3.6618,decreased predicted RUL
FD003,11,74.7339,9,sensor_2,-3.6101,3.6101,decreased predicted RUL
FD003,11,74.7339,10,sensor_9,-3.5355,3.5355,decreased predicted RUL
FD003,12,96.5535,1,cycle,-33.0192,33.0192,decreased predicted RUL
FD003,12,96.5535,2,sensor_15,16.6019,16.6019,increased predicted RUL
FD003,12,96.5535,3,sensor_11,-13.4259,13.4259,decreased predicted RUL
FD003,12,96.5535,4,sensor_4,-8.6436,8.6436,decreased predicted RUL
FD003,12,96.5535,5,sensor_11_rolling_mean,-7.482,7.482,decreased predicted RUL
FD003,12,96.5535,6,sensor_13,6.1372,6.1372,increased predicted RUL
FD003,12,96.5535,7,sensor_6_rolling_std,5.1726,5.1726,increased predicted RUL
FD003,12,96.5535,8,sensor_6,-4.8572,4.8572,decreased predicted RUL
FD003,12,96.5535,9,sensor_12,4.2449,4.2449,increased predicted RUL
FD003,12,96.5535,10,sensor_15_rolling_mean,3.2515,3.2515,increased predicted RUL
FD003,13,112.7753,1,cycle,16.322,16.322,increased predicted RUL
FD003,13,112.7753,2,sensor_11,-13.4533,13.4533,decreased predicted RUL
FD003,13,112.7753,3,sensor_6,-11.2775,11.2775,decreased predicted RUL
FD003,13,112.7753,4,sensor_15,11.1201,11.1201,increased predicted RUL
FD003,13,112.7753,5,sensor_4,-7.6642,7.6642,decreased predicted RUL
FD003,13,112.7753,6,sensor_9,-6.8435,6.8435,decreased predicted RUL
FD003,13,112.7753,7,sensor_11_rolling_mean,-6.1463,6.1463,decreased predicted RUL
FD003,13,112.7753,8,sensor_15_rolling_mean,5.9736,5.9736,increased predicted RUL
FD003,13,112.7753,9,sensor_12,4.8177,4.8177,increased predicted RUL
FD003,13,112.7753,10,sensor_14_rolling_mean,-3.6193,3.6193,decreased predicted RUL
FD003,14,39.7207,1,cycle,-35.6628,35.6628,decreased predicted RUL
FD003,14,39.7207,2,sensor_11,-21.5399,21.5399,decreased predicted RUL
FD003,14,39.7207,3,sensor_13,-9.4746,9.4746,decreased predicted RUL
FD003,14,39.7207,4,sensor_4,-7.9607,7.9607,decreased predicted RUL
FD003,14,39.7207,5,sensor_11_rolling_mean,-7.411,7.411,decreased predicted RUL
FD003,14,39.7207,6,sensor_15,6.3022,6.3022,increased predicted RUL
FD003,14,39.7207,7,sensor_2,-4.9125,4.9125,decreased predicted RUL
FD003,14,39.7207,8,sensor_13_rolling_mean,-3.9175,3.9175,decreased predicted RUL
FD003,14,39.7207,9,sensor_6,-2.9122,2.9122,decreased predicted RUL
FD003,14,39.7207,10,sensor_7,2.5786,2.5786,increased predicted RUL
FD003,15,157.677,1,cycle,-29.7456,29.7456,decreased predicted RUL
FD003,15,157.677,2,sensor_15,28.7888,28.7888,increased predicted RUL
FD003,15,157.677,3,sensor_13,15.9694,15.9694,increased predicted RUL
FD003,15,157.677,4,sensor_11_rolling_mean,-6.7836,6.7836,decreased predicted RUL
FD003,15,157.677,5,sensor_12,6.4201,6.4201,increased predicted RUL
FD003,15,157.677,6,sensor_21_rolling_mean,5.5416,5.5416,increased predicted RUL
FD003,15,157.677,7,sensor_7,4.8931,4.8931,increased predicted RUL
FD003,15,157.677,8,sensor_6_rolling_mean,3.8726,3.8726,increased predicted RUL
FD003,15,157.677,9,sensor_4,-3.4674,3.4674,decreased predicted RUL
FD003,15,157.677,10,sensor_12_rolling_mean,3.4116,3.4116,increased predicted RUL
FD003,16,137.334,1,cycle,-37.0927,37.0927,decreased predicted RUL
FD003,16,137.334,2,sensor_15,30.4611,30.4611,increased predicted RUL
FD003,16,137.334,3,sensor_13,18.8086,18.8086,increased predicted RUL
FD003,16,137.334,4,sensor_6_rolling_mean,-7.5499,7.5499,decreased predicted RUL
FD003,16,137.334,5,sensor_4,-5.4068,5.4068,decreased predicted RUL
FD003,16,137.334,6,sensor_6,-5.0558,5.0558,decreased predicted RUL
FD003,16,137.334,7,sensor_21_rolling_mean,5.0327,5.0327,increased predicted RUL
FD003,16,137.334,8,sensor_7,4.6366,4.6366,increased predicted RUL
FD003,16,137.334,9,sensor_12,4.3814,4.3814,increased predicted RUL
FD003,16,137.334,10,sensor_21,4.3673,4.3673,increased predicted RUL
FD003,17,111.2616,1,cycle,-33.4614,33.4614,decreased predicted RUL
FD003,17,111.2616,2,sensor_15,26.0667,26.0667,increased predicted RUL
FD003,17,111.2616,3,sensor_13,13.4679,13.4679,increased predicted RUL
FD003,17,111.2616,4,sensor_14,-6.8308,6.8308,decreased predicted RUL
FD003,17,111.2616,5,sensor_12,5.9242,5.9242,increased predicted RUL
FD003,17,111.2616,6,sensor_14_rolling_mean,-4.7811,4.7811,decreased predicted RUL
FD003,17,111.2616,7,sensor_7,4.6156,4.6156,increased predicted RUL
FD003,17,111.2616,8,sensor_11_rolling_mean,-3.7406,3.7406,decreased predicted RUL
FD003,17,111.2616,9,sensor_21,3.6886,3.6886,increased predicted RUL
FD003,17,111.2616,10,sensor_4,-3.6882,3.6882,decreased predicted RUL
FD003,18,173.0854,1,sensor_15,32.5738,32.5738,increased predicted RUL
FD003,18,173.0854,2,cycle,-26.8559,26.8559,decreased predicted RUL
FD003,18,173.0854,3,sensor_13,19.8078,19.8078,increased predicted RUL
FD003,18,173.0854,4,sensor_12,7.8228,7.8228,increased predicted RUL
FD003,18,173.0854,5,sensor_15_rolling_mean,6.1422,6.1422,increased predicted RUL
FD003,18,173.0854,6,sensor_7,5.2403,5.2403,increased predicted RUL
FD003,18,173.0854,7,sensor_20,4.1924,4.1924,increased predicted RUL
FD003,18,173.0854,8,sensor_4,-3.3327,3.3327,decreased predicted RUL
FD003,18,173.0854,9,sensor_11_rolling_mean,-3.1295,3.1295,decreased predicted RUL
FD003,18,173.0854,10,sensor_21,2.8294,2.8294,increased predicted RUL
FD003,19,145.5656,1,cycle,-24.0527,24.0527,decreased predicted RUL
FD003,19,145.5656,2,sensor_15,23.4801,23.4801,increased predicted RUL
FD003,19,145.5656,3,sensor_13,10.6522,10.6522,increased predicted RUL
FD003,19,145.5656,4,sensor_15_rolling_mean,6.7113,6.7113,increased predicted RUL
FD003,19,145.5656,5,sensor_12,5.9158,5.9158,increased predicted RUL
FD003,19,145.5656,6,sensor_11_rolling_mean,-5.4038,5.4038,decreased predicted RUL
FD003,19,145.5656,7,sensor_6,-4.7451,4.7451,decreased predicted RUL
FD003,19,145.5656,8,sensor_7,3.7813,3.7813,increased predicted RUL
FD003,19,145.5656,9,sensor_11,-3.7503,3.7503,decreased predicted RUL
FD003,19,145.5656,10,sensor_4,-3.7362,3.7362,decreased predicted RUL
FD003,20,68.1062,1,cycle,-49.2421,49.2421,decreased predicted RUL
FD003,20,68.1062,2,sensor_15,12.4311,12.4311,increased predicted RUL
FD003,20,68.1062,3,sensor_12,9.4861,9.4861,increased predicted RUL
FD003,20,68.1062,4,sensor_6_rolling_std,-8.8466,8.8466,decreased predicted RUL
FD003,20,68.1062,5,sensor_11,-8.2177,8.2177,decreased predicted RUL
FD003,20,68.1062,6,sensor_9,-6.631,6.631,decreased predicted RUL
FD003,20,68.1062,7,sensor_21,6.3694,6.3694,increased predicted RUL
FD003,20,68.1062,8,sensor_7,6.2558,6.2558,increased predicted RUL
FD003,20,68.1062,9,sensor_15_rolling_mean,5.9911,5.9911,increased predicted RUL
FD003,20,68.1062,10,sensor_13_rolling_mean,-5.944,5.944,decreased predicted RUL
FD003,21,18.1322,1,cycle,-56.3726,56.3726,decreased predicted RUL
FD003,21,18.1322,2,sensor_13,-23.9019,23.9019,decreased predicted RUL
FD003,21,18.1322,3,sensor_11,-16.876,16.876,decreased predicted RUL
FD003,21,18.1322,4,sensor_9,-8.8927,8.8927,decreased predicted RUL
FD003,21,18.1322,5,sensor_15,8.3572,8.3572,increased predicted RUL
FD003,21,18.1322,6,sensor_14,-7.9141,7.9141,decreased predicted RUL
FD003,21,18.1322,7,sensor_12,6.2543,6.2543,increased predicted RUL
FD003,21,18.1322,8,sensor_4,-6.0784,6.0784,decreased predicted RUL
FD003,21,18.1322,9,sensor_7,5.9555,5.9555,increased predicted RUL
FD003,21,18.1322,10,sensor_11_rolling_mean,-5.8746,5.8746,decreased predicted RUL
FD003,22,170.943,1,cycle,-31.7895,31.7895,decreased predicted RUL
FD003,22,170.943,2,sensor_15,29.8066,29.8066,increased predicted RUL
FD003,22,170.943,3,sensor_13,10.6193,10.6193,increased predicted RUL
FD003,22,170.943,4,sensor_12,9.3712,9.3712,increased predicted RUL
FD003,22,170.943,5,sensor_7,8.6057,8.6057,increased predicted RUL
FD003,22,170.943,6,sensor_15_rolling_mean,6.3489,6.3489,increased predicted RUL
FD003,22,170.943,7,sensor_21,4.2582,4.2582,increased predicted RUL
FD003,22,170.943,8,sensor_11_diff,-4.1829,4.1829,decreased predicted RUL
FD003,22,170.943,9,sensor_20,3.9165,3.9165,increased predicted RUL
FD003,22,170.943,10,sensor_12_rolling_mean,3.8957,3.8957,increased predicted RUL
FD003,23,65.9281,1,cycle,-36.8925,36.8925,decreased predicted RUL
FD003,23,65.9281,2,sensor_15,11.7271,11.7271,increased predicted RUL
FD003,23,65.9281,3,sensor_11,-8.3321,8.3321,decreased predicted RUL
FD003,23,65.9281,4,sensor_12,7.3643,7.3643,increased predicted RUL
FD003,23,65.9281,5,sensor_14,-7.1436,7.1436,decreased predicted RUL
FD003,23,65.9281,6,sensor_6,-6.9303,6.9303,decreased predicted RUL
FD003,23,65.9281,7,sensor_9,-6.4984,6.4984,decreased predicted RUL
FD003,23,65.9281,8,sensor_15_rolling_mean,6.1355,6.1355,increased predicted RUL
FD003,23,65.9281,9,sensor_6_rolling_mean,-5.5877,5.5877,decreased predicted RUL
FD003,23,65.9281,10,sensor_4,-4.9751,4.9751,decreased predicted RUL
FD003,24,9.8797,1,cycle,-50.5698,50.5698,decreased predicted RUL
FD003,24,9.8797,2,sensor_13,-24.9266,24.9266,decreased predicted RUL
FD003,24,9.8797,3,sensor_11,-22.0272,22.0272,decreased predicted RUL
FD003,24,9.8797,4,sensor_4,-10.1069,10.1069,decreased predicted RUL
FD003,24,9.8797,5,sensor_9,-9.6289,9.6289,decreased predicted RUL
FD003,24,9.8797,6,sensor_14,-8.1086,8.1086,decreased predicted RUL
FD003,24,9.8797,7,sensor_12,6.9488,6.9488,increased predicted RUL
FD003,24,9.8797,8,sensor_15,6.9187,6.9187,increased predicted RUL
FD003,24,9.8797,9,sensor_11_rolling_mean,-5.9651,5.9651,decreased predicted RUL
FD003,24,9.8797,10,sensor_7,5.7116,5.7116,increased predicted RUL
FD003,25,53.8533,1,cycle,-34.9734,34.9734,decreased predicted RUL
FD003,25,53.8533,2,sensor_11,-21.3322,21.3322,decreased predicted RUL
FD003,25,53.8533,3,sensor_4,-12.0424,12.0424,decreased predicted RUL
FD003,25,53.8533,4,sensor_11_rolling_mean,-7.7595,7.7595,decreased predicted RUL
FD003,25,53.8533,5,sensor_15,7.5316,7.5316,increased predicted RUL
FD003,25,53.8533,6,sensor_13_rolling_mean,-6.335,6.335,decreased predicted RUL
FD003,25,53.8533,7,sensor_13,-3.8752,3.8752,decreased predicted RUL
FD003,25,53.8533,8,sensor_6_rolling_std,3.6911,3.6911,increased predicted RUL
FD003,25,53.8533,9,sensor_4_rolling_mean,-3.21,3.21,decreased predicted RUL
FD003,25,53.8533,10,sensor_7,3.1807,3.1807,increased predicted RUL
FD003,26,15.847,1,cycle,-38.9373,38.9373,decreased predicted RUL
FD003,26,15.847,2,sensor_11,-28.6216,28.6216,decreased predicted RUL
FD003,26,15.847,3,sensor_13,-27.0193,27.0193,decreased predicted RUL
FD003,26,15.847,4,sensor_4,-10.611,10.611,decreased predicted RUL
FD003,26,15.847,5,sensor_11_rolling_mean,-6.3339,6.3339,decreased predicted RUL
FD003,26,15.847,6,sensor_13_rolling_mean,-5.4749,5.4749,decreased predicted RUL
FD003,26,15.847,7,sensor_15,5.4232,5.4232,increased predicted RUL
FD003,26,15.847,8,sensor_2,-4.4301,4.4301,decreased predicted RUL
FD003,26,15.847,9,sensor_3,-3.6666,3.6666,decreased predicted RUL
FD003,26,15.847,10,sensor_12,3.3193,3.3193,increased predicted RUL
FD003,27,218.6782,1,sensor_15,23.5648,23.5648,increased predicted RUL
FD003,27,218.6782,2,cycle,-18.6942,18.6942,decreased predicted RUL
FD003,27,218.6782,3,sensor_12_rolling_mean,14.0163,14.0163,increased predicted RUL
FD003,27,218.6782,4,sensor_12,13.909,13.909,increased predicted RUL
FD003,27,218.6782,5,sensor_21_rolling_mean,13.7274,13.7274,increased predicted RUL
FD003,27,218.6782,6,sensor_6_rolling_mean,12.71,12.71,increased predicted RUL
FD003,27,218.6782,7,sensor_7,8.982,8.982,increased predicted RUL
FD003,27,218.6782,8,sensor_13,8.608,8.608,increased predicted RUL
FD003,27,218.6782,9,sensor_6_rolling_std,8.3296,8.3296,increased predicted RUL
FD003,27,218.6782,10,sensor_21,7.1043,7.1043,increased predicted RUL
FD003,28,149.6328,1,sensor_15,18.1833,18.1833,increased predicted RUL
FD003,28,149.6328,2,cycle,14.0838,14.0838,increased predicted RUL
FD003,28,149.6328,3,sensor_6,-9.4909,9.4909,decreased predicted RUL
FD003,28,149.6328,4,sensor_13,9.4377,9.4377,increased predicted RUL
FD003,28,149.6328,5,sensor_7,7.3004,7.3004,increased predicted RUL
FD003,28,149.6328,6,sensor_9,-6.9185,6.9185,decreased predicted RUL
FD003,28,149.6328,7,sensor_4,-5.7869,5.7869,decreased predicted RUL
FD003,28,149.6328,8,sensor_15_rolling_mean,5.3028,5.3028,increased predicted RUL
FD003,28,149.6328,9,sensor_12,5.2165,5.2165,increased predicted RUL
FD003,28,149.6328,10,sensor_14_rolling_mean,-3.6162,3.6162,decreased predicted RUL
FD003,29,132.8681,1,sensor_15,16.2255,16.2255,increased predicted RUL
FD003,29,132.8681,2,sensor_6,-8.8891,8.8891,decreased predicted RUL
FD003,29,132.8681,3,sensor_4,-7.5057,7.5057,decreased predicted RUL
FD003,29,132.8681,4,sensor_12,6.9848,6.9848,increased predicted RUL
FD003,29,132.8681,5,sensor_11_rolling_mean,-6.2669,6.2669,decreased predicted RUL
FD003,29,132.8681,6,sensor_11,-5.7606,5.7606,decreased predicted RUL
FD003,29,132.8681,7,sensor_13,4.6682,4.6682,increased predicted RUL
FD003,29,132.8681,8,sensor_21,3.6092,3.6092,increased predicted RUL
FD003,29,132.8681,9,cycle,-3.5234,3.5234,decreased predicted RUL
FD003,29,132.8681,10,sensor_2,-3.34,3.34,decreased predicted RUL
FD003,30,81.1503,1,cycle,-36.8497,36.8497,decreased predicted RUL
FD003,30,81.1503,2,sensor_15,16.8614,16.8614,increased predicted RUL
FD003,30,81.1503,3,sensor_6,-10.2122,10.2122,decreased predicted RUL
FD003,30,81.1503,4,sensor_11,-9.4991,9.4991,decreased predicted RUL
FD003,30,81.1503,5,sensor_12,8.7847,8.7847,increased predicted RUL
FD003,30,81.1503,6,sensor_6_rolling_mean,-8.2136,8.2136,decreased predicted RUL
FD003,30,81.1503,7,sensor_13,7.3958,7.3958,increased predicted RUL
FD003,30,81.1503,8,sensor_14,-7.2985,7.2985,decreased predicted RUL
FD003,30,81.1503,9,sensor_9,-6.0629,6.0629,decreased predicted RUL
FD003,30,81.1503,10,sensor_15_rolling_mean,5.2771,5.2771,increased predicted RUL
FD003,31,71.7381,1,cycle,-32.1825,32.1825,decreased predicted RUL
FD003,31,71.7381,2,sensor_15,19.1045,19.1045,increased predicted RUL
FD003,31,71.7381,3,sensor_14,-18.3417,18.3417,decreased predicted RUL
FD003,31,71.7381,4,sensor_9,-12.8802,12.8802,decreased predicted RUL
FD003,31,71.7381,5,sensor_13,11.7934,11.7934,increased predicted RUL
FD003,31,71.7381,6,sensor_6_rolling_std,-11.2653,11.2653,decreased predicted RUL
FD003,31,71.7381,7,sensor_11_rolling_mean,-8.8644,8.8644,decreased predicted RUL
FD003,31,71.7381,8,sensor_15_rolling_mean,6.0191,6.0191,increased predicted RUL
FD003,31,71.7381,9,sensor_12,5.0848,5.0848,increased predicted RUL
FD003,31,71.7381,10,sensor_4,-3.063,3.063,decreased predicted RUL
FD003,32,47.2807,1,cycle,-33.4988,33.4988,decreased predicted RUL
FD003,32,47.2807,2,sensor_11,-23.0579,23.0579,decreased predicted RUL
FD003,32,47.2807,3,sensor_4,-11.0032,11.0032,decreased predicted RUL
FD003,32,47.2807,4,sensor_13,-8.9997,8.9997,decreased predicted RUL
FD003,32,47.2807,5,sensor_11_rolling_mean,-6.7965,6.7965,decreased predicted RUL
FD003,32,47.2807,6,sensor_15,5.5854,5.5854,increased predicted RUL
FD003,32,47.2807,7,sensor_2,-4.3029,4.3029,decreased predicted RUL
FD003,32,47.2807,8,sensor_12,3.9589,3.9589,increased predicted RUL
FD003,32,47.2807,9,sensor_15_rolling_mean,3.8907,3.8907,increased predicted RUL
FD003,32,47.2807,10,sensor_7,3.6707,3.6707,increased predicted RUL
FD003,33,86.5944,1,cycle,-30.6383,30.6383,decreased predicted RUL
FD003,33,86.5944,2,sensor_15,13.6989,13.6989,increased predicted RUL
FD003,33,86.5944,3,sensor_11,-11.3174,11.3174,decreased predicted RUL
FD003,33,86.5944,4,sensor_13,9.1582,9.1582,increased predicted RUL
FD003,33,86.5944,5,sensor_6_rolling_mean,8.5535,8.5535,increased predicted RUL
FD003,33,86.5944,6,sensor_14,-7.66,7.66,decreased predicted RUL
FD003,33,86.5944,7,sensor_11_rolling_mean,-7.2052,7.2052,decreased predicted RUL
FD003,33,86.5944,8,sensor_6_rolling_std,-5.2431,5.2431,decreased predicted RUL
FD003,33,86.5944,9,sensor_9,-5.0707,5.0707,decreased predicted RUL
FD003,33,86.5944,10,sensor_4,-4.8644,4.8644,decreased predicted RUL
FD003,34,86.8124,1,cycle,-19.4074,19.4074,decreased predicted RUL
FD003,34,86.8124,2,sensor_11,-13.099,13.099,decreased predicted RUL
FD003,34,86.8124,3,sensor_15,8.8559,8.8559,increased predicted RUL
FD003,34,86.8124,4,sensor_4,-7.925,7.925,decreased predicted RUL
FD003,34,86.8124,5,sensor_12,6.4655,6.4655,increased predicted RUL
FD003,34,86.8124,6,sensor_11_rolling_mean,-5.8293,5.8293,decreased predicted RUL
FD003,34,86.8124,7,sensor_13,-4.9335,4.9335,decreased predicted RUL
FD003,34,86.8124,8,sensor_2,-4.5301,4.5301,decreased predicted RUL
FD003,34,86.8124,9,sensor_6,-4.2163,4.2163,decreased predicted RUL
FD003,34,86.8124,10,sensor_3,-3.9271,3.9271,decreased predicted RUL
FD003,35,109.3524,1,cycle,-56.1622,56.1622,decreased predicted RUL
FD003,35,109.3524,2,sensor_15,26.3109,26.3109,increased predicted RUL
FD003,35,109.3524,3,sensor_13,11.8467,11.8467,increased predicted RUL
FD003,35,109.3524,4,sensor_12,10.2348,10.2348,increased predicted RUL
FD003,35,109.3524,5,sensor_11,-7.3503,7.3503,decreased predicted RUL
FD003,35,109.3524,6,sensor_14_rolling_mean,-6.9835,6.9835,decreased predicted RUL
FD003,35,109.3524,7,sensor_11_rolling_mean,-6.8446,6.8446,decreased predicted RUL
FD003,35,109.3524,8,sensor_12_rolling_mean,6.5116,6.5116,increased predicted RUL
FD003,35,109.3524,9,sensor_21_rolling_mean,6.1936,6.1936,increased predicted RUL
FD003,35,109.3524,10,sensor_15_rolling_mean,6.1006,6.1006,increased predicted RUL
FD003,36,211.521,1,sensor_15,31.5285,31.5285,increased predicted RUL
FD003,36,211.521,2,sensor_6_rolling_std,20.9292,20.9292,increased predicted RUL
FD003,36,211.521,3,sensor_13,14.6042,14.6042,increased predicted RUL
FD003,36,211.521,4,sensor_11,-6.2981,6.2981,decreased predicted RUL
FD003,36,211.521,5,sensor_15_rolling_mean,5.906,5.906,increased predicted RUL
FD003,36,211.521,6,sensor_12,5.3983,5.3983,increased predicted RUL
FD003,36,211.521,7,sensor_20,4.1122,4.1122,increased predicted RUL
FD003,36,211.521,8,sensor_4,-3.5519,3.5519,decreased predicted RUL
FD003,36,211.521,9,sensor_7,3.1692,3.1692,increased predicted RUL
FD003,36,211.521,10,sensor_6,2.9148,2.9148,increased predicted RUL
FD003,37,186.7534,1,cycle,37.4078,37.4078,increased predicted RUL
FD003,37,186.7534,2,sensor_15,12.7213,12.7213,increased predicted RUL
FD003,37,186.7534,3,sensor_6,-10.54,10.54,decreased predicted RUL
FD003,37,186.7534,4,sensor_12,6.2916,6.2916,increased predicted RUL
FD003,37,186.7534,5,sensor_11_rolling_mean,-6.1682,6.1682,decreased predicted RUL
FD003,37,186.7534,6,sensor_12_rolling_mean,6.1154,6.1154,increased predicted RUL
FD003,37,186.7534,7,sensor_11,-5.7179,5.7179,decreased predicted RUL
FD003,37,186.7534,8,sensor_15_rolling_mean,4.8676,4.8676,increased predicted RUL
FD003,37,186.7534,9,sensor_4,-4.6389,4.6389,decreased predicted RUL
FD003,37,186.7534,10,sensor_20,4.5477,4.5477,increased predicted RUL
FD003,38,39.3075,1,cycle,-36.0663,36.0663,decreased predicted RUL
FD003,38,39.3075,2,sensor_11,-28.3304,28.3304,decreased predicted RUL
FD003,38,39.3075,3,sensor_4,-13.5288,13.5288,decreased predicted RUL
FD003,38,39.3075,4,sensor_15,7.421,7.421,increased predicted RUL
FD003,38,39.3075,5,sensor_11_rolling_mean,-6.5905,6.5905,decreased predicted RUL
FD003,38,39.3075,6,sensor_2,-4.6366,4.6366,decreased predicted RUL
FD003,38,39.3075,7,sensor_17,-3.6575,3.6575,decreased predicted RUL
FD003,38,39.3075,8,sensor_13_rolling_mean,-3.4957,3.4957,decreased predicted RUL
FD003,38,39.3075,9,sensor_3,-3.468,3.468,decreased predicted RUL
FD003,38,39.3075,10,sensor_4_rolling_mean,-2.9444,2.9444,decreased predicted RUL
FD003,39,14.053,1,cycle,-53.0469,53.0469,decreased predicted RUL
FD003,39,14.053,2,sensor_13,-24.4431,24.4431,decreased predicted RUL
FD003,39,14.053,3,sensor_11,-21.2678,21.2678,decreased predicted RUL
FD003,39,14.053,4,sensor_9,-9.1855,9.1855,decreased predicted RUL
FD003,39,14.053,5,sensor_14,-9.1123,9.1123,decreased predicted RUL
FD003,39,14.053,6,sensor_4,-8.6864,8.6864,decreased predicted RUL
FD003,39,14.053,7,sensor_15,7.603,7.603,increased predicted RUL
FD003,39,14.053,8,sensor_7,6.4637,6.4637,increased predicted RUL
FD003,39,14.053,9,sensor_12,6.0237,6.0237,increased predicted RUL
FD003,39,14.053,10,sensor_13_rolling_mean,-5.6755,5.6755,decreased predicted RUL
FD003,40,40.4702,1,cycle,-43.7487,43.7487,decreased predicted RUL
FD003,40,40.4702,2,sensor_11,-12.3255,12.3255,decreased predicted RUL
FD003,40,40.4702,3,sensor_13,-10.5965,10.5965,decreased predicted RUL
FD003,40,40.4702,4,sensor_15,9.0694,9.0694,increased predicted RUL
FD003,40,40.4702,5,sensor_14,-7.5051,7.5051,decreased predicted RUL
FD003,40,40.4702,6,sensor_12,6.9959,6.9959,increased predicted RUL
FD003,40,40.4702,7,sensor_9,-6.504,6.504,decreased predicted RUL
FD003,40,40.4702,8,sensor_6,-6.0997,6.0997,decreased predicted RUL
FD003,40,40.4702,9,sensor_7,6.0269,6.0269,increased predicted RUL
FD003,40,40.4702,10,sensor_4,-5.9277,5.9277,decreased predicted RUL
FD003,41,191.127,1,sensor_15,29.2421,29.2421,increased predicted RUL
FD003,41,191.127,2,cycle,-23.0823,23.0823,decreased predicted RUL
FD003,41,191.127,3,sensor_13,13.3962,13.3962,increased predicted RUL
FD003,41,191.127,4,sensor_12,11.5375,11.5375,increased predicted RUL
FD003,41,191.127,5,sensor_7,9.0324,9.0324,increased predicted RUL
FD003,41,191.127,6,sensor_15_rolling_mean,5.4146,5.4146,increased predicted RUL
FD003,41,191.127,7,sensor_21,5.1123,5.1123,increased predicted RUL
FD003,41,191.127,8,sensor_12_rolling_mean,4.2247,4.2247,increased predicted RUL
FD003,41,191.127,9,sensor_7_rolling_mean,3.721,3.721,increased predicted RUL
FD003,41,191.127,10,sensor_4,-3.4541,3.4541,decreased predicted RUL
FD003,42,92.2905,1,sensor_11,-14.9812,14.9812,decreased predicted RUL
FD003,42,92.2905,2,sensor_15,10.1617,10.1617,increased predicted RUL
FD003,42,92.2905,3,sensor_4,-9.4592,9.4592,decreased predicted RUL
FD003,42,92.2905,4,sensor_11_rolling_mean,-7.3917,7.3917,decreased predicted RUL
FD003,42,92.2905,5,sensor_6,-6.9857,6.9857,decreased predicted RUL
FD003,42,92.2905,6,sensor_12,5.1739,5.1739,increased predicted RUL
FD003,42,92.2905,7,sensor_11_diff,-4.4413,4.4413,decreased predicted RUL
FD003,42,92.2905,8,sensor_2,-4.0148,4.0148,decreased predicted RUL
FD003,42,92.2905,9,sensor_13,-3.5371,3.5371,decreased predicted RUL
FD003,42,92.2905,10,sensor_15_rolling_mean,3.1498,3.1498,increased predicted RUL
FD003,43,175.5243,1,cycle,-37.9653,37.9653,decreased predicted RUL
FD003,43,175.5243,2,sensor_15,33.3677,33.3677,increased predicted RUL
FD003,43,175.5243,3,sensor_13,22.7892,22.7892,increased predicted RUL
FD003,43,175.5243,4,sensor_15_rolling_mean,8.2936,8.2936,increased predicted RUL
FD003,43,175.5243,5,sensor_6_rolling_mean,5.5696,5.5696,increased predicted RUL
FD003,43,175.5243,6,sensor_7,5.2911,5.2911,increased predicted RUL
FD003,43,175.5243,7,sensor_12,4.9593,4.9593,increased predicted RUL
FD003,43,175.5243,8,sensor_4,-3.8637,3.8637,decreased predicted RUL
FD003,43,175.5243,9,sensor_20,3.2518,3.2518,increased predicted RUL
FD003,43,175.5243,10,sensor_9,3.1299,3.1299,increased predicted RUL
FD003,44,65.0069,1,cycle,-34.8739,34.8739,decreased predicted RUL
FD003,44,65.0069,2,sensor_11,-14.4908,14.4908,decreased predicted RUL
FD003,44,65.0069,3,sensor_11_rolling_mean,-8.4913,8.4913,decreased predicted RUL
FD003,44,65.0069,4,sensor_4,-8.373,8.373,decreased predicted RUL
FD003,44,65.0069,5,sensor_13,-7.1735,7.1735,decreased predicted RUL
FD003,44,65.0069,6,sensor_15,7.07,7.07,increased predicted RUL
FD003,44,65.0069,7,sensor_13_rolling_mean,-5.0208,5.0208,decreased predicted RUL
FD003,44,65.0069,8,sensor_12,4.4588,4.4588,increased predicted RUL
FD003,44,65.0069,9,sensor_2,-4.3927,4.3927,decreased predicted RUL
FD003,44,65.0069,10,sensor_6_rolling_std,4.1067,4.1067,increased predicted RUL
FD003,45,140.1553,1,sensor_15,20.317,20.317,increased predicted RUL
FD003,45,140.1553,2,sensor_6,-9.8926,9.8926,decreased predicted RUL
FD003,45,140.1553,3,sensor_13,8.4565,8.4565,increased predicted RUL
FD003,45,140.1553,4,sensor_4,-7.2261,7.2261,decreased predicted RUL
FD003,45,140.1553,5,sensor_12,6.1208,6.1208,increased predicted RUL
FD003,45,140.1553,6,sensor_15_rolling_mean,4.957,4.957,increased predicted RUL
FD003,45,140.1553,7,cycle,-4.4159,4.4159,decreased predicted RUL
FD003,45,140.1553,8,sensor_13_rolling_mean,-3.5753,3.5753,decreased predicted RUL
FD003,45,140.1553,9,sensor_21_rolling_std,-3.4678,3.4678,decreased predicted RUL
FD003,45,140.1553,10,sensor_7,3.2438,3.2438,increased predicted RUL
FD003,46,3.7978,1,cycle,-66.6458,66.6458,decreased predicted RUL
FD003,46,3.7978,2,sensor_13,-23.1111,23.1111,decreased predicted RUL
FD003,46,3.7978,3,sensor_11,-20.4275,20.4275,decreased predicted RUL
FD003,46,3.7978,4,sensor_9,-9.5499,9.5499,decreased predicted RUL
FD003,46,3.7978,5,sensor_4,-7.9917,7.9917,decreased predicted RUL
FD003,46,3.7978,6,sensor_14_rolling_mean,-7.263,7.263,decreased predicted RUL
FD003,46,3.7978,7,sensor_15,7.2269,7.2269,increased predicted RUL
FD003,46,3.7978,8,sensor_12,7.1027,7.1027,increased predicted RUL
FD003,46,3.7978,9,sensor_14,-6.5524,6.5524,decreased predicted RUL
FD003,46,3.7978,10,sensor_13_rolling_mean,-6.0064,6.0064,decreased predicted RUL
FD003,47,153.362,1,cycle,29.7537,29.7537,increased predicted RUL
FD003,47,153.362,2,sensor_15,14.023,14.023,increased predicted RUL
FD003,47,153.362,3,sensor_6,-13.3361,13.3361,decreased predicted RUL
FD003,47,153.362,4,sensor_11,-8.0823,8.0823,decreased predicted RUL
FD003,47,153.362,5,sensor_4,-6.9351,6.9351,decreased predicted RUL
FD003,47,153.362,6,sensor_11_rolling_mean,-6.5633,6.5633,decreased predicted RUL
FD003,47,153.362,7,sensor_12,6.05,6.05,increased predicted RUL
FD003,47,153.362,8,sensor_7,4.3194,4.3194,increased predicted RUL
FD003,47,153.362,9,sensor_15_rolling_mean,3.5389,3.5389,increased predicted RUL
FD003,47,153.362,10,sensor_20,3.1148,3.1148,increased predicted RUL
FD003,48,55.4613,1,cycle,-33.8125,33.8125,decreased predicted RUL
FD003,48,55.4613,2,sensor_11,-24.1642,24.1642,decreased predicted RUL
FD003,48,55.4613,3,sensor_4,-13.1496,13.1496,decreased predicted RUL
FD003,48,55.4613,4,sensor_15,7.7432,7.7432,increased predicted RUL
FD003,48,55.4613,5,sensor_11_rolling_mean,-6.3335,6.3335,decreased predicted RUL
FD003,48,55.4613,6,sensor_12,3.822,3.822,increased predicted RUL
FD003,48,55.4613,7,sensor_13_rolling_mean,-2.9429,2.9429,decreased predicted RUL
FD003,48,55.4613,8,sensor_6,-2.2782,2.2782,decreased predicted RUL
FD003,48,55.4613,9,sensor_2,-2.2241,2.2241,decreased predicted RUL
FD003,48,55.4613,10,sensor_3,-2.1755,2.1755,decreased predicted RUL
FD003,49,197.2166,1,sensor_15,34.2652,34.2652,increased predicted RUL
FD003,49,197.2166,2,sensor_13,26.7955,26.7955,increased predicted RUL
FD003,49,197.2166,3,cycle,-24.821,24.821,decreased predicted RUL
FD003,49,197.2166,4,sensor_15_rolling_mean,10.6144,10.6144,increased predicted RUL
FD003,49,197.2166,5,sensor_12,4.6909,4.6909,increased predicted RUL
FD003,49,197.2166,6,sensor_6_rolling_mean,4.2545,4.2545,increased predicted RUL
FD003,49,197.2166,7,sensor_12_rolling_mean,-3.5087,3.5087,decreased predicted RUL
FD003,49,197.2166,8,sensor_20,3.4853,3.4853,increased predicted RUL
FD003,49,197.2166,9,sensor_3_rolling_mean,3.2753,3.2753,increased predicted RUL
FD003,49,197.2166,10,sensor_9,3.2495,3.2495,increased predicted RUL
FD003,50,14.9349,1,cycle,-40.1421,40.1421,decreased predicted RUL
FD003,50,14.9349,2,sensor_11,-28.6031,28.6031,decreased predicted RUL
FD003,50,14.9349,3,sensor_13,-22.3048,22.3048,decreased predicted RUL
FD003,50,14.9349,4,sensor_4,-10.2209,10.2209,decreased predicted RUL
FD003,50,14.9349,5,sensor_11_rolling_mean,-7.3145,7.3145,decreased predicted RUL
FD003,50,14.9349,6,sensor_13_rolling_mean,-6.3662,6.3662,decreased predicted RUL
FD003,50,14.9349,7,sensor_15,5.2769,5.2769,increased predicted RUL
FD003,50,14.9349,8,sensor_2,-5.1233,5.1233,decreased predicted RUL
FD003,50,14.9349,9,sensor_6_rolling_std,3.3949,3.3949,increased predicted RUL
FD003,50,14.9349,10,sensor_17,-3.1471,3.1471,decreased predicted RUL
FD003,51,103.8564,1,cycle,-26.4265,26.4265,decreased predicted RUL
FD003,51,103.8564,2,sensor_15,17.3866,17.3866,increased predicted RUL
FD003,51,103.8564,3,sensor_4,-11.1806,11.1806,decreased predicted RUL
FD003,51,103.8564,4,sensor_13,9.5578,9.5578,increased predicted RUL
FD003,51,103.8564,5,sensor_11,-6.7254,6.7254,decreased predicted RUL
FD003,51,103.8564,6,sensor_6,-6.6723,6.6723,decreased predicted RUL
FD003,51,103.8564,7,sensor_11_rolling_mean,-5.218,5.218,decreased predicted RUL
FD003,51,103.8564,8,sensor_12,3.9601,3.9601,increased predicted RUL
FD003,51,103.8564,9,sensor_6_rolling_std,3.4682,3.4682,increased predicted RUL
FD003,51,103.8564,10,sensor_3,-2.9358,2.9358,decreased predicted RUL
FD003,52,205.99,1,cycle,47.0497,47.0497,increased predicted RUL
FD003,52,205.99,2,sensor_15,17.1001,17.1001,increased predicted RUL
FD003,52,205.99,3,sensor_6,-9.7694,9.7694,decreased predicted RUL
FD003,52,205.99,4,sensor_13,8.2119,8.2119,increased predicted RUL
FD003,52,205.99,5,sensor_12,7.0916,7.0916,increased predicted RUL
FD003,52,205.99,6,sensor_15_rolling_mean,6.7272,6.7272,increased predicted RUL
FD003,52,205.99,7,sensor_7_rolling_mean,5.6039,5.6039,increased predicted RUL
FD003,52,205.99,8,sensor_11,-5.2569,5.2569,decreased predicted RUL
FD003,52,205.99,9,sensor_9,-5.2005,5.2005,decreased predicted RUL
FD003,52,205.99,10,sensor_11_rolling_mean,-4.8887,4.8887,decreased predicted RUL
FD003,53,113.3977,1,cycle,-23.7024,23.7024,decreased predicted RUL
FD003,53,113.3977,2,sensor_15,18.963,18.963,increased predicted RUL
FD003,53,113.3977,3,sensor_13,9.4837,9.4837,increased predicted RUL
FD003,53,113.3977,4,sensor_4,-9.3609,9.3609,decreased predicted RUL
FD003,53,113.3977,5,sensor_11_rolling_mean,-7.0005,7.0005,decreased predicted RUL
FD003,53,113.3977,6,sensor_11,-6.9887,6.9887,decreased predicted RUL
FD003,53,113.3977,7,sensor_6,-6.5695,6.5695,decreased predicted RUL
FD003,53,113.3977,8,sensor_12,4.8213,4.8213,increased predicted RUL
FD003,53,113.3977,9,sensor_15_rolling_mean,3.6048,3.6048,increased predicted RUL
FD003,53,113.3977,10,sensor_3,-2.866,2.866,decreased predicted RUL
FD003,54,165.6957,1,cycle,30.5448,30.5448,increased predicted RUL
FD003,54,165.6957,2,sensor_15,18.2101,18.2101,increased predicted RUL
FD003,54,165.6957,3,sensor_6,-14.199,14.199,decreased predicted RUL
FD003,54,165.6957,4,sensor_4,-6.6012,6.6012,decreased predicted RUL
FD003,54,165.6957,5,sensor_11_rolling_mean,-6.3295,6.3295,decreased predicted RUL
FD003,54,165.6957,6,sensor_15_rolling_mean,5.1779,5.1779,increased predicted RUL
FD003,54,165.6957,7,sensor_13,5.0869,5.0869,increased predicted RUL
FD003,54,165.6957,8,sensor_11,-4.1977,4.1977,decreased predicted RUL
FD003,54,165.6957,9,sensor_12,4.1405,4.1405,increased predicted RUL
FD003,54,165.6957,10,sensor_6_rolling_std,4.115,4.115,increased predicted RUL
FD003,55,45.703,1,cycle,-35.3738,35.3738,decreased predicted RUL
FD003,55,45.703,2,sensor_11,-17.2501,17.2501,decreased predicted RUL
FD003,55,45.703,3,sensor_13,-13.1263,13.1263,decreased predicted RUL
FD003,55,45.703,4,sensor_4,-12.3998,12.3998,decreased predicted RUL
FD003,55,45.703,5,sensor_11_rolling_mean,-7.7841,7.7841,decreased predicted RUL
FD003,55,45.703,6,sensor_15,6.0327,6.0327,increased predicted RUL
FD003,55,45.703,7,sensor_13_rolling_mean,-4.9788,4.9788,decreased predicted RUL
FD003,55,45.703,8,sensor_12,4.1943,4.1943,increased predicted RUL
FD003,55,45.703,9,sensor_2,-4.128,4.128,decreased predicted RUL
FD003,55,45.703,10,sensor_3,-3.2156,3.2156,decreased predicted RUL
FD003,56,87.504,1,cycle,-32.1032,32.1032,decreased predicted RUL
FD003,56,87.504,2,sensor_15,14.4578,14.4578,increased predicted RUL
FD003,56,87.504,3,sensor_11,-12.9556,12.9556,decreased predicted RUL
FD003,56,87.504,4,sensor_4,-9.8089,9.8089,decreased predicted RUL
FD003,56,87.504,5,sensor_13,8.0276,8.0276,increased predicted RUL
FD003,56,87.504,6,sensor_11_rolling_mean,-5.6166,5.6166,decreased predicted RUL
FD003,56,87.504,7,sensor_12,4.6849,4.6849,increased predicted RUL
FD003,56,87.504,8,sensor_6,-4.0763,4.0763,decreased predicted RUL
FD003,56,87.504,9,sensor_6_rolling_std,3.8235,3.8235,increased predicted RUL
FD003,56,87.504,10,sensor_7,3.2407,3.2407,increased predicted RUL
FD003,57,82.2383,1,cycle,-33.505,33.505,decreased predicted RUL
FD003,57,82.2383,2,sensor_11,-9.6356,9.6356,decreased predicted RUL
FD003,57,82.2383,3,sensor_15,9.4934,9.4934,increased predicted RUL
FD003,57,82.2383,4,sensor_4,-8.4787,8.4787,decreased predicted RUL
FD003,57,82.2383,5,sensor_11_rolling_mean,-5.8069,5.8069,decreased predicted RUL
FD003,57,82.2383,6,sensor_12,5.1968,5.1968,increased predicted RUL
FD003,57,82.2383,7,sensor_6_rolling_std,4.5371,4.5371,increased predicted RUL
FD003,57,82.2383,8,sensor_2,-4.3164,4.3164,decreased predicted RUL
FD003,57,82.2383,9,sensor_13,-3.8865,3.8865,decreased predicted RUL
FD003,57,82.2383,10,sensor_20,3.2078,3.2078,increased predicted RUL
FD003,58,83.0988,1,cycle,-28.4632,28.4632,decreased predicted RUL
FD003,58,83.0988,2,sensor_11,-14.3743,14.3743,decreased predicted RUL
FD003,58,83.0988,3,sensor_15,12.9567,12.9567,increased predicted RUL
FD003,58,83.0988,4,sensor_4,-9.4458,9.4458,decreased predicted RUL
FD003,58,83.0988,5,sensor_11_rolling_mean,-6.2878,6.2878,decreased predicted RUL
FD003,58,83.0988,6,sensor_2,-4.6004,4.6004,decreased predicted RUL
FD003,58,83.0988,7,sensor_12,3.9543,3.9543,increased predicted RUL
FD003,58,83.0988,8,sensor_6,-3.7313,3.7313,decreased predicted RUL
FD003,58,83.0988,9,sensor_6_rolling_std,3.3772,3.3772,increased predicted RUL
FD003,58,83.0988,10,sensor_13,3.234,3.234,increased predicted RUL
FD003,59,39.7166,1,cycle,-35.9729,35.9729,decreased predicted RUL
FD003,59,39.7166,2,sensor_11,-22.1885,22.1885,decreased predicted RUL
FD003,59,39.7166,3,sensor_9,-11.3622,11.3622,decreased predicted RUL
FD003,59,39.7166,4,sensor_14,-9.1722,9.1722,decreased predicted RUL
FD003,59,39.7166,5,sensor_4,-9.1671,9.1671,decreased predicted RUL
FD003,59,39.7166,6,sensor_15,8.446,8.446,increased predicted RUL
FD003,59,39.7166,7,sensor_11_rolling_mean,-7.3514,7.3514,decreased predicted RUL
FD003,59,39.7166,8,sensor_13,5.6035,5.6035,increased predicted RUL
FD003,59,39.7166,9,sensor_6,-4.9984,4.9984,decreased predicted RUL
FD003,59,39.7166,10,sensor_3,-3.4848,3.4848,decreased predicted RUL
FD003,60,105.2708,1,cycle,-24.0359,24.0359,decreased predicted RUL
FD003,60,105.2708,2,sensor_15,19.287,19.287,increased predicted RUL
FD003,60,105.2708,3,sensor_11,-11.9431,11.9431,decreased predicted RUL
FD003,60,105.2708,4,sensor_13,8.9904,8.9904,increased predicted RUL
FD003,60,105.2708,5,sensor_15_rolling_mean,6.2992,6.2992,increased predicted RUL
FD003,60,105.2708,6,sensor_11_rolling_mean,-6.0779,6.0779,decreased predicted RUL
FD003,60,105.2708,7,sensor_6,-5.8788,5.8788,decreased predicted RUL
FD003,60,105.2708,8,sensor_4,-4.934,4.934,decreased predicted RUL
FD003,60,105.2708,9,sensor_12,4.0338,4.0338,increased predicted RUL
FD003,60,105.2708,10,sensor_14_rolling_mean,-2.867,2.867,decreased predicted RUL
FD003,61,285.9529,1,sensor_15,35.5369,35.5369,increased predicted RUL
FD003,61,285.9529,2,sensor_13,21.8477,21.8477,increased predicted RUL
FD003,61,285.9529,3,sensor_6,20.9441,20.9441,increased predicted RUL
FD003,61,285.9529,4,sensor_6_rolling_std,20.031,20.031,increased predicted RUL
FD003,61,285.9529,5,sensor_6_rolling_mean,19.7986,19.7986,increased predicted RUL
FD003,61,285.9529,6,sensor_12_rolling_mean,8.8383,8.8383,increased predicted RUL
FD003,61,285.9529,7,sensor_12,7.4178,7.4178,increased predicted RUL
FD003,61,285.9529,8,sensor_20,6.3277,6.3277,increased predicted RUL
FD003,61,285.9529,9,sensor_15_rolling_mean,4.8682,4.8682,increased predicted RUL
FD003,61,285.9529,10,sensor_4,-4.163,4.163,decreased predicted RUL
FD003,62,85.7918,1,cycle,-46.6749,46.6749,decreased predicted RUL
FD003,62,85.7918,2,sensor_15,13.7282,13.7282,increased predicted RUL
FD003,62,85.7918,3,sensor_11,-13.1433,13.1433,decreased predicted RUL
FD003,62,85.7918,4,sensor_9,-7.425,7.425,decreased predicted RUL
FD003,62,85.7918,5,sensor_15_rolling_mean,6.4972,6.4972,increased predicted RUL
FD003,62,85.7918,6,sensor_13,6.3721,6.3721,increased predicted RUL
FD003,62,85.7918,7,sensor_7,6.0438,6.0438,increased predicted RUL
FD003,62,85.7918,8,sensor_12,5.5444,5.5444,increased predicted RUL
FD003,62,85.7918,9,sensor_11_rolling_mean,-4.982,4.982,decreased predicted RUL
FD003,62,85.7918,10,sensor_6,-4.9429,4.9429,decreased predicted RUL
FD003,63,162.7318,1,cycle,-46.4374,46.4374,decreased predicted RUL
FD003,63,162.7318,2,sensor_15,30.1862,30.1862,increased predicted RUL
FD003,63,162.7318,3,sensor_12,10.1905,10.1905,increased predicted RUL
FD003,63,162.7318,4,sensor_13,9.8404,9.8404,increased predicted RUL
FD003,63,162.7318,5,sensor_7_rolling_mean,8.2307,8.2307,increased predicted RUL
FD003,63,162.7318,6,sensor_7,7.9246,7.9246,increased predicted RUL
FD003,63,162.7318,7,sensor_6_rolling_mean,7.3379,7.3379,increased predicted RUL
FD003,63,162.7318,8,sensor_6_rolling_std,7.2076,7.2076,increased predicted RUL
FD003,63,162.7318,9,sensor_6,7.1213,7.1213,increased predicted RUL
FD003,63,162.7318,10,sensor_15_rolling_mean,6.3664,6.3664,increased predicted RUL
FD003,64,33.182,1,cycle,-48.6533,48.6533,decreased predicted RUL
FD003,64,33.182,2,sensor_11,-18.165,18.165,decreased predicted RUL
FD003,64,33.182,3,sensor_13,-14.7254,14.7254,decreased predicted RUL
FD003,64,33.182,4,sensor_15,7.9046,7.9046,increased predicted RUL
FD003,64,33.182,5,sensor_9,-7.4304,7.4304,decreased predicted RUL
FD003,64,33.182,6,sensor_12,7.0089,7.0089,increased predicted RUL
FD003,64,33.182,7,sensor_14,-6.9671,6.9671,decreased predicted RUL
FD003,64,33.182,8,sensor_7,6.0121,6.0121,increased predicted RUL
FD003,64,33.182,9,sensor_13_rolling_mean,-5.7966,5.7966,decreased predicted RUL
FD003,64,33.182,10,sensor_4,-5.6169,5.6169,decreased predicted RUL
FD003,65,200.806,1,sensor_15,29.1395,29.1395,increased predicted RUL
FD003,65,200.806,2,cycle,15.0167,15.0167,increased predicted RUL
FD003,65,200.806,3,sensor_7,12.159,12.159,increased predicted RUL
FD003,65,200.806,4,sensor_13,9.1453,9.1453,increased predicted RUL
FD003,65,200.806,5,sensor_15_rolling_mean,7.0821,7.0821,increased predicted RUL
FD003,65,200.806,6,sensor_12,6.7248,6.7248,increased predicted RUL
FD003,65,200.806,7,sensor_7_rolling_mean,5.833,5.833,increased predicted RUL
FD003,65,200.806,8,sensor_14,-4.4073,4.4073,decreased predicted RUL
FD003,65,200.806,9,sensor_3_rolling_std,4.3565,4.3565,increased predicted RUL
FD003,65,200.806,10,sensor_14_rolling_mean,-4.0626,4.0626,decreased predicted RUL
FD003,66,76.9025,1,cycle,-29.6569,29.6569,decreased predicted RUL
FD003,66,76.9025,2,sensor_11,-19.7492,19.7492,decreased predicted RUL
FD003,66,76.9025,3,sensor_4,-11.0378,11.0378,decreased predicted RUL
FD003,66,76.9025,4,sensor_15,10.1815,10.1815,increased predicted RUL
FD003,66,76.9025,5,sensor_11_rolling_mean,-6.2411,6.2411,decreased predicted RUL
FD003,66,76.9025,6,sensor_12,4.4728,4.4728,increased predicted RUL
FD003,66,76.9025,7,sensor_2,-4.2362,4.2362,decreased predicted RUL
FD003,66,76.9025,8,sensor_6_rolling_std,4.1855,4.1855,increased predicted RUL
FD003,66,76.9025,9,sensor_7,3.2036,3.2036,increased predicted RUL
FD003,66,76.9025,10,sensor_13_rolling_mean,-2.8845,2.8845,decreased predicted RUL
FD003,67,82.1515,1,cycle,-53.5475,53.5475,decreased predicted RUL
FD003,67,82.1515,2,sensor_15,21.3554,21.3554,increased predicted RUL
FD003,67,82.1515,3,sensor_12,6.1023,6.1023,increased predicted RUL
FD003,67,82.1515,4,sensor_15_rolling_mean,5.7024,5.7024,increased predicted RUL
FD003,67,82.1515,5,sensor_11_rolling_mean,-5.5721,5.5721,decreased predicted RUL
FD003,67,82.1515,6,sensor_4,-5.1108,5.1108,decreased predicted RUL
FD003,67,82.1515,7,sensor_13,5.0906,5.0906,increased predicted RUL
FD003,67,82.1515,8,sensor_14_rolling_mean,-5.0486,5.0486,decreased predicted RUL
FD003,67,82.1515,9,sensor_7,4.9261,4.9261,increased predicted RUL
FD003,67,82.1515,10,sensor_12_rolling_mean,4.2543,4.2543,increased predicted RUL
FD003,68,209.7075,1,sensor_15,31.5409,31.5409,increased predicted RUL
FD003,68,209.7075,2,cycle,-31.0087,31.0087,decreased predicted RUL
FD003,68,209.7075,3,sensor_13,25.7676,25.7676,increased predicted RUL
FD003,68,209.7075,4,sensor_15_rolling_mean,13.5585,13.5585,increased predicted RUL
FD003,68,209.7075,5,sensor_6_rolling_mean,11.0506,11.0506,increased predicted RUL
FD003,68,209.7075,6,sensor_12,9.6007,9.6007,increased predicted RUL
FD003,68,209.7075,7,sensor_7,7.0364,7.0364,increased predicted RUL
FD003,68,209.7075,8,sensor_20,6.9949,6.9949,increased predicted RUL
FD003,68,209.7075,9,sensor_6,6.0483,6.0483,increased predicted RUL
FD003,68,209.7075,10,sensor_21_rolling_mean,3.7349,3.7349,increased predicted RUL
FD003,69,141.1557,1,sensor_15,26.5875,26.5875,increased predicted RUL
FD003,69,141.1557,2,cycle,-18.9202,18.9202,decreased predicted RUL
FD003,69,141.1557,3,sensor_13,16.1367,16.1367,increased predicted RUL
FD003,69,141.1557,4,sensor_6,-6.1409,6.1409,decreased predicted RUL
FD003,69,141.1557,5,sensor_15_rolling_mean,5.3826,5.3826,increased predicted RUL
FD003,69,141.1557,6,sensor_12,5.2746,5.2746,increased predicted RUL
FD003,69,141.1557,7,sensor_9,-4.9784,4.9784,decreased predicted RUL
FD003,69,141.1557,8,sensor_21_rolling_mean,4.8284,4.8284,increased predicted RUL
FD003,69,141.1557,9,sensor_13_rolling_mean,-4.3315,4.3315,decreased predicted RUL
FD003,69,141.1557,10,sensor_21,3.9266,3.9266,increased predicted RUL
FD003,70,125.9731,1,sensor_11,-15.4336,15.4336,decreased predicted RUL
FD003,70,125.9731,2,sensor_4,-9.9147,9.9147,decreased predicted RUL
FD003,70,125.9731,3,cycle,8.482,8.482,increased predicted RUL
FD003,70,125.9731,4,sensor_15,8.3902,8.3902,increased predicted RUL
FD003,70,125.9731,5,sensor_6,-7.5542,7.5542,decreased predicted RUL
FD003,70,125.9731,6,sensor_11_rolling_mean,-6.6576,6.6576,decreased predicted RUL
FD003,70,125.9731,7,sensor_12,5.3622,5.3622,increased predicted RUL
FD003,70,125.9731,8,sensor_15_rolling_mean,4.8841,4.8841,increased predicted RUL
FD003,70,125.9731,9,sensor_13,-4.7361,4.7361,decreased predicted RUL
FD003,70,125.9731,10,sensor_14_rolling_mean,4.0575,4.0575,increased predicted RUL
FD003,71,33.1172,1,cycle,-43.4726,43.4726,decreased predicted RUL
FD003,71,33.1172,2,sensor_13,-28.4745,28.4745,decreased predicted RUL
FD003,71,33.1172,3,sensor_11,-21.8443,21.8443,decreased predicted RUL
FD003,71,33.1172,4,sensor_15,8.9882,8.9882,increased predicted RUL
FD003,71,33.1172,5,sensor_4,-8.6544,8.6544,decreased predicted RUL
FD003,71,33.1172,6,sensor_9,-7.4337,7.4337,decreased predicted RUL
FD003,71,33.1172,7,sensor_12,6.9882,6.9882,increased predicted RUL
FD003,71,33.1172,8,sensor_15_rolling_mean,5.8867,5.8867,increased predicted RUL
FD003,71,33.1172,9,sensor_14,-5.5736,5.5736,decreased predicted RUL
FD003,71,33.1172,10,sensor_21,5.2034,5.2034,increased predicted RUL
FD003,72,66.5341,1,cycle,-43.6777,43.6777,decreased predicted RUL
FD003,72,66.5341,2,sensor_15,12.4092,12.4092,increased predicted RUL
FD003,72,66.5341,3,sensor_9,-8.4097,8.4097,decreased predicted RUL
FD003,72,66.5341,4,sensor_14,-8.1258,8.1258,decreased predicted RUL
FD003,72,66.5341,5,sensor_7,6.9384,6.9384,increased predicted RUL
FD003,72,66.5341,6,sensor_11,-6.3733,6.3733,decreased predicted RUL
FD003,72,66.5341,7,sensor_4,-5.491,5.491,decreased predicted RUL
FD003,72,66.5341,8,sensor_11_rolling_mean,-5.2648,5.2648,decreased predicted RUL
FD003,72,66.5341,9,sensor_6,-4.9021,4.9021,decreased predicted RUL
FD003,72,66.5341,10,sensor_15_rolling_mean,4.8531,4.8531,increased predicted RUL
FD003,73,141.2477,1,sensor_15,22.6868,22.6868,increased predicted RUL
FD003,73,141.2477,2,cycle,-22.6465,22.6465,decreased predicted RUL
FD003,73,141.2477,3,sensor_4,-8.4396,8.4396,decreased predicted RUL
FD003,73,141.2477,4,sensor_13,7.3332,7.3332,increased predicted RUL
FD003,73,141.2477,5,sensor_12,6.567,6.567,increased predicted RUL
FD003,73,141.2477,6,sensor_6,-6.5627,6.5627,decreased predicted RUL
FD003,73,141.2477,7,sensor_15_rolling_mean,6.3273,6.3273,increased predicted RUL
FD003,73,141.2477,8,sensor_6_rolling_std,3.9571,3.9571,increased predicted RUL
FD003,73,141.2477,9,sensor_21,3.4014,3.4014,increased predicted RUL
FD003,73,141.2477,10,sensor_11,-3.3432,3.3432,decreased predicted RUL
FD003,74,232.8386,1,sensor_15,29.0941,29.0941,increased predicted RUL
FD003,74,232.8386,2,cycle,25.2482,25.2482,increased predicted RUL
FD003,74,232.8386,3,sensor_15_rolling_mean,15.5628,15.5628,increased predicted RUL
FD003,74,232.8386,4,sensor_12,9.8165,9.8165,increased predicted RUL
FD003,74,232.8386,5,sensor_13,9.5467,9.5467,increased predicted RUL
FD003,74,232.8386,6,sensor_7,9.0325,9.0325,increased predicted RUL
FD003,74,232.8386,7,sensor_12_rolling_mean,4.9894,4.9894,increased predicted RUL
FD003,74,232.8386,8,sensor_7_rolling_mean,4.2334,4.2334,increased predicted RUL
FD003,74,232.8386,9,sensor_21_rolling_mean,4.1207,4.1207,increased predicted RUL
FD003,74,232.8386,10,sensor_20,4.0779,4.0779,increased predicted RUL
FD003,75,47.3422,1,cycle,-54.2167,54.2167,decreased predicted RUL
FD003,75,47.3422,2,sensor_15,10.4361,10.4361,increased predicted RUL
FD003,75,47.3422,3,sensor_11,-8.2464,8.2464,decreased predicted RUL
FD003,75,47.3422,4,sensor_9,-6.9367,6.9367,decreased predicted RUL
FD003,75,47.3422,5,sensor_14,-6.7669,6.7669,decreased predicted RUL
FD003,75,47.3422,6,sensor_7,6.4319,6.4319,increased predicted RUL
FD003,75,47.3422,7,sensor_6,-6.2063,6.2063,decreased predicted RUL
FD003,75,47.3422,8,sensor_4,-6.0453,6.0453,decreased predicted RUL
FD003,75,47.3422,9,sensor_12,5.9722,5.9722,increased predicted RUL
FD003,75,47.3422,10,sensor_11_rolling_mean,-4.5456,4.5456,decreased predicted RUL
FD003,76,43.5956,1,cycle,-35.6782,35.6782,decreased predicted RUL
FD003,76,43.5956,2,sensor_11,-20.4866,20.4866,decreased predicted RUL
FD003,76,43.5956,3,sensor_4,-11.4556,11.4556,decreased predicted RUL
FD003,76,43.5956,4,sensor_13,-10.6231,10.6231,decreased predicted RUL
FD003,76,43.5956,5,sensor_15,6.8653,6.8653,increased predicted RUL
FD003,76,43.5956,6,sensor_11_rolling_mean,-6.7832,6.7832,decreased predicted RUL
FD003,76,43.5956,7,sensor_13_rolling_mean,-5.7292,5.7292,decreased predicted RUL
FD003,76,43.5956,8,sensor_2,-4.7718,4.7718,decreased predicted RUL
FD003,76,43.5956,9,sensor_6_rolling_std,3.5187,3.5187,increased predicted RUL
FD003,76,43.5956,10,sensor_12,2.9631,2.9631,increased predicted RUL
FD003,77,70.7663,1,cycle,-34.0426,34.0426,decreased predicted RUL
FD003,77,70.7663,2,sensor_6_rolling_std,-10.669,10.669,decreased predicted RUL
FD003,77,70.7663,3,sensor_15,10.5996,10.5996,increased predicted RUL
FD003,77,70.7663,4,sensor_11,-9.9346,9.9346,decreased predicted RUL
FD003,77,70.7663,5,sensor_12,7.3515,7.3515,increased predicted RUL
FD003,77,70.7663,6,sensor_15_rolling_mean,6.1102,6.1102,increased predicted RUL
FD003,77,70.7663,7,sensor_9,-5.7697,5.7697,decreased predicted RUL
FD003,77,70.7663,8,sensor_7,5.7417,5.7417,increased predicted RUL
FD003,77,70.7663,9,sensor_14,-5.6989,5.6989,decreased predicted RUL
FD003,77,70.7663,10,sensor_13_rolling_mean,-5.6802,5.6802,decreased predicted RUL
FD003,78,22.406,1,cycle,-55.1865,55.1865,decreased predicted RUL
FD003,78,22.406,2,sensor_13,-20.8375,20.8375,decreased predicted RUL
FD003,78,22.406,3,sensor_11,-17.1681,17.1681,decreased predicted RUL
FD003,78,22.406,4,sensor_9,-9.0564,9.0564,decreased predicted RUL
FD003,78,22.406,5,sensor_15,8.3117,8.3117,increased predicted RUL
FD003,78,22.406,6,sensor_4,-7.8886,7.8886,decreased predicted RUL
FD003,78,22.406,7,sensor_12,7.1779,7.1779,increased predicted RUL
FD003,78,22.406,8,sensor_14,-7.0625,7.0625,decreased predicted RUL
FD003,78,22.406,9,sensor_13_rolling_mean,-5.3539,5.3539,decreased predicted RUL
FD003,78,22.406,10,sensor_15_rolling_mean,4.9019,4.9019,increased predicted RUL
FD003,79,21.681,1,cycle,-38.6517,38.6517,decreased predicted RUL
FD003,79,21.681,2,sensor_11,-26.0856,26.0856,decreased predicted RUL
FD003,79,21.681,3,sensor_13,-22.4757,22.4757,decreased predicted RUL
FD003,79,21.681,4,sensor_4,-11.0998,11.0998,decreased predicted RUL
FD003,79,21.681,5,sensor_11_rolling_mean,-7.8612,7.8612,decreased predicted RUL
FD003,79,21.681,6,sensor_13_rolling_mean,-5.8596,5.8596,decreased predicted RUL
FD003,79,21.681,7,sensor_15,4.5961,4.5961,increased predicted RUL
FD003,79,21.681,8,sensor_2,-4.593,4.593,decreased predicted RUL
FD003,79,21.681,9,sensor_6_rolling_std,3.5529,3.5529,increased predicted RUL
FD003,79,21.681,10,sensor_3,-2.7458,2.7458,decreased predicted RUL
FD003,80,215.7984,1,sensor_13,46.3906,46.3906,increased predicted RUL
FD003,80,215.7984,2,sensor_15,33.3101,33.3101,increased predicted RUL
FD003,80,215.7984,3,cycle,-10.1771,10.1771,decreased predicted RUL
FD003,80,215.7984,4,sensor_12,9.4107,9.4107,increased predicted RUL
FD003,80,215.7984,5,sensor_7,6.2184,6.2184,increased predicted RUL
FD003,80,215.7984,6,sensor_6_rolling_mean,-5.66,5.66,decreased predicted RUL
FD003,80,215.7984,7,sensor_13_diff,-4.9326,4.9326,decreased predicted RUL
FD003,80,215.7984,8,sensor_4,-4.8899,4.8899,decreased predicted RUL
FD003,80,215.7984,9,sensor_11_rolling_mean,-4.2954,4.2954,decreased predicted RUL
FD003,80,215.7984,10,sensor_6,4.1917,4.1917,increased predicted RUL
FD003,81,-0.2914,1,cycle,-67.1223,67.1223,decreased predicted RUL
FD003,81,-0.2914,2,sensor_13,-23.6054,23.6054,decreased predicted RUL
FD003,81,-0.2914,3,sensor_11,-17.4898,17.4898,decreased predicted RUL
FD003,81,-0.2914,4,sensor_6_rolling_std,-11.0023,11.0023,decreased predicted RUL
FD003,81,-0.2914,5,sensor_9,-8.8715,8.8715,decreased predicted RUL
FD003,81,-0.2914,6,sensor_15,8.815,8.815,increased predicted RUL
FD003,81,-0.2914,7,sensor_4,-7.6137,7.6137,decreased predicted RUL
FD003,81,-0.2914,8,sensor_12,7.5048,7.5048,increased predicted RUL
FD003,81,-0.2914,9,sensor_14,-6.8592,6.8592,decreased predicted RUL
FD003,81,-0.2914,10,sensor_11_rolling_mean,-5.7048,5.7048,decreased predicted RUL
FD003,82,3.8153,1,cycle,-58.1159,58.1159,decreased predicted RUL
FD003,82,3.8153,2,sensor_13,-28.7443,28.7443,decreased predicted RUL
FD003,82,3.8153,3,sensor_11,-24.2109,24.2109,decreased predicted RUL
FD003,82,3.8153,4,sensor_4,-10.3549,10.3549,decreased predicted RUL
FD003,82,3.8153,5,sensor_9,-8.4843,8.4843,decreased predicted RUL
FD003,82,3.8153,6,sensor_14,-8.2871,8.2871,decreased predicted RUL
FD003,82,3.8153,7,sensor_11_rolling_mean,-7.4489,7.4489,decreased predicted RUL
FD003,82,3.8153,8,sensor_12,7.3071,7.3071,increased predicted RUL
FD003,82,3.8153,9,sensor_15,6.4694,6.4694,increased predicted RUL
FD003,82,3.8153,10,sensor_21,6.0101,6.0101,increased predicted RUL
FD003,83,108.5462,1,cycle,-31.1271,31.1271,decreased predicted RUL
FD003,83,108.5462,2,sensor_15,15.6837,15.6837,increased predicted RUL
FD003,83,108.5462,3,sensor_11,-13.3624,13.3624,decreased predicted RUL
FD003,83,108.5462,4,sensor_4,-10.5171,10.5171,decreased predicted RUL
FD003,83,108.5462,5,sensor_15_rolling_mean,6.4793,6.4793,increased predicted RUL
FD003,83,108.5462,6,sensor_11_rolling_mean,-5.6211,5.6211,decreased predicted RUL
FD003,83,108.5462,7,sensor_6_rolling_std,4.6839,4.6839,increased predicted RUL
FD003,83,108.5462,8,sensor_12,4.5022,4.5022,increased predicted RUL
FD003,83,108.5462,9,sensor_6,-4.0083,4.0083,decreased predicted RUL
FD003,83,108.5462,10,sensor_13,3.8516,3.8516,increased predicted RUL
FD003,84,101.4948,1,sensor_6_rolling_std,-20.0088,20.0088,decreased predicted RUL
FD003,84,101.4948,2,sensor_15,13.6709,13.6709,increased predicted RUL
FD003,84,101.4948,3,sensor_6,-12.9753,12.9753,decreased predicted RUL
FD003,84,101.4948,4,sensor_11_rolling_mean,-7.8827,7.8827,decreased predicted RUL
FD003,84,101.4948,5,sensor_13,6.3432,6.3432,increased predicted RUL
FD003,84,101.4948,6,sensor_12,5.8061,5.8061,increased predicted RUL
FD003,84,101.4948,7,sensor_11,-5.5663,5.5663,decreased predicted RUL
FD003,84,101.4948,8,cycle,5.0525,5.0525,increased predicted RUL
FD003,84,101.4948,9,sensor_15_rolling_mean,4.7663,4.7663,increased predicted RUL
FD003,84,101.4948,10,sensor_9,-4.7559,4.7559,decreased predicted RUL
FD003,85,101.6366,1,cycle,-50.1248,50.1248,decreased predicted RUL
FD003,85,101.6366,2,sensor_15,20.4021,20.4021,increased predicted RUL
FD003,85,101.6366,3,sensor_12,9.0563,9.0563,increased predicted RUL
FD003,85,101.6366,4,sensor_7,8.7659,8.7659,increased predicted RUL
FD003,85,101.6366,5,sensor_13,8.2102,8.2102,increased predicted RUL
FD003,85,101.6366,6,sensor_11,-7.9933,7.9933,decreased predicted RUL
FD003,85,101.6366,7,sensor_6_rolling_std,7.4107,7.4107,increased predicted RUL
FD003,85,101.6366,8,sensor_6,-6.5533,6.5533,decreased predicted RUL
FD003,85,101.6366,9,sensor_4,-5.8767,5.8767,decreased predicted RUL
FD003,85,101.6366,10,sensor_11_rolling_mean,-5.6344,5.6344,decreased predicted RUL
FD003,86,22.1208,1,cycle,-39.9702,39.9702,decreased predicted RUL
FD003,86,22.1208,2,sensor_11,-23.3503,23.3503,decreased predicted RUL
FD003,86,22.1208,3,sensor_4,-11.0672,11.0672,decreased predicted RUL
FD003,86,22.1208,4,sensor_9,-9.018,9.018,decreased predicted RUL
FD003,86,22.1208,5,sensor_13,-8.2467,8.2467,decreased predicted RUL
FD003,86,22.1208,6,sensor_14,-7.6452,7.6452,decreased predicted RUL
FD003,86,22.1208,7,sensor_11_rolling_mean,-5.3222,5.3222,decreased predicted RUL
FD003,86,22.1208,8,sensor_15,4.7416,4.7416,increased predicted RUL
FD003,86,22.1208,9,sensor_2,-4.1581,4.1581,decreased predicted RUL
FD003,86,22.1208,10,sensor_3,-3.4611,3.4611,decreased predicted RUL
FD003,87,78.9201,1,cycle,-31.8164,31.8164,decreased predicted RUL
FD003,87,78.9201,2,sensor_15,13.6147,13.6147,increased predicted RUL
FD003,87,78.9201,3,sensor_11,-12.8337,12.8337,decreased predicted RUL
FD003,87,78.9201,4,sensor_14,-12.8333,12.8333,decreased predicted RUL
FD003,87,78.9201,5,sensor_9,-11.718,11.718,decreased predicted RUL
FD003,87,78.9201,6,sensor_13,10.8599,10.8599,increased predicted RUL
FD003,87,78.9201,7,sensor_6_rolling_mean,8.0452,8.0452,increased predicted RUL
FD003,87,78.9201,8,sensor_11_rolling_mean,-6.7268,6.7268,decreased predicted RUL
FD003,87,78.9201,9,sensor_6_rolling_std,-6.6692,6.6692,decreased predicted RUL
FD003,87,78.9201,10,sensor_12,4.1416,4.1416,increased predicted RUL
FD003,88,178.941,1,cycle,35.1831,35.1831,increased predicted RUL
FD003,88,178.941,2,sensor_15,22.2952,22.2952,increased predicted RUL
FD003,88,178.941,3,sensor_6,-14.886,14.886,decreased predicted RUL
FD003,88,178.941,4,sensor_13,7.7881,7.7881,increased predicted RUL
FD003,88,178.941,5,sensor_14_rolling_mean,-5.7184,5.7184,decreased predicted RUL
FD003,88,178.941,6,sensor_7,5.5047,5.5047,increased predicted RUL
FD003,88,178.941,7,sensor_12,5.3442,5.3442,increased predicted RUL
FD003,88,178.941,8,sensor_15_rolling_mean,5.1598,5.1598,increased predicted RUL
FD003,88,178.941,9,sensor_20,4.3425,4.3425,increased predicted RUL
FD003,88,178.941,10,sensor_7_rolling_mean,3.7197,3.7197,increased predicted RUL
FD003,89,81.1596,1,cycle,-44.9204,44.9204,decreased predicted RUL
FD003,89,81.1596,2,sensor_15,22.385,22.385,increased predicted RUL
FD003,89,81.1596,3,sensor_14,-13.4961,13.4961,decreased predicted RUL
FD003,89,81.1596,4,sensor_6,-13.4692,13.4692,decreased predicted RUL
FD003,89,81.1596,5,sensor_12,8.6408,8.6408,increased predicted RUL
FD003,89,81.1596,6,sensor_11_rolling_mean,-8.3833,8.3833,decreased predicted RUL
FD003,89,81.1596,7,sensor_7,6.0059,6.0059,increased predicted RUL
FD003,89,81.1596,8,sensor_13,5.8278,5.8278,increased predicted RUL
FD003,89,81.1596,9,sensor_9,-5.3025,5.3025,decreased predicted RUL
FD003,89,81.1596,10,sensor_4,-4.7042,4.7042,decreased predicted RUL
FD003,90,55.7906,1,cycle,-31.585,31.585,decreased predicted RUL
FD003,90,55.7906,2,sensor_11,-18.9301,18.9301,decreased predicted RUL
FD003,90,55.7906,3,sensor_9,-15.0314,15.0314,decreased predicted RUL
FD003,90,55.7906,4,sensor_15,11.7041,11.7041,increased predicted RUL
FD003,90,55.7906,5,sensor_14,-8.8679,8.8679,decreased predicted RUL
FD003,90,55.7906,6,sensor_4,-7.4674,7.4674,decreased predicted RUL
FD003,90,55.7906,7,sensor_13,7.4082,7.4082,increased predicted RUL
FD003,90,55.7906,8,sensor_11_rolling_mean,-6.0991,6.0991,decreased predicted RUL
FD003,90,55.7906,9,sensor_12,5.1905,5.1905,increased predicted RUL
FD003,90,55.7906,10,sensor_6,-3.537,3.537,decreased predicted RUL
FD003,91,140.2357,1,cycle,28.3765,28.3765,increased predicted RUL
FD003,91,140.2357,2,sensor_6,-12.9944,12.9944,decreased predicted RUL
FD003,91,140.2357,3,sensor_15,11.3055,11.3055,increased predicted RUL
FD003,91,140.2357,4,sensor_11,-6.0508,6.0508,decreased predicted RUL
FD003,91,140.2357,5,sensor_4,-5.7511,5.7511,decreased predicted RUL
FD003,91,140.2357,6,sensor_11_rolling_mean,-5.7415,5.7415,decreased predicted RUL
FD003,91,140.2357,7,sensor_12,5.2084,5.2084,increased predicted RUL
FD003,91,140.2357,8,sensor_11_diff,-4.1852,4.1852,decreased predicted RUL
FD003,91,140.2357,9,sensor_7,4.0921,4.0921,increased predicted RUL
FD003,91,140.2357,10,sensor_15_rolling_mean,3.5762,3.5762,increased predicted RUL
FD003,92,13.1949,1,cycle,-59.3354,59.3354,decreased predicted RUL
FD003,92,13.1949,2,sensor_13,-24.7343,24.7343,decreased predicted RUL
FD003,92,13.1949,3,sensor_11,-20.4177,20.4177,decreased predicted RUL
FD003,92,13.1949,4,sensor_9,-9.9529,9.9529,decreased predicted RUL
FD003,92,13.1949,5,sensor_15,8.3748,8.3748,increased predicted RUL
FD003,92,13.1949,6,sensor_14,-8.233,8.233,decreased predicted RUL
FD003,92,13.1949,7,sensor_4,-7.9461,7.9461,decreased predicted RUL
FD003,92,13.1949,8,sensor_12,7.7632,7.7632,increased predicted RUL
FD003,92,13.1949,9,sensor_11_rolling_mean,-6.0818,6.0818,decreased predicted RUL
FD003,92,13.1949,10,sensor_15_rolling_mean,5.8193,5.8193,increased predicted RUL
FD003,93,188.3342,1,cycle,-51.4141,51.4141,decreased predicted RUL
FD003,93,188.3342,2,sensor_15,29.9101,29.9101,increased predicted RUL
FD003,93,188.3342,3,sensor_12_rolling_mean,11.9529,11.9529,increased predicted RUL
FD003,93,188.3342,4,sensor_13,11.7557,11.7557,increased predicted RUL
FD003,93,188.3342,5,sensor_12,10.8284,10.8284,increased predicted RUL
FD003,93,188.3342,6,sensor_6_rolling_mean,10.1361,10.1361,increased predicted RUL
FD003,93,188.3342,7,sensor_6_rolling_std,9.3464,9.3464,increased predicted RUL
FD003,93,188.3342,8,sensor_7,8.6404,8.6404,increased predicted RUL
FD003,93,188.3342,9,sensor_6,8.0027,8.0027,increased predicted RUL
FD003,93,188.3342,10,sensor_15_rolling_mean,7.8051,7.8051,increased predicted RUL
FD003,94,6.8358,1,cycle,-50.9059,50.9059,decreased predicted RUL
FD003,94,6.8358,2,sensor_13,-29.8261,29.8261,decreased predicted RUL
FD003,94,6.8358,3,sensor_11,-23.6551,23.6551,decreased predicted RUL
FD003,94,6.8358,4,sensor_4,-9.6636,9.6636,decreased predicted RUL
FD003,94,6.8358,5,sensor_9,-8.7301,8.7301,decreased predicted RUL
FD003,94,6.8358,6,sensor_14,-8.3042,8.3042,decreased predicted RUL
FD003,94,6.8358,7,sensor_15,7.1944,7.1944,increased predicted RUL
FD003,94,6.8358,8,sensor_12,7.0433,7.0433,increased predicted RUL
FD003,94,6.8358,9,sensor_7,6.8236,6.8236,increased predicted RUL
FD003,94,6.8358,10,sensor_13_rolling_mean,-5.9793,5.9793,decreased predicted RUL
FD003,95,149.548,1,cycle,-48.0997,48.0997,decreased predicted RUL
FD003,95,149.548,2,sensor_15,24.4987,24.4987,increased predicted RUL
FD003,95,149.548,3,sensor_12,10.8766,10.8766,increased predicted RUL
FD003,95,149.548,4,sensor_11,-10.5216,10.5216,decreased predicted RUL
FD003,95,149.548,5,sensor_6_rolling_std,9.3827,9.3827,increased predicted RUL
FD003,95,149.548,6,sensor_15_rolling_mean,8.3597,8.3597,increased predicted RUL
FD003,95,149.548,7,sensor_7,7.1428,7.1428,increased predicted RUL
FD003,95,149.548,8,sensor_13,6.7794,6.7794,increased predicted RUL
FD003,95,149.548,9,sensor_11_rolling_mean,-6.1996,6.1996,decreased predicted RUL
FD003,95,149.548,10,sensor_6_rolling_mean,5.8579,5.8579,increased predicted RUL
FD003,96,94.2669,1,cycle,-35.2648,35.2648,decreased predicted RUL
FD003,96,94.2669,2,sensor_15,13.5489,13.5489,increased predicted RUL
FD003,96,94.2669,3,sensor_11,-10.9338,10.9338,decreased predicted RUL
FD003,96,94.2669,4,sensor_12,8.8061,8.8061,increased predicted RUL
FD003,96,94.2669,5,sensor_7,6.2813,6.2813,increased predicted RUL
FD003,96,94.2669,6,sensor_9,-5.931,5.931,decreased predicted RUL
FD003,96,94.2669,7,sensor_15_rolling_mean,5.7958,5.7958,increased predicted RUL
FD003,96,94.2669,8,sensor_13_rolling_mean,-5.7779,5.7779,decreased predicted RUL
FD003,96,94.2669,9,sensor_14,-5.3428,5.3428,decreased predicted RUL
FD003,96,94.2669,10,sensor_11_rolling_mean,-5.2913,5.2913,decreased predicted RUL
FD003,97,166.6882,1,sensor_15,26.1261,26.1261,increased predicted RUL
FD003,97,166.6882,2,sensor_13,16.8167,16.8167,increased predicted RUL
FD003,97,166.6882,3,sensor_12,8.1578,8.1578,increased predicted RUL
FD003,97,166.6882,4,cycle,-6.6776,6.6776,decreased predicted RUL
FD003,97,166.6882,5,sensor_6_rolling_mean,6.5939,6.5939,increased predicted RUL
FD003,97,166.6882,6,sensor_20,4.2461,4.2461,increased predicted RUL
FD003,97,166.6882,7,sensor_6_rolling_std,-4.041,4.041,decreased predicted RUL
FD003,97,166.6882,8,sensor_6,-4.0044,4.0044,decreased predicted RUL
FD003,97,166.6882,9,sensor_21,3.9526,3.9526,increased predicted RUL
FD003,97,166.6882,10,sensor_7,3.5751,3.5751,increased predicted RUL
FD003,98,20.9985,1,cycle,-37.8988,37.8988,decreased predicted RUL
FD003,98,20.9985,2,sensor_11,-27.6536,27.6536,decreased predicted RUL
FD003,98,20.9985,3,sensor_9,-14.8512,14.8512,decreased predicted RUL
FD003,98,20.9985,4,sensor_4,-12.7258,12.7258,decreased predicted RUL
FD003,98,20.9985,5,sensor_14,-8.0055,8.0055,decreased predicted RUL
FD003,98,20.9985,6,sensor_15,7.2857,7.2857,increased predicted RUL
FD003,98,20.9985,7,sensor_11_rolling_mean,-6.1225,6.1225,decreased predicted RUL
FD003,98,20.9985,8,sensor_6,-4.8432,4.8432,decreased predicted RUL
FD003,98,20.9985,9,sensor_2,-3.3867,3.3867,decreased predicted RUL
FD003,98,20.9985,10,sensor_13,3.2052,3.2052,increased predicted RUL
FD003,99,9.5401,1,cycle,-57.3456,57.3456,decreased predicted RUL
FD003,99,9.5401,2,sensor_13,-28.2274,28.2274,decreased predicted RUL
FD003,99,9.5401,3,sensor_11,-22.3712,22.3712,decreased predicted RUL
FD003,99,9.5401,4,sensor_4,-9.518,9.518,decreased predicted RUL
FD003,99,9.5401,5,sensor_14,-9.3053,9.3053,decreased predicted RUL
FD003,99,9.5401,6,sensor_9,-8.717,8.717,decreased predicted RUL
FD003,99,9.5401,7,sensor_15,8.3006,8.3006,increased predicted RUL
FD003,99,9.5401,8,sensor_12,7.5651,7.5651,increased predicted RUL
FD003,99,9.5401,9,sensor_11_rolling_mean,-6.3259,6.3259,decreased predicted RUL
FD003,99,9.5401,10,sensor_15_rolling_mean,5.6973,5.6973,increased predicted RUL
FD003,100,35.7191,1,cycle,-53.0646,53.0646,decreased predicted RUL
FD003,100,35.7191,2,sensor_13,-23.1229,23.1229,decreased predicted RUL
FD003,100,35.7191,3,sensor_11,-14.5014,14.5014,decreased predicted RUL
FD003,100,35.7191,4,sensor_15,9.1277,9.1277,increased predicted RUL
FD003,100,35.7191,5,sensor_9,-8.6481,8.6481,decreased predicted RUL
FD003,100,35.7191,6,sensor_14,-7.9564,7.9564,decreased predicted RUL
FD003,100,35.7191,7,sensor_12,7.4103,7.4103,increased predicted RUL
FD003,100,35.7191,8,sensor_4,-6.1054,6.1054,decreased predicted RUL
FD003,100,35.7191,9,sensor_11_rolling_mean,-5.7993,5.7993,decreased predicted RUL
FD003,100,35.7191,10,sensor_7,5.5224,5.5224,increased predicted RUL
FD004,1,46.0325,1,sensor_15,-49.6382,49.6382,decreased predicted RUL
FD004,1,46.0325,2,cycle,-39.8656,39.8656,decreased predicted RUL
FD004,1,46.0325,3,sensor_11,14.3507,14.3507,increased predicted RUL
FD004,1,46.0325,4,sensor_6,-11.4317,11.4317,decreased predicted RUL
FD004,1,46.0325,5,sensor_4,10.1249,10.1249,increased predicted RUL
FD004,1,46.0325,6,sensor_13,8.4851,8.4851,increased predicted RUL
FD004,1,46.0325,7,sensor_13_diff,-5.2294,5.2294,decreased predicted RUL
FD004,1,46.0325,8,sensor_9,4.4178,4.4178,increased predicted RUL
FD004,1,46.0325,9,sensor_11_diff,-4.0921,4.0921,decreased predicted RUL
FD004,1,46.0325,10,sensor_6_rolling_mean,-3.9607,3.9607,decreased predicted RUL
FD004,2,69.7444,1,cycle,-34.8094,34.8094,decreased predicted RUL
FD004,2,69.7444,2,sensor_15,-30.911,30.911,decreased predicted RUL
FD004,2,69.7444,3,sensor_15_rolling_mean,-18.5787,18.5787,decreased predicted RUL
FD004,2,69.7444,4,sensor_13,17.8863,17.8863,increased predicted RUL
FD004,2,69.7444,5,sensor_6,-7.8346,7.8346,decreased predicted RUL
FD004,2,69.7444,6,sensor_21,-6.0138,6.0138,decreased predicted RUL
FD004,2,69.7444,7,sensor_15_diff,-5.5391,5.5391,decreased predicted RUL
FD004,2,69.7444,8,sensor_4_rolling_mean,5.4315,5.4315,increased predicted RUL
FD004,2,69.7444,9,sensor_3,5.1341,5.1341,increased predicted RUL
FD004,2,69.7444,10,sensor_12,-4.6264,4.6264,decreased predicted RUL
FD004,3,86.7154,1,cycle,-43.2531,43.2531,decreased predicted RUL
FD004,3,86.7154,2,sensor_13,-21.3028,21.3028,decreased predicted RUL
FD004,3,86.7154,3,sensor_11,16.8226,16.8226,increased predicted RUL
FD004,3,86.7154,4,sensor_6,-15.172,15.172,decreased predicted RUL
FD004,3,86.7154,5,sensor_4,11.4795,11.4795,increased predicted RUL
FD004,3,86.7154,6,sensor_3,5.9665,5.9665,increased predicted RUL
FD004,3,86.7154,7,sensor_2,4.3756,4.3756,increased predicted RUL
FD004,3,86.7154,8,sensor_4_rolling_std,-3.3364,3.3364,decreased predicted RUL
FD004,3,86.7154,9,sensor_12,-3.1844,3.1844,decreased predicted RUL
FD004,3,86.7154,10,sensor_8,3.0319,3.0319,increased predicted RUL
FD004,4,151.591,1,cycle,-34.4001,34.4001,decreased predicted RUL
FD004,4,151.591,2,sensor_11,31.7701,31.7701,increased predicted RUL
FD004,4,151.591,3,sensor_15,-31.1366,31.1366,decreased predicted RUL
FD004,4,151.591,4,sensor_4,17.1044,17.1044,increased predicted RUL
FD004,4,151.591,5,sensor_13,14.9831,14.9831,increased predicted RUL
FD004,4,151.591,6,sensor_6,-13.4012,13.4012,decreased predicted RUL
FD004,4,151.591,7,sensor_2,10.0242,10.0242,increased predicted RUL
FD004,4,151.591,8,sensor_3,7.3909,7.3909,increased predicted RUL
FD004,4,151.591,9,sensor_15_diff,6.4019,6.4019,increased predicted RUL
FD004,4,151.591,10,sensor_15_rolling_mean,-6.1193,6.1193,decreased predicted RUL
FD004,5,136.2943,1,sensor_15,-34.7416,34.7416,decreased predicted RUL
FD004,5,136.2943,2,cycle,34.206,34.206,increased predicted RUL
FD004,5,136.2943,3,sensor_13,9.4643,9.4643,increased predicted RUL
FD004,5,136.2943,4,sensor_6,-7.6008,7.6008,decreased predicted RUL
FD004,5,136.2943,5,sensor_4,7.1974,7.1974,increased predicted RUL
FD004,5,136.2943,6,sensor_11,5.9846,5.9846,increased predicted RUL
FD004,5,136.2943,7,sensor_15_diff,5.0327,5.0327,increased predicted RUL
FD004,5,136.2943,8,sensor_11_diff,-4.36,4.36,decreased predicted RUL
FD004,5,136.2943,9,sensor_14_diff,4.0944,4.0944,increased predicted RUL
FD004,5,136.2943,10,sensor_17,4.0552,4.0552,increased predicted RUL
FD004,6,167.7663,1,cycle,-35.0958,35.0958,decreased predicted RUL
FD004,6,167.7663,2,sensor_11,17.5087,17.5087,increased predicted RUL
FD004,6,167.7663,3,sensor_4,16.7148,16.7148,increased predicted RUL
FD004,6,167.7663,4,sensor_15,11.6251,11.6251,increased predicted RUL
FD004,6,167.7663,5,sensor_13_rolling_std,5.758,5.758,increased predicted RUL
FD004,6,167.7663,6,sensor_15_diff,4.4305,4.4305,increased predicted RUL
FD004,6,167.7663,7,sensor_4_diff,-3.7771,3.7771,decreased predicted RUL
FD004,6,167.7663,8,sensor_2,3.4524,3.4524,increased predicted RUL
FD004,6,167.7663,9,sensor_6,3.4386,3.4386,increased predicted RUL
FD004,6,167.7663,10,sensor_13_rolling_mean,-2.9683,2.9683,decreased predicted RUL
FD004,7,135.0949,1,cycle,33.8743,33.8743,increased predicted RUL
FD004,7,135.0949,2,sensor_11,-14.4247,14.4247,decreased predicted RUL
FD004,7,135.0949,3,sensor_6,-12.5102,12.5102,decreased predicted RUL
FD004,7,135.0949,4,sensor_15,10.7396,10.7396,increased predicted RUL
FD004,7,135.0949,5,sensor_4,-7.725,7.725,decreased predicted RUL
FD004,7,135.0949,6,sensor_12,4.114,4.114,increased predicted RUL
FD004,7,135.0949,7,sensor_15_diff,-3.292,3.292,decreased predicted RUL
FD004,7,135.0949,8,sensor_21,3.1783,3.1783,increased predicted RUL
FD004,7,135.0949,9,sensor_8,-2.8658,2.8658,decreased predicted RUL
FD004,7,135.0949,10,sensor_2,-2.7654,2.7654,decreased predicted RUL
FD004,8,14.3097,1,cycle,-41.399,41.399,decreased predicted RUL
FD004,8,14.3097,2,sensor_13,-27.9563,27.9563,decreased predicted RUL
FD004,8,14.3097,3,sensor_15,-14.0707,14.0707,decreased predicted RUL
FD004,8,14.3097,4,sensor_6,-6.3603,6.3603,decreased predicted RUL
FD004,8,14.3097,5,sensor_21,-6.2317,6.2317,decreased predicted RUL
FD004,8,14.3097,6,sensor_13_diff,3.4997,3.4997,increased predicted RUL
FD004,8,14.3097,7,sensor_12,-3.3697,3.3697,decreased predicted RUL
FD004,8,14.3097,8,sensor_20,-3.1377,3.1377,decreased predicted RUL
FD004,8,14.3097,9,sensor_15_diff,2.6846,2.6846,increased predicted RUL
FD004,8,14.3097,10,sensor_7,-2.5519,2.5519,decreased predicted RUL
FD004,9,109.0489,1,cycle,-31.8633,31.8633,decreased predicted RUL
FD004,9,109.0489,2,sensor_13,-11.4008,11.4008,decreased predicted RUL
FD004,9,109.0489,3,sensor_11,9.0418,9.0418,increased predicted RUL
FD004,9,109.0489,4,sensor_15,8.0973,8.0973,increased predicted RUL
FD004,9,109.0489,5,sensor_6,-5.9874,5.9874,decreased predicted RUL
FD004,9,109.0489,6,sensor_13_rolling_mean,-5.7184,5.7184,decreased predicted RUL
FD004,9,109.0489,7,sensor_4,5.5875,5.5875,increased predicted RUL
FD004,9,109.0489,8,sensor_14,3.9613,3.9613,increased predicted RUL
FD004,9,109.0489,9,sensor_20,3.0903,3.0903,increased predicted RUL
FD004,9,109.0489,10,sensor_12,3.0141,3.0141,increased predicted RUL
FD004,10,274.9165,1,cycle,79.9963,79.9963,increased predicted RUL
FD004,10,274.9165,2,sensor_15,26.5448,26.5448,increased predicted RUL
FD004,10,274.9165,3,sensor_12,23.594,23.594,increased predicted RUL
FD004,10,274.9165,4,sensor_7,21.3439,21.3439,increased predicted RUL
FD004,10,274.9165,5,sensor_13_rolling_mean,-5.733,5.733,decreased predicted RUL
FD004,10,274.9165,6,sensor_21,4.8977,4.8977,increased predicted RUL
FD004,10,274.9165,7,sensor_14,-4.5487,4.5487,decreased predicted RUL
FD004,10,274.9165,8,sensor_20,3.9396,3.9396,increased predicted RUL
FD004,10,274.9165,9,sensor_13_rolling_std,3.2939,3.2939,increased predicted RUL
FD004,10,274.9165,10,sensor_11_rolling_mean,-3.2264,3.2264,decreased predicted RUL
FD004,11,226.6968,1,sensor_4,14.852,14.852,increased predicted RUL
FD004,11,226.6968,2,sensor_15,12.5897,12.5897,increased predicted RUL
FD004,11,226.6968,3,sensor_6,11.0605,11.0605,increased predicted RUL
FD004,11,226.6968,4,sensor_2,9.7512,9.7512,increased predicted RUL
FD004,11,226.6968,5,sensor_9,7.8057,7.8057,increased predicted RUL
FD004,11,226.6968,6,sensor_8,7.5421,7.5421,increased predicted RUL
FD004,11,226.6968,7,cycle,6.8845,6.8845,increased predicted RUL
FD004,11,226.6968,8,sensor_13,6.2247,6.2247,increased predicted RUL
FD004,11,226.6968,9,sensor_13_rolling_std,5.4019,5.4019,increased predicted RUL
FD004,11,226.6968,10,sensor_15_diff,4.6367,4.6367,increased predicted RUL
FD004,12,7.2426,1,cycle,-55.7257,55.7257,decreased predicted RUL
FD004,12,7.2426,2,sensor_13,-51.4214,51.4214,decreased predicted RUL
FD004,12,7.2426,3,sensor_13_rolling_mean,-8.2408,8.2408,decreased predicted RUL
FD004,12,7.2426,4,sensor_21,-5.9766,5.9766,decreased predicted RUL
FD004,12,7.2426,5,sensor_6,-4.1975,4.1975,decreased predicted RUL
FD004,12,7.2426,6,sensor_20_rolling_mean,-3.4649,3.4649,decreased predicted RUL
FD004,12,7.2426,7,sensor_15,3.1751,3.1751,increased predicted RUL
FD004,12,7.2426,8,sensor_11_rolling_std,2.5351,2.5351,increased predicted RUL
FD004,12,7.2426,9,sensor_8,2.1522,2.1522,increased predicted RUL
FD004,12,7.2426,10,sensor_15_rolling_mean,2.078,2.078,increased predicted RUL
FD004,13,61.7543,1,cycle,-40.4939,40.4939,decreased predicted RUL
FD004,13,61.7543,2,sensor_13,-27.1277,27.1277,decreased predicted RUL
FD004,13,61.7543,3,sensor_15_rolling_mean,-7.0932,7.0932,decreased predicted RUL
FD004,13,61.7543,4,sensor_6,-6.8798,6.8798,decreased predicted RUL
FD004,13,61.7543,5,sensor_15,5.8967,5.8967,increased predicted RUL
FD004,13,61.7543,6,sensor_8,-4.6077,4.6077,decreased predicted RUL
FD004,13,61.7543,7,sensor_13_rolling_mean,4.0887,4.0887,increased predicted RUL
FD004,13,61.7543,8,sensor_11_rolling_mean,3.7637,3.7637,increased predicted RUL
FD004,13,61.7543,9,sensor_4_rolling_mean,2.6787,2.6787,increased predicted RUL
FD004,13,61.7543,10,sensor_11,2.5759,2.5759,increased predicted RUL
FD004,14,119.0501,1,cycle,-16.2691,16.2691,decreased predicted RUL
FD004,14,119.0501,2,sensor_13,8.1566,8.1566,increased predicted RUL
FD004,14,119.0501,3,sensor_4,7.6857,7.6857,increased predicted RUL
FD004,14,119.0501,4,sensor_15,-7.5071,7.5071,decreased predicted RUL
FD004,14,119.0501,5,sensor_2,5.9564,5.9564,increased predicted RUL
FD004,14,119.0501,6,sensor_21,-5.3944,5.3944,decreased predicted RUL
FD004,14,119.0501,7,sensor_15_diff,5.1093,5.1093,increased predicted RUL
FD004,14,119.0501,8,sensor_8,4.8324,4.8324,increased predicted RUL
FD004,14,119.0501,9,sensor_4_diff,-4.0716,4.0716,decreased predicted RUL
FD004,14,119.0501,10,sensor_11_diff,-3.8771,3.8771,decreased predicted RUL
FD004,15,23.1626,1,cycle,-65.7408,65.7408,decreased predicted RUL
FD004,15,23.1626,2,sensor_13,-23.4519,23.4519,decreased predicted RUL
FD004,15,23.1626,3,sensor_11,-20.1549,20.1549,decreased predicted RUL
FD004,15,23.1626,4,sensor_9,-10.4394,10.4394,decreased predicted RUL
FD004,15,23.1626,5,sensor_15,9.8711,9.8711,increased predicted RUL
FD004,15,23.1626,6,sensor_7,8.7961,8.7961,increased predicted RUL
FD004,15,23.1626,7,sensor_4,-8.4371,8.4371,decreased predicted RUL
FD004,15,23.1626,8,sensor_21,7.0744,7.0744,increased predicted RUL
FD004,15,23.1626,9,sensor_14,-7.0061,7.0061,decreased predicted RUL
FD004,15,23.1626,10,sensor_20,6.7753,6.7753,increased predicted RUL
FD004,16,163.4651,1,sensor_11,40.5109,40.5109,increased predicted RUL
FD004,16,163.4651,2,cycle,-29.8568,29.8568,decreased predicted RUL
FD004,16,163.4651,3,sensor_15,-24.281,24.281,decreased predicted RUL
FD004,16,163.4651,4,sensor_13,19.9652,19.9652,increased predicted RUL
FD004,16,163.4651,5,sensor_4,16.3676,16.3676,increased predicted RUL
FD004,16,163.4651,6,sensor_15_rolling_mean,-10.3881,10.3881,decreased predicted RUL
FD004,16,163.4651,7,sensor_8,6.3332,6.3332,increased predicted RUL
FD004,16,163.4651,8,sensor_4_rolling_mean,5.924,5.924,increased predicted RUL
FD004,16,163.4651,9,sensor_17,5.5064,5.5064,increased predicted RUL
FD004,16,163.4651,10,sensor_13_rolling_mean,4.7646,4.7646,increased predicted RUL
FD004,17,119.8658,1,cycle,-30.2601,30.2601,decreased predicted RUL
FD004,17,119.8658,2,sensor_11,19.2794,19.2794,increased predicted RUL
FD004,17,119.8658,3,sensor_13,-15.3845,15.3845,decreased predicted RUL
FD004,17,119.8658,4,sensor_4,12.1788,12.1788,increased predicted RUL
FD004,17,119.8658,5,sensor_15,7.7932,7.7932,increased predicted RUL
FD004,17,119.8658,6,sensor_13_rolling_mean,-4.284,4.284,decreased predicted RUL
FD004,17,119.8658,7,sensor_14,2.9756,2.9756,increased predicted RUL
FD004,17,119.8658,8,sensor_11_diff,-2.0664,2.0664,decreased predicted RUL
FD004,17,119.8658,9,sensor_7,-2.0467,2.0467,decreased predicted RUL
FD004,17,119.8658,10,sensor_8,1.9718,1.9718,increased predicted RUL
FD004,18,97.1498,1,sensor_15,-38.8986,38.8986,decreased predicted RUL
FD004,18,97.1498,2,cycle,-36.095,36.095,decreased predicted RUL
FD004,18,97.1498,3,sensor_11,24.4009,24.4009,increased predicted RUL
FD004,18,97.1498,4,sensor_4,15.0968,15.0968,increased predicted RUL
FD004,18,97.1498,5,sensor_13,11.9097,11.9097,increased predicted RUL
FD004,18,97.1498,6,sensor_6,-10.3618,10.3618,decreased predicted RUL
FD004,18,97.1498,7,sensor_8,-9.4682,9.4682,decreased predicted RUL
FD004,18,97.1498,8,sensor_15_rolling_mean,-5.2102,5.2102,decreased predicted RUL
FD004,18,97.1498,9,sensor_2,5.1666,5.1666,increased predicted RUL
FD004,18,97.1498,10,sensor_13_rolling_mean,4.8237,4.8237,increased predicted RUL
FD004,19,270.6181,1,cycle,60.0349,60.0349,increased predicted RUL
FD004,19,270.6181,2,sensor_11,26.2319,26.2319,increased predicted RUL
FD004,19,270.6181,3,sensor_6,20.173,20.173,increased predicted RUL
FD004,19,270.6181,4,sensor_4,7.8374,7.8374,increased predicted RUL
FD004,19,270.6181,5,sensor_13,7.1581,7.1581,increased predicted RUL
FD004,19,270.6181,6,sensor_14,5.8736,5.8736,increased predicted RUL
FD004,19,270.6181,7,sensor_13_rolling_std,4.1408,4.1408,increased predicted RUL
FD004,19,270.6181,8,sensor_15,3.5228,3.5228,increased predicted RUL
FD004,19,270.6181,9,sensor_9,3.1967,3.1967,increased predicted RUL
FD004,19,270.6181,10,sensor_11_rolling_mean,-3.0541,3.0541,decreased predicted RUL
FD004,20,75.2688,1,cycle,-26.3446,26.3446,decreased predicted RUL
FD004,20,75.2688,2,sensor_13,-12.2526,12.2526,decreased predicted RUL
FD004,20,75.2688,3,sensor_15,4.8642,4.8642,increased predicted RUL
FD004,20,75.2688,4,sensor_2,-3.4012,3.4012,decreased predicted RUL
FD004,20,75.2688,5,sensor_6,-3.3977,3.3977,decreased predicted RUL
FD004,20,75.2688,6,sensor_15_diff,-2.7565,2.7565,decreased predicted RUL
FD004,20,75.2688,7,sensor_14,2.636,2.636,increased predicted RUL
FD004,20,75.2688,8,sensor_4,-2.4414,2.4414,decreased predicted RUL
FD004,20,75.2688,9,sensor_12,-2.3647,2.3647,decreased predicted RUL
FD004,20,75.2688,10,sensor_7,-2.3542,2.3542,decreased predicted RUL
FD004,21,132.5374,1,sensor_15,-32.2377,32.2377,decreased predicted RUL
FD004,21,132.5374,2,cycle,-31.4149,31.4149,decreased predicted RUL
FD004,21,132.5374,3,sensor_11,28.0466,28.0466,increased predicted RUL
FD004,21,132.5374,4,sensor_13,18.0537,18.0537,increased predicted RUL
FD004,21,132.5374,5,sensor_4,17.5596,17.5596,increased predicted RUL
FD004,21,132.5374,6,sensor_17,6.5138,6.5138,increased predicted RUL
FD004,21,132.5374,7,sensor_3,5.6451,5.6451,increased predicted RUL
FD004,21,132.5374,8,sensor_2,5.1335,5.1335,increased predicted RUL
FD004,21,132.5374,9,sensor_11_diff,-4.6924,4.6924,decreased predicted RUL
FD004,21,132.5374,10,sensor_4_rolling_std,-4.6739,4.6739,decreased predicted RUL
FD004,22,-0.7895,1,cycle,-42.9528,42.9528,decreased predicted RUL
FD004,22,-0.7895,2,sensor_13,-38.6695,38.6695,decreased predicted RUL
FD004,22,-0.7895,3,sensor_14,-11.5981,11.5981,decreased predicted RUL
FD004,22,-0.7895,4,sensor_15_diff,-11.156,11.156,decreased predicted RUL
FD004,22,-0.7895,5,sensor_11,-10.9298,10.9298,decreased predicted RUL
FD004,22,-0.7895,6,sensor_4,-8.0301,8.0301,decreased predicted RUL
FD004,22,-0.7895,7,sensor_15_rolling_mean,-7.0311,7.0311,decreased predicted RUL
FD004,22,-0.7895,8,sensor_10_diff,4.6759,4.6759,increased predicted RUL
FD004,22,-0.7895,9,sensor_13_rolling_mean,3.414,3.414,increased predicted RUL
FD004,22,-0.7895,10,sensor_15,3.3238,3.3238,increased predicted RUL
FD004,23,51.8283,1,cycle,-36.2021,36.2021,decreased predicted RUL
FD004,23,51.8283,2,sensor_13,-26.6102,26.6102,decreased predicted RUL
FD004,23,51.8283,3,sensor_15,7.279,7.279,increased predicted RUL
FD004,23,51.8283,4,sensor_4,-6.35,6.35,decreased predicted RUL
FD004,23,51.8283,5,sensor_11,-5.1079,5.1079,decreased predicted RUL
FD004,23,51.8283,6,sensor_15_diff,-2.2657,2.2657,decreased predicted RUL
FD004,23,51.8283,7,sensor_6_rolling_mean,-1.8752,1.8752,decreased predicted RUL
FD004,23,51.8283,8,sensor_15_rolling_mean,-1.5774,1.5774,decreased predicted RUL
FD004,23,51.8283,9,sensor_17_rolling_std,-1.5613,1.5613,decreased predicted RUL
FD004,23,51.8283,10,sensor_17,-1.5176,1.5176,decreased predicted RUL
FD004,24,125.4201,1,cycle,-38.7054,38.7054,decreased predicted RUL
FD004,24,125.4201,2,sensor_4,14.5317,14.5317,increased predicted RUL
FD004,24,125.4201,3,sensor_11,13.0791,13.0791,increased predicted RUL
FD004,24,125.4201,4,sensor_13_rolling_std,5.7962,5.7962,increased predicted RUL
FD004,24,125.4201,5,sensor_13,-5.7595,5.7595,decreased predicted RUL
FD004,24,125.4201,6,sensor_13_rolling_mean,-5.5349,5.5349,decreased predicted RUL
FD004,24,125.4201,7,sensor_2,4.3644,4.3644,increased predicted RUL
FD004,24,125.4201,8,sensor_15,3.7466,3.7466,increased predicted RUL
FD004,24,125.4201,9,sensor_15_diff,3.6253,3.6253,increased predicted RUL
FD004,24,125.4201,10,sensor_4_diff,-3.221,3.221,decreased predicted RUL
FD004,25,52.9495,1,sensor_15,-46.6104,46.6104,decreased predicted RUL
FD004,25,52.9495,2,cycle,-28.4849,28.4849,decreased predicted RUL
FD004,25,52.9495,3,sensor_11,18.1209,18.1209,increased predicted RUL
FD004,25,52.9495,4,sensor_6,-12.0422,12.0422,decreased predicted RUL
FD004,25,52.9495,5,sensor_4,10.1559,10.1559,increased predicted RUL
FD004,25,52.9495,6,sensor_11_diff,-9.7186,9.7186,decreased predicted RUL
FD004,25,52.9495,7,sensor_8,-5.1155,5.1155,decreased predicted RUL
FD004,25,52.9495,8,sensor_15_rolling_mean,-5.0418,5.0418,decreased predicted RUL
FD004,25,52.9495,9,sensor_12,-4.951,4.951,decreased predicted RUL
FD004,25,52.9495,10,sensor_13,4.713,4.713,increased predicted RUL
FD004,26,112.5626,1,sensor_15,11.9578,11.9578,increased predicted RUL
FD004,26,112.5626,2,sensor_11,-7.1725,7.1725,decreased predicted RUL
FD004,26,112.5626,3,sensor_4,-6.3773,6.3773,decreased predicted RUL
FD004,26,112.5626,4,cycle,-4.6892,4.6892,decreased predicted RUL
FD004,26,112.5626,5,sensor_15_diff,4.0018,4.0018,increased predicted RUL
FD004,26,112.5626,6,sensor_13,-3.1589,3.1589,decreased predicted RUL
FD004,26,112.5626,7,sensor_4_rolling_std,-2.5901,2.5901,decreased predicted RUL
FD004,26,112.5626,8,sensor_13_rolling_mean,2.375,2.375,increased predicted RUL
FD004,26,112.5626,9,sensor_11_diff,-1.8334,1.8334,decreased predicted RUL
FD004,26,112.5626,10,sensor_13_rolling_std,-1.7645,1.7645,decreased predicted RUL
FD004,27,64.6905,1,cycle,-32.6406,32.6406,decreased predicted RUL
FD004,27,64.6905,2,sensor_15,-23.613,23.613,decreased predicted RUL
FD004,27,64.6905,3,sensor_13,10.5818,10.5818,increased predicted RUL
FD004,27,64.6905,4,sensor_21,-7.0248,7.0248,decreased predicted RUL
FD004,27,64.6905,5,sensor_15_rolling_mean,-6.9965,6.9965,decreased predicted RUL
FD004,27,64.6905,6,sensor_6,-6.598,6.598,decreased predicted RUL
FD004,27,64.6905,7,sensor_3,5.0184,5.0184,increased predicted RUL
FD004,27,64.6905,8,sensor_4,-3.6458,3.6458,decreased predicted RUL
FD004,27,64.6905,9,sensor_9,3.0997,3.0997,increased predicted RUL
FD004,27,64.6905,10,sensor_8,2.9018,2.9018,increased predicted RUL
FD004,28,218.5676,1,cycle,58.8084,58.8084,increased predicted RUL
FD004,28,218.5676,2,sensor_11,16.9375,16.9375,increased predicted RUL
FD004,28,218.5676,3,sensor_13,10.4612,10.4612,increased predicted RUL
FD004,28,218.5676,4,sensor_15,9.9273,9.9273,increased predicted RUL
FD004,28,218.5676,5,sensor_12,-5.6444,5.6444,decreased predicted RUL
FD004,28,218.5676,6,sensor_15_rolling_mean,4.9921,4.9921,increased predicted RUL
FD004,28,218.5676,7,sensor_11_rolling_mean,-4.2581,4.2581,decreased predicted RUL
FD004,28,218.5676,8,sensor_4,3.3889,3.3889,increased predicted RUL
FD004,28,218.5676,9,sensor_8,3.1525,3.1525,increased predicted RUL
FD004,28,218.5676,10,sensor_14,3.1421,3.1421,increased predicted RUL
FD004,29,99.4745,1,cycle,-38.2075,38.2075,decreased predicted RUL
FD004,29,99.4745,2,sensor_11,34.5703,34.5703,increased predicted RUL
FD004,29,99.4745,3,sensor_15,-34.1745,34.1745,decreased predicted RUL
FD004,29,99.4745,4,sensor_13,14.304,14.304,increased predicted RUL
FD004,29,99.4745,5,sensor_4,13.6454,13.6454,increased predicted RUL
FD004,29,99.4745,6,sensor_6,-13.6121,13.6121,decreased predicted RUL
FD004,29,99.4745,7,sensor_11_diff,-9.6537,9.6537,decreased predicted RUL
FD004,29,99.4745,8,sensor_4_diff,-4.6555,4.6555,decreased predicted RUL
FD004,29,99.4745,9,sensor_4_rolling_std,-4.3553,4.3553,decreased predicted RUL
FD004,29,99.4745,10,sensor_17,4.1015,4.1015,increased predicted RUL
FD004,30,168.7636,1,sensor_11,39.2582,39.2582,increased predicted RUL
FD004,30,168.7636,2,cycle,-34.2912,34.2912,decreased predicted RUL
FD004,30,168.7636,3,sensor_15,-23.9516,23.9516,decreased predicted RUL
FD004,30,168.7636,4,sensor_4,22.3619,22.3619,increased predicted RUL
FD004,30,168.7636,5,sensor_13,18.7007,18.7007,increased predicted RUL
FD004,30,168.7636,6,sensor_11_diff,-10.3035,10.3035,decreased predicted RUL
FD004,30,168.7636,7,sensor_8,7.8875,7.8875,increased predicted RUL
FD004,30,168.7636,8,sensor_3,5.7357,5.7357,increased predicted RUL
FD004,30,168.7636,9,sensor_15_diff,5.518,5.518,increased predicted RUL
FD004,30,168.7636,10,sensor_17,5.2831,5.2831,increased predicted RUL
FD004,31,14.3257,1,sensor_13,-46.3123,46.3123,decreased predicted RUL
FD004,31,14.3257,2,cycle,-39.6979,39.6979,decreased predicted RUL
FD004,31,14.3257,3,sensor_11,-8.6879,8.6879,decreased predicted RUL
FD004,31,14.3257,4,sensor_4,-7.6984,7.6984,decreased predicted RUL
FD004,31,14.3257,5,sensor_15,3.7105,3.7105,increased predicted RUL
FD004,31,14.3257,6,sensor_12,-3.4719,3.4719,decreased predicted RUL
FD004,31,14.3257,7,sensor_11_rolling_mean,-3.2256,3.2256,decreased predicted RUL
FD004,31,14.3257,8,sensor_13_rolling_mean,-3.1556,3.1556,decreased predicted RUL
FD004,31,14.3257,9,sensor_3,-1.9753,1.9753,decreased predicted RUL
FD004,31,14.3257,10,sensor_6_rolling_mean,-1.9094,1.9094,decreased predicted RUL
FD004,32,27.63,1,sensor_15,-68.6557,68.6557,decreased predicted RUL
FD004,32,27.63,2,cycle,-31.7711,31.7711,decreased predicted RUL
FD004,32,27.63,3,sensor_11_diff,-8.3041,8.3041,decreased predicted RUL
FD004,32,27.63,4,sensor_6,-7.5416,7.5416,decreased predicted RUL
FD004,32,27.63,5,sensor_4,6.0387,6.0387,increased predicted RUL
FD004,32,27.63,6,sensor_15_diff,5.9971,5.9971,increased predicted RUL
FD004,32,27.63,7,sensor_9,5.3371,5.3371,increased predicted RUL
FD004,32,27.63,8,sensor_11,4.4049,4.4049,increased predicted RUL
FD004,32,27.63,9,sensor_13,4.2857,4.2857,increased predicted RUL
FD004,32,27.63,10,sensor_8,3.5882,3.5882,increased predicted RUL
FD004,33,169.6104,1,sensor_15,34.8132,34.8132,increased predicted RUL
FD004,33,169.6104,2,cycle,-25.9856,25.9856,decreased predicted RUL
FD004,33,169.6104,3,sensor_13,24.9709,24.9709,increased predicted RUL
FD004,33,169.6104,4,sensor_15_diff,-10.1001,10.1001,decreased predicted RUL
FD004,33,169.6104,5,sensor_15_rolling_mean,-8.0805,8.0805,decreased predicted RUL
FD004,33,169.6104,6,sensor_12,5.2409,5.2409,increased predicted RUL
FD004,33,169.6104,7,sensor_6,5.0965,5.0965,increased predicted RUL
FD004,33,169.6104,8,sensor_13_rolling_mean,5.0788,5.0788,increased predicted RUL
FD004,33,169.6104,9,sensor_6_rolling_mean,-3.9837,3.9837,decreased predicted RUL
FD004,33,169.6104,10,sensor_21,3.6275,3.6275,increased predicted RUL
FD004,34,125.0411,1,cycle,-32.1211,32.1211,decreased predicted RUL
FD004,34,125.0411,2,sensor_15,23.9154,23.9154,increased predicted RUL
FD004,34,125.0411,3,sensor_13,18.352,18.352,increased predicted RUL
FD004,34,125.0411,4,sensor_6,-14.385,14.385,decreased predicted RUL
FD004,34,125.0411,5,sensor_12,6.2835,6.2835,increased predicted RUL
FD004,34,125.0411,6,sensor_8,3.5842,3.5842,increased predicted RUL
FD004,34,125.0411,7,sensor_13_rolling_mean,-3.2266,3.2266,decreased predicted RUL
FD004,34,125.0411,8,sensor_11_rolling_mean,-3.1434,3.1434,decreased predicted RUL
FD004,34,125.0411,9,sensor_21,2.7627,2.7627,increased predicted RUL
FD004,34,125.0411,10,sensor_6_rolling_mean,-2.1457,2.1457,decreased predicted RUL
FD004,35,35.7913,1,cycle,-35.5728,35.5728,decreased predicted RUL
FD004,35,35.7913,2,sensor_13,-31.3577,31.3577,decreased predicted RUL
FD004,35,35.7913,3,sensor_4,9.5384,9.5384,increased predicted RUL
FD004,35,35.7913,4,sensor_15,-7.8713,7.8713,decreased predicted RUL
FD004,35,35.7913,5,sensor_6,-6.0327,6.0327,decreased predicted RUL
FD004,35,35.7913,6,sensor_21,-5.367,5.367,decreased predicted RUL
FD004,35,35.7913,7,sensor_15_rolling_mean,-3.4571,3.4571,decreased predicted RUL
FD004,35,35.7913,8,sensor_12,-3.1169,3.1169,decreased predicted RUL
FD004,35,35.7913,9,sensor_11,-3.0014,3.0014,decreased predicted RUL
FD004,35,35.7913,10,sensor_20,-2.8204,2.8204,decreased predicted RUL
FD004,36,114.7416,1,cycle,-38.477,38.477,decreased predicted RUL
FD004,36,114.7416,2,sensor_13,-20.9099,20.9099,decreased predicted RUL
FD004,36,114.7416,3,sensor_11,12.3982,12.3982,increased predicted RUL
FD004,36,114.7416,4,sensor_15,10.1992,10.1992,increased predicted RUL
FD004,36,114.7416,5,sensor_6,7.6556,7.6556,increased predicted RUL
FD004,36,114.7416,6,sensor_15_diff,-6.6546,6.6546,decreased predicted RUL
FD004,36,114.7416,7,sensor_15_rolling_mean,-4.1128,4.1128,decreased predicted RUL
FD004,36,114.7416,8,sensor_12,4.0131,4.0131,increased predicted RUL
FD004,36,114.7416,9,sensor_21,3.4147,3.4147,increased predicted RUL
FD004,36,114.7416,10,sensor_13_rolling_mean,3.2806,3.2806,increased predicted RUL
FD004,37,68.0374,1,cycle,-39.9837,39.9837,decreased predicted RUL
FD004,37,68.0374,2,sensor_13,-34.0464,34.0464,decreased predicted RUL
FD004,37,68.0374,3,sensor_4,8.6449,8.6449,increased predicted RUL
FD004,37,68.0374,4,sensor_6,-6.1106,6.1106,decreased predicted RUL
FD004,37,68.0374,5,sensor_13_rolling_mean,-5.4336,5.4336,decreased predicted RUL
FD004,37,68.0374,6,sensor_11,5.3652,5.3652,increased predicted RUL
FD004,37,68.0374,7,sensor_21,-4.684,4.684,decreased predicted RUL
FD004,37,68.0374,8,sensor_3,4.633,4.633,increased predicted RUL
FD004,37,68.0374,9,sensor_11_rolling_mean,-3.7578,3.7578,decreased predicted RUL
FD004,37,68.0374,10,sensor_15_diff,2.6885,2.6885,increased predicted RUL
FD004,38,18.2815,1,sensor_15,-49.0498,49.0498,decreased predicted RUL
FD004,38,18.2815,2,cycle,-33.3674,33.3674,decreased predicted RUL
FD004,38,18.2815,3,sensor_13,18.1828,18.1828,increased predicted RUL
FD004,38,18.2815,4,sensor_6,-7.5784,7.5784,decreased predicted RUL
FD004,38,18.2815,5,sensor_7,-7.0071,7.0071,decreased predicted RUL
FD004,38,18.2815,6,sensor_12,-6.938,6.938,decreased predicted RUL
FD004,38,18.2815,7,sensor_15_diff,-6.3516,6.3516,decreased predicted RUL
FD004,38,18.2815,8,sensor_15_rolling_mean,-6.0593,6.0593,decreased predicted RUL
FD004,38,18.2815,9,sensor_21,-5.8508,5.8508,decreased predicted RUL
FD004,38,18.2815,10,sensor_6_rolling_mean,-3.836,3.836,decreased predicted RUL
FD004,39,106.5505,1,sensor_15,-40.3025,40.3025,decreased predicted RUL
FD004,39,106.5505,2,cycle,-34.0103,34.0103,decreased predicted RUL
FD004,39,106.5505,3,sensor_11,19.7386,19.7386,increased predicted RUL
FD004,39,106.5505,4,sensor_13,13.8582,13.8582,increased predicted RUL
FD004,39,106.5505,5,sensor_4,10.9431,10.9431,increased predicted RUL
FD004,39,106.5505,6,sensor_3,5.8763,5.8763,increased predicted RUL
FD004,39,106.5505,7,sensor_15_diff,5.2445,5.2445,increased predicted RUL
FD004,39,106.5505,8,sensor_2,5.0237,5.0237,increased predicted RUL
FD004,39,106.5505,9,sensor_17,4.4828,4.4828,increased predicted RUL
FD004,39,106.5505,10,sensor_12,-4.3248,4.3248,decreased predicted RUL
FD004,40,22.6316,1,cycle,-47.6113,47.6113,decreased predicted RUL
FD004,40,22.6316,2,sensor_13,-45.5131,45.5131,decreased predicted RUL
FD004,40,22.6316,3,sensor_14,-12.7336,12.7336,decreased predicted RUL
FD004,40,22.6316,4,sensor_15,9.1961,9.1961,increased predicted RUL
FD004,40,22.6316,5,sensor_11,-5.8843,5.8843,decreased predicted RUL
FD004,40,22.6316,6,sensor_4,-5.8291,5.8291,decreased predicted RUL
FD004,40,22.6316,7,sensor_7,4.3465,4.3465,increased predicted RUL
FD004,40,22.6316,8,sensor_12,4.0801,4.0801,increased predicted RUL
FD004,40,22.6316,9,sensor_6_rolling_mean,-2.1382,2.1382,decreased predicted RUL
FD004,40,22.6316,10,sensor_13_rolling_std,-2.0041,2.0041,decreased predicted RUL
FD004,41,115.0491,1,cycle,-21.8711,21.8711,decreased predicted RUL
FD004,41,115.0491,2,sensor_6,-18.636,18.636,decreased predicted RUL
FD004,41,115.0491,3,sensor_15,18.0805,18.0805,increased predicted RUL
FD004,41,115.0491,4,sensor_13,11.363,11.363,increased predicted RUL
FD004,41,115.0491,5,sensor_14,3.9954,3.9954,increased predicted RUL
FD004,41,115.0491,6,sensor_13_rolling_mean,3.9838,3.9838,increased predicted RUL
FD004,41,115.0491,7,sensor_15_rolling_mean,-3.2754,3.2754,decreased predicted RUL
FD004,41,115.0491,8,sensor_13_diff,-3.2288,3.2288,decreased predicted RUL
FD004,41,115.0491,9,sensor_6_rolling_mean,-2.7815,2.7815,decreased predicted RUL
FD004,41,115.0491,10,sensor_15_diff,-2.7411,2.7411,decreased predicted RUL
FD004,42,21.4139,1,sensor_13,-42.5913,42.5913,decreased predicted RUL
FD004,42,21.4139,2,cycle,-38.6476,38.6476,decreased predicted RUL
FD004,42,21.4139,3,sensor_15_diff,-12.4638,12.4638,decreased predicted RUL
FD004,42,21.4139,4,sensor_11,-9.5966,9.5966,decreased predicted RUL
FD004,42,21.4139,5,sensor_4,-6.8774,6.8774,decreased predicted RUL
FD004,42,21.4139,6,sensor_10_diff,5.0722,5.0722,increased predicted RUL
FD004,42,21.4139,7,sensor_3,-3.8083,3.8083,decreased predicted RUL
FD004,42,21.4139,8,sensor_15,3.087,3.087,increased predicted RUL
FD004,42,21.4139,9,sensor_3_diff,2.9983,2.9983,increased predicted RUL
FD004,42,21.4139,10,sensor_13_rolling_mean,2.7325,2.7325,increased predicted RUL
FD004,43,91.1841,1,cycle,-30.6129,30.6129,decreased predicted RUL
FD004,43,91.1841,2,sensor_13,-14.5623,14.5623,decreased predicted RUL
FD004,43,91.1841,3,sensor_15,8.6288,8.6288,increased predicted RUL
FD004,43,91.1841,4,sensor_11_rolling_mean,-4.4636,4.4636,decreased predicted RUL
FD004,43,91.1841,5,sensor_4,-3.8143,3.8143,decreased predicted RUL
FD004,43,91.1841,6,sensor_13_rolling_mean,-3.3815,3.3815,decreased predicted RUL
FD004,43,91.1841,7,sensor_15_rolling_mean,2.836,2.836,increased predicted RUL
FD004,43,91.1841,8,sensor_21,2.5487,2.5487,increased predicted RUL
FD004,43,91.1841,9,sensor_17,-2.3389,2.3389,decreased predicted RUL
FD004,43,91.1841,10,sensor_11,-2.2677,2.2677,decreased predicted RUL
FD004,44,47.9695,1,sensor_13,-45.9367,45.9367,decreased predicted RUL
FD004,44,47.9695,2,cycle,-39.6017,39.6017,decreased predicted RUL
FD004,44,47.9695,3,sensor_13_rolling_mean,-5.2088,5.2088,decreased predicted RUL
FD004,44,47.9695,4,sensor_15,4.7797,4.7797,increased predicted RUL
FD004,44,47.9695,5,sensor_14,3.1034,3.1034,increased predicted RUL
FD004,44,47.9695,6,sensor_15_diff,-2.8678,2.8678,decreased predicted RUL
FD004,44,47.9695,7,sensor_2,-2.4201,2.4201,decreased predicted RUL
FD004,44,47.9695,8,sensor_20,2.2862,2.2862,increased predicted RUL
FD004,44,47.9695,9,sensor_8,-2.1861,2.1861,decreased predicted RUL
FD004,44,47.9695,10,sensor_4_diff,1.961,1.961,increased predicted RUL
FD004,45,138.576,1,cycle,17.9434,17.9434,increased predicted RUL
FD004,45,138.576,2,sensor_15,7.1241,7.1241,increased predicted RUL
FD004,45,138.576,3,sensor_13,-6.9883,6.9883,decreased predicted RUL
FD004,45,138.576,4,sensor_4,-6.8741,6.8741,decreased predicted RUL
FD004,45,138.576,5,sensor_14,-6.5967,6.5967,decreased predicted RUL
FD004,45,138.576,6,sensor_13_rolling_mean,6.2415,6.2415,increased predicted RUL
FD004,45,138.576,7,sensor_11,-3.0385,3.0385,decreased predicted RUL
FD004,45,138.576,8,sensor_20,2.5979,2.5979,increased predicted RUL
FD004,45,138.576,9,sensor_6,-2.254,2.254,decreased predicted RUL
FD004,45,138.576,10,sensor_13_rolling_std,2.2429,2.2429,increased predicted RUL
FD004,46,158.8207,1,cycle,48.8056,48.8056,increased predicted RUL
FD004,46,158.8207,2,sensor_13,-4.4573,4.4573,decreased predicted RUL
FD004,46,158.8207,3,sensor_15,4.4447,4.4447,increased predicted RUL
FD004,46,158.8207,4,sensor_6,-3.958,3.958,decreased predicted RUL
FD004,46,158.8207,5,sensor_4,-3.8802,3.8802,decreased predicted RUL
FD004,46,158.8207,6,sensor_13_rolling_std,3.6032,3.6032,increased predicted RUL
FD004,46,158.8207,7,sensor_2,-3.5118,3.5118,decreased predicted RUL
FD004,46,158.8207,8,sensor_12,-3.165,3.165,decreased predicted RUL
FD004,46,158.8207,9,sensor_13_rolling_mean,-3.1115,3.1115,decreased predicted RUL
FD004,46,158.8207,10,sensor_11,-2.9849,2.9849,decreased predicted RUL
FD004,47,30.7726,1,cycle,-42.0978,42.0978,decreased predicted RUL
FD004,47,30.7726,2,sensor_13,-22.5444,22.5444,decreased predicted RUL
FD004,47,30.7726,3,sensor_15,-16.0895,16.0895,decreased predicted RUL
FD004,47,30.7726,4,sensor_11,6.4741,6.4741,increased predicted RUL
FD004,47,30.7726,5,sensor_21,-5.3349,5.3349,decreased predicted RUL
FD004,47,30.7726,6,sensor_6,-5.1905,5.1905,decreased predicted RUL
FD004,47,30.7726,7,sensor_13_rolling_mean,-3.7785,3.7785,decreased predicted RUL
FD004,47,30.7726,8,sensor_12,-3.652,3.652,decreased predicted RUL
FD004,47,30.7726,9,sensor_13_diff,3.0573,3.0573,increased predicted RUL
FD004,47,30.7726,10,sensor_15_diff,2.9866,2.9866,increased predicted RUL
FD004,48,62.6874,1,cycle,-42.1369,42.1369,decreased predicted RUL
FD004,48,62.6874,2,sensor_13,-25.5497,25.5497,decreased predicted RUL
FD004,48,62.6874,3,sensor_6,-9.4669,9.4669,decreased predicted RUL
FD004,48,62.6874,4,sensor_15,8.2455,8.2455,increased predicted RUL
FD004,48,62.6874,5,sensor_13_rolling_mean,-7.8923,7.8923,decreased predicted RUL
FD004,48,62.6874,6,sensor_11,5.2788,5.2788,increased predicted RUL
FD004,48,62.6874,7,sensor_8,-3.49,3.49,decreased predicted RUL
FD004,48,62.6874,8,sensor_15_diff,2.8634,2.8634,increased predicted RUL
FD004,48,62.6874,9,sensor_11_diff,-2.5603,2.5603,decreased predicted RUL
FD004,48,62.6874,10,sensor_21,2.4368,2.4368,increased predicted RUL
FD004,49,33.0656,1,cycle,-46.9784,46.9784,decreased predicted RUL
FD004,49,33.0656,2,sensor_13,-44.4524,44.4524,decreased predicted RUL
FD004,49,33.0656,3,sensor_21,-6.3504,6.3504,decreased predicted RUL
FD004,49,33.0656,4,sensor_4,4.691,4.691,increased predicted RUL
FD004,49,33.0656,5,sensor_4_diff,-3.0607,3.0607,decreased predicted RUL
FD004,49,33.0656,6,sensor_11,2.523,2.523,increased predicted RUL
FD004,49,33.0656,7,sensor_9,2.258,2.258,increased predicted RUL
FD004,49,33.0656,8,sensor_15,2.2102,2.2102,increased predicted RUL
FD004,49,33.0656,9,sensor_7_diff,2.209,2.209,increased predicted RUL
FD004,49,33.0656,10,sensor_11_diff,-2.1708,2.1708,decreased predicted RUL
FD004,50,123.2995,1,cycle,-35.6358,35.6358,decreased predicted RUL
FD004,50,123.2995,2,sensor_15,21.8513,21.8513,increased predicted RUL
FD004,50,123.2995,3,sensor_13,18.2236,18.2236,increased predicted RUL
FD004,50,123.2995,4,sensor_6,-15.1875,15.1875,decreased predicted RUL
FD004,50,123.2995,5,sensor_14,5.6249,5.6249,increased predicted RUL
FD004,50,123.2995,6,sensor_11,5.4637,5.4637,increased predicted RUL
FD004,50,123.2995,7,sensor_13_rolling_mean,4.0288,4.0288,increased predicted RUL
FD004,50,123.2995,8,sensor_15_rolling_mean,-3.7806,3.7806,decreased predicted RUL
FD004,50,123.2995,9,sensor_6_rolling_mean,-2.9211,2.9211,decreased predicted RUL
FD004,50,123.2995,10,sensor_15_diff,-2.8024,2.8024,decreased predicted RUL
FD004,51,191.8399,1,cycle,-33.0791,33.0791,decreased predicted RUL
FD004,51,191.8399,2,sensor_11,22.3599,22.3599,increased predicted RUL
FD004,51,191.8399,3,sensor_13,16.2272,16.2272,increased predicted RUL
FD004,51,191.8399,4,sensor_4,15.846,15.846,increased predicted RUL
FD004,51,191.8399,5,sensor_15_rolling_mean,-13.7441,13.7441,decreased predicted RUL
FD004,51,191.8399,6,sensor_2,8.9254,8.9254,increased predicted RUL
FD004,51,191.8399,7,sensor_6,8.5136,8.5136,increased predicted RUL
FD004,51,191.8399,8,sensor_15_diff,-5.9263,5.9263,decreased predicted RUL
FD004,51,191.8399,9,sensor_9,5.8788,5.8788,increased predicted RUL
FD004,51,191.8399,10,sensor_8,5.6028,5.6028,increased predicted RUL
FD004,52,291.4994,1,sensor_11,47.9798,47.9798,increased predicted RUL
FD004,52,291.4994,2,cycle,28.7584,28.7584,increased predicted RUL
FD004,52,291.4994,3,sensor_13,22.0605,22.0605,increased predicted RUL
FD004,52,291.4994,4,sensor_9,17.4832,17.4832,increased predicted RUL
FD004,52,291.4994,5,sensor_4,16.2815,16.2815,increased predicted RUL
FD004,52,291.4994,6,sensor_15,-12.8223,12.8223,decreased predicted RUL
FD004,52,291.4994,7,sensor_6,8.4561,8.4561,increased predicted RUL
FD004,52,291.4994,8,sensor_15_rolling_mean,-8.1679,8.1679,decreased predicted RUL
FD004,52,291.4994,9,sensor_13_rolling_mean,7.5043,7.5043,increased predicted RUL
FD004,52,291.4994,10,sensor_2,6.3992,6.3992,increased predicted RUL
FD004,53,155.0526,1,cycle,18.7522,18.7522,increased predicted RUL
FD004,53,155.0526,2,sensor_15,8.6885,8.6885,increased predicted RUL
FD004,53,155.0526,3,sensor_15_diff,-7.468,7.468,decreased predicted RUL
FD004,53,155.0526,4,sensor_15_rolling_mean,-5.1058,5.1058,decreased predicted RUL
FD004,53,155.0526,5,sensor_11,4.8001,4.8001,increased predicted RUL
FD004,53,155.0526,6,sensor_12,-2.8047,2.8047,decreased predicted RUL
FD004,53,155.0526,7,sensor_2,-2.6416,2.6416,decreased predicted RUL
FD004,53,155.0526,8,sensor_14,2.6016,2.6016,increased predicted RUL
FD004,53,155.0526,9,sensor_7,-2.5985,2.5985,decreased predicted RUL
FD004,53,155.0526,10,sensor_11_diff,2.5021,2.5021,increased predicted RUL
FD004,54,108.603,1,sensor_15,-29.366,29.366,decreased predicted RUL
FD004,54,108.603,2,cycle,11.288,11.288,increased predicted RUL
FD004,54,108.603,3,sensor_13,8.7678,8.7678,increased predicted RUL
FD004,54,108.603,4,sensor_15_rolling_mean,-6.1732,6.1732,decreased predicted RUL
FD004,54,108.603,5,sensor_12,-4.6447,4.6447,decreased predicted RUL
FD004,54,108.603,6,sensor_3,4.4607,4.4607,increased predicted RUL
FD004,54,108.603,7,sensor_21,-4.1605,4.1605,decreased predicted RUL
FD004,54,108.603,8,sensor_11_rolling_mean,3.7635,3.7635,increased predicted RUL
FD004,54,108.603,9,sensor_8,3.5244,3.5244,increased predicted RUL
FD004,54,108.603,10,sensor_3_rolling_std,3.4221,3.4221,increased predicted RUL
FD004,55,178.6815,1,sensor_11,33.654,33.654,increased predicted RUL
FD004,55,178.6815,2,sensor_4,22.2862,22.2862,increased predicted RUL
FD004,55,178.6815,3,sensor_15,-19.7905,19.7905,decreased predicted RUL
FD004,55,178.6815,4,sensor_13,18.425,18.425,increased predicted RUL
FD004,55,178.6815,5,cycle,-11.5352,11.5352,decreased predicted RUL
FD004,55,178.6815,6,sensor_11_diff,-10.5104,10.5104,decreased predicted RUL
FD004,55,178.6815,7,sensor_15_diff,7.3307,7.3307,increased predicted RUL
FD004,55,178.6815,8,sensor_15_rolling_mean,-7.2445,7.2445,decreased predicted RUL
FD004,55,178.6815,9,sensor_3,5.5501,5.5501,increased predicted RUL
FD004,55,178.6815,10,sensor_13_rolling_mean,5.2491,5.2491,increased predicted RUL
FD004,56,159.6093,1,cycle,-33.5908,33.5908,decreased predicted RUL
FD004,56,159.6093,2,sensor_11,14.485,14.485,increased predicted RUL
FD004,56,159.6093,3,sensor_13,12.3891,12.3891,increased predicted RUL
FD004,56,159.6093,4,sensor_4,12.0866,12.0866,increased predicted RUL
FD004,56,159.6093,5,sensor_13_rolling_std,9.188,9.188,increased predicted RUL
FD004,56,159.6093,6,sensor_6,8.2331,8.2331,increased predicted RUL
FD004,56,159.6093,7,sensor_3,5.6955,5.6955,increased predicted RUL
FD004,56,159.6093,8,sensor_2,5.1977,5.1977,increased predicted RUL
FD004,56,159.6093,9,sensor_17,3.4068,3.4068,increased predicted RUL
FD004,56,159.6093,10,sensor_15,3.134,3.134,increased predicted RUL
FD004,57,177.5756,1,cycle,-29.447,29.447,decreased predicted RUL
FD004,57,177.5756,2,sensor_15,27.0355,27.0355,increased predicted RUL
FD004,57,177.5756,3,sensor_13,17.3093,17.3093,increased predicted RUL
FD004,57,177.5756,4,sensor_13_rolling_mean,6.3057,6.3057,increased predicted RUL
FD004,57,177.5756,5,sensor_12,5.9364,5.9364,increased predicted RUL
FD004,57,177.5756,6,sensor_6,4.6856,4.6856,increased predicted RUL
FD004,57,177.5756,7,sensor_3,4.0268,4.0268,increased predicted RUL
FD004,57,177.5756,8,sensor_8,3.213,3.213,increased predicted RUL
FD004,57,177.5756,9,sensor_4_rolling_std,-2.9284,2.9284,decreased predicted RUL
FD004,57,177.5756,10,sensor_21,2.8101,2.8101,increased predicted RUL
FD004,58,11.3406,1,cycle,-40.9528,40.9528,decreased predicted RUL
FD004,58,11.3406,2,sensor_11,-29.7601,29.7601,decreased predicted RUL
FD004,58,11.3406,3,sensor_13,-28.9776,28.9776,decreased predicted RUL
FD004,58,11.3406,4,sensor_4,-11.9662,11.9662,decreased predicted RUL
FD004,58,11.3406,5,sensor_15_diff,-6.362,6.362,decreased predicted RUL
FD004,58,11.3406,6,sensor_15,6.2697,6.2697,increased predicted RUL
FD004,58,11.3406,7,sensor_2,-4.736,4.736,decreased predicted RUL
FD004,58,11.3406,8,sensor_13_rolling_mean,-4.6979,4.6979,decreased predicted RUL
FD004,58,11.3406,9,sensor_11_rolling_mean,-4.5405,4.5405,decreased predicted RUL
FD004,58,11.3406,10,sensor_8,-3.6464,3.6464,decreased predicted RUL
FD004,59,178.0157,1,cycle,39.9332,39.9332,increased predicted RUL
FD004,59,178.0157,2,sensor_13,15.9182,15.9182,increased predicted RUL
FD004,59,178.0157,3,sensor_4,8.3238,8.3238,increased predicted RUL
FD004,59,178.0157,4,sensor_15,-5.432,5.432,decreased predicted RUL
FD004,59,178.0157,5,sensor_13_diff,-5.0472,5.0472,decreased predicted RUL
FD004,59,178.0157,6,sensor_15_diff,4.7928,4.7928,increased predicted RUL
FD004,59,178.0157,7,sensor_12,-3.9912,3.9912,decreased predicted RUL
FD004,59,178.0157,8,sensor_4_diff,-3.4744,3.4744,decreased predicted RUL
FD004,59,178.0157,9,sensor_20_rolling_std,3.0786,3.0786,increased predicted RUL
FD004,59,178.0157,10,sensor_9,2.8854,2.8854,increased predicted RUL
FD004,60,130.6611,1,cycle,-35.7011,35.7011,decreased predicted RUL
FD004,60,130.6611,2,sensor_11,13.0016,13.0016,increased predicted RUL
FD004,60,130.6611,3,sensor_15,11.215,11.215,increased predicted RUL
FD004,60,130.6611,4,sensor_13,-8.2121,8.2121,decreased predicted RUL
FD004,60,130.6611,5,sensor_13_rolling_mean,-6.2516,6.2516,decreased predicted RUL
FD004,60,130.6611,6,sensor_6,6.1596,6.1596,increased predicted RUL
FD004,60,130.6611,7,sensor_4,6.1387,6.1387,increased predicted RUL
FD004,60,130.6611,8,sensor_12,5.6342,5.6342,increased predicted RUL
FD004,60,130.6611,9,sensor_14,3.7106,3.7106,increased predicted RUL
FD004,60,130.6611,10,sensor_7,3.0376,3.0376,increased predicted RUL
FD004,61,38.5262,1,sensor_13,-44.6645,44.6645,decreased predicted RUL
FD004,61,38.5262,2,cycle,-41.5669,41.5669,decreased predicted RUL
FD004,61,38.5262,3,sensor_11,10.0326,10.0326,increased predicted RUL
FD004,61,38.5262,4,sensor_11_diff,-7.4956,7.4956,decreased predicted RUL
FD004,61,38.5262,5,sensor_4,5.5078,5.5078,increased predicted RUL
FD004,61,38.5262,6,sensor_4_diff,-5.259,5.259,decreased predicted RUL
FD004,61,38.5262,7,sensor_13_rolling_mean,-5.2198,5.2198,decreased predicted RUL
FD004,61,38.5262,8,sensor_15,4.8919,4.8919,increased predicted RUL
FD004,61,38.5262,9,sensor_6,-4.6601,4.6601,decreased predicted RUL
FD004,61,38.5262,10,sensor_21,-3.6711,3.6711,decreased predicted RUL
FD004,62,34.0018,1,sensor_15,-49.2981,49.2981,decreased predicted RUL
FD004,62,34.0018,2,cycle,-38.9805,38.9805,decreased predicted RUL
FD004,62,34.0018,3,sensor_11,16.4053,16.4053,increased predicted RUL
FD004,62,34.0018,4,sensor_6,-13.0624,13.0624,decreased predicted RUL
FD004,62,34.0018,5,sensor_4,10.7064,10.7064,increased predicted RUL
FD004,62,34.0018,6,sensor_13,8.4278,8.4278,increased predicted RUL
FD004,62,34.0018,7,sensor_11_diff,-7.4767,7.4767,decreased predicted RUL
FD004,62,34.0018,8,sensor_7,-6.5957,6.5957,decreased predicted RUL
FD004,62,34.0018,9,sensor_8,-5.3967,5.3967,decreased predicted RUL
FD004,62,34.0018,10,sensor_6_rolling_mean,-4.0086,4.0086,decreased predicted RUL
FD004,63,132.4695,1,cycle,-29.1465,29.1465,decreased predicted RUL
FD004,63,132.4695,2,sensor_15,26.8449,26.8449,increased predicted RUL
FD004,63,132.4695,3,sensor_13,14.5761,14.5761,increased predicted RUL
FD004,63,132.4695,4,sensor_12,6.1195,6.1195,increased predicted RUL
FD004,63,132.4695,5,sensor_15_diff,-5.9446,5.9446,decreased predicted RUL
FD004,63,132.4695,6,sensor_11,-5.2554,5.2554,decreased predicted RUL
FD004,63,132.4695,7,sensor_21,5.0267,5.0267,increased predicted RUL
FD004,63,132.4695,8,sensor_9,-4.5957,4.5957,decreased predicted RUL
FD004,63,132.4695,9,sensor_14,-4.4745,4.4745,decreased predicted RUL
FD004,63,132.4695,10,sensor_13_rolling_mean,-3.6178,3.6178,decreased predicted RUL
FD004,64,80.2713,1,sensor_15,-42.4179,42.4179,decreased predicted RUL
FD004,64,80.2713,2,cycle,-33.746,33.746,decreased predicted RUL
FD004,64,80.2713,3,sensor_11,26.2269,26.2269,increased predicted RUL
FD004,64,80.2713,4,sensor_13,10.3195,10.3195,increased predicted RUL
FD004,64,80.2713,5,sensor_4,8.933,8.933,increased predicted RUL
FD004,64,80.2713,6,sensor_11_diff,-5.9705,5.9705,decreased predicted RUL
FD004,64,80.2713,7,sensor_17,5.2927,5.2927,increased predicted RUL
FD004,64,80.2713,8,sensor_12,-4.6112,4.6112,decreased predicted RUL
FD004,64,80.2713,9,sensor_8,-4.5864,4.5864,decreased predicted RUL
FD004,64,80.2713,10,sensor_15_diff,4.2709,4.2709,increased predicted RUL
FD004,65,16.0785,1,cycle,-51.1248,51.1248,decreased predicted RUL
FD004,65,16.0785,2,sensor_13,-45.6163,45.6163,decreased predicted RUL
FD004,65,16.0785,3,sensor_6,-10.2343,10.2343,decreased predicted RUL
FD004,65,16.0785,4,sensor_13_rolling_mean,-6.388,6.388,decreased predicted RUL
FD004,65,16.0785,5,sensor_15,4.3901,4.3901,increased predicted RUL
FD004,65,16.0785,6,sensor_8,-3.7504,3.7504,decreased predicted RUL
FD004,65,16.0785,7,sensor_13_rolling_std,3.7126,3.7126,increased predicted RUL
FD004,65,16.0785,8,sensor_4,-3.3475,3.3475,decreased predicted RUL
FD004,65,16.0785,9,sensor_20_rolling_mean,-2.8815,2.8815,decreased predicted RUL
FD004,65,16.0785,10,sensor_6_rolling_mean,-2.5674,2.5674,decreased predicted RUL
FD004,66,94.0591,1,sensor_13,-16.6474,16.6474,decreased predicted RUL
FD004,66,94.0591,2,cycle,-13.8304,13.8304,decreased predicted RUL
FD004,66,94.0591,3,sensor_15_diff,-11.5753,11.5753,decreased predicted RUL
FD004,66,94.0591,4,sensor_15,6.7591,6.7591,increased predicted RUL
FD004,66,94.0591,5,sensor_4,-5.4074,5.4074,decreased predicted RUL
FD004,66,94.0591,6,sensor_13_rolling_mean,5.1893,5.1893,increased predicted RUL
FD004,66,94.0591,7,sensor_11,-5.0934,5.0934,decreased predicted RUL
FD004,66,94.0591,8,sensor_13_diff,4.8553,4.8553,increased predicted RUL
FD004,66,94.0591,9,sensor_10_diff,4.2785,4.2785,increased predicted RUL
FD004,66,94.0591,10,sensor_4_rolling_std,-3.4598,3.4598,decreased predicted RUL
FD004,67,51.8274,1,cycle,-34.1754,34.1754,decreased predicted RUL
FD004,67,51.8274,2,sensor_15,-22.4131,22.4131,decreased predicted RUL
FD004,67,51.8274,3,sensor_13,19.4345,19.4345,increased predicted RUL
FD004,67,51.8274,4,sensor_4,-10.1041,10.1041,decreased predicted RUL
FD004,67,51.8274,5,sensor_6,-8.372,8.372,decreased predicted RUL
FD004,67,51.8274,6,sensor_15_diff,-6.9522,6.9522,decreased predicted RUL
FD004,67,51.8274,7,sensor_21,-6.2285,6.2285,decreased predicted RUL
FD004,67,51.8274,8,sensor_4_rolling_std,-4.5607,4.5607,decreased predicted RUL
FD004,67,51.8274,9,sensor_12,-3.811,3.811,decreased predicted RUL
FD004,67,51.8274,10,sensor_8,3.4891,3.4891,increased predicted RUL
FD004,68,39.3656,1,cycle,-33.9789,33.9789,decreased predicted RUL
FD004,68,39.3656,2,sensor_9,-20.8436,20.8436,decreased predicted RUL
FD004,68,39.3656,3,sensor_11,-15.6717,15.6717,decreased predicted RUL
FD004,68,39.3656,4,sensor_4,-11.8982,11.8982,decreased predicted RUL
FD004,68,39.3656,5,sensor_15,10.904,10.904,increased predicted RUL
FD004,68,39.3656,6,sensor_14,-10.5717,10.5717,decreased predicted RUL
FD004,68,39.3656,7,sensor_15_diff,-4.8101,4.8101,decreased predicted RUL
FD004,68,39.3656,8,sensor_13_rolling_mean,-4.7151,4.7151,decreased predicted RUL
FD004,68,39.3656,9,sensor_13,4.5569,4.5569,increased predicted RUL
FD004,68,39.3656,10,sensor_12,3.332,3.332,increased predicted RUL
FD004,69,18.3311,1,cycle,-43.4791,43.4791,decreased predicted RUL
FD004,69,18.3311,2,sensor_13,-37.3935,37.3935,decreased predicted RUL
FD004,69,18.3311,3,sensor_11,-6.2175,6.2175,decreased predicted RUL
FD004,69,18.3311,4,sensor_15_diff,4.1439,4.1439,increased predicted RUL
FD004,69,18.3311,5,sensor_4,-3.7743,3.7743,decreased predicted RUL
FD004,69,18.3311,6,sensor_11_rolling_mean,-3.4473,3.4473,decreased predicted RUL
FD004,69,18.3311,7,sensor_13_rolling_mean,-3.353,3.353,decreased predicted RUL
FD004,69,18.3311,8,sensor_2,-2.9405,2.9405,decreased predicted RUL
FD004,69,18.3311,9,sensor_13_diff,2.8439,2.8439,increased predicted RUL
FD004,69,18.3311,10,sensor_15,-2.832,2.832,decreased predicted RUL
FD004,70,40.834,1,cycle,-47.4584,47.4584,decreased predicted RUL
FD004,70,40.834,2,sensor_13,-41.8327,41.8327,decreased predicted RUL
FD004,70,40.834,3,sensor_11,12.7298,12.7298,increased predicted RUL
FD004,70,40.834,4,sensor_11_diff,-8.9446,8.9446,decreased predicted RUL
FD004,70,40.834,5,sensor_6,-6.4595,6.4595,decreased predicted RUL
FD004,70,40.834,6,sensor_21,-4.6659,4.6659,decreased predicted RUL
FD004,70,40.834,7,sensor_15_diff,4.5602,4.5602,increased predicted RUL
FD004,70,40.834,8,sensor_4,3.3291,3.3291,increased predicted RUL
FD004,70,40.834,9,sensor_9,-3.1426,3.1426,decreased predicted RUL
FD004,70,40.834,10,sensor_4_diff,-3.1318,3.1318,decreased predicted RUL
FD004,71,15.8001,1,sensor_15,-53.5474,53.5474,decreased predicted RUL
FD004,71,15.8001,2,cycle,-40.2596,40.2596,decreased predicted RUL
FD004,71,15.8001,3,sensor_11,11.2167,11.2167,increased predicted RUL
FD004,71,15.8001,4,sensor_6,-9.8889,9.8889,decreased predicted RUL
FD004,71,15.8001,5,sensor_4,7.6901,7.6901,increased predicted RUL
FD004,71,15.8001,6,sensor_7,-7.68,7.68,decreased predicted RUL
FD004,71,15.8001,7,sensor_11_diff,-6.9952,6.9952,decreased predicted RUL
FD004,71,15.8001,8,sensor_12,-6.2945,6.2945,decreased predicted RUL
FD004,71,15.8001,9,sensor_13_diff,-5.7939,5.7939,decreased predicted RUL
FD004,71,15.8001,10,sensor_13,3.9783,3.9783,increased predicted RUL
FD004,72,182.7328,1,sensor_15,34.7522,34.7522,increased predicted RUL
FD004,72,182.7328,2,cycle,-28.6027,28.6027,decreased predicted RUL
FD004,72,182.7328,3,sensor_13,23.9383,23.9383,increased predicted RUL
FD004,72,182.7328,4,sensor_15_diff,-6.6081,6.6081,decreased predicted RUL
FD004,72,182.7328,5,sensor_12,5.9022,5.9022,increased predicted RUL
FD004,72,182.7328,6,sensor_6,5.4501,5.4501,increased predicted RUL
FD004,72,182.7328,7,sensor_20,4.8916,4.8916,increased predicted RUL
FD004,72,182.7328,8,sensor_4,-4.7261,4.7261,decreased predicted RUL
FD004,72,182.7328,9,sensor_21,4.6272,4.6272,increased predicted RUL
FD004,72,182.7328,10,sensor_14,3.335,3.335,increased predicted RUL
FD004,73,34.9804,1,cycle,-40.119,40.119,decreased predicted RUL
FD004,73,34.9804,2,sensor_13,-21.9366,21.9366,decreased predicted RUL
FD004,73,34.9804,3,sensor_15,-14.4746,14.4746,decreased predicted RUL
FD004,73,34.9804,4,sensor_11,13.4,13.4,increased predicted RUL
FD004,73,34.9804,5,sensor_15_rolling_mean,-11.73,11.73,decreased predicted RUL
FD004,73,34.9804,6,sensor_15_diff,-6.072,6.072,decreased predicted RUL
FD004,73,34.9804,7,sensor_21,-5.0747,5.0747,decreased predicted RUL
FD004,73,34.9804,8,sensor_6,-4.8705,4.8705,decreased predicted RUL
FD004,73,34.9804,9,sensor_4_rolling_mean,4.7511,4.7511,increased predicted RUL
FD004,73,34.9804,10,sensor_7,-3.9161,3.9161,decreased predicted RUL
FD004,74,127.2312,1,cycle,-38.2537,38.2537,decreased predicted RUL
FD004,74,127.2312,2,sensor_15,22.5939,22.5939,increased predicted RUL
FD004,74,127.2312,3,sensor_13,19.932,19.932,increased predicted RUL
FD004,74,127.2312,4,sensor_6,-11.3525,11.3525,decreased predicted RUL
FD004,74,127.2312,5,sensor_11,5.9746,5.9746,increased predicted RUL
FD004,74,127.2312,6,sensor_14,5.0148,5.0148,increased predicted RUL
FD004,74,127.2312,7,sensor_15_diff,3.6877,3.6877,increased predicted RUL
FD004,74,127.2312,8,sensor_4,3.3449,3.3449,increased predicted RUL
FD004,74,127.2312,9,sensor_13_rolling_mean,2.3845,2.3845,increased predicted RUL
FD004,74,127.2312,10,sensor_13_rolling_std,-2.3641,2.3641,decreased predicted RUL
FD004,75,142.2007,1,cycle,-32.6419,32.6419,decreased predicted RUL
FD004,75,142.2007,2,sensor_11,21.2183,21.2183,increased predicted RUL
FD004,75,142.2007,3,sensor_4,16.1902,16.1902,increased predicted RUL
FD004,75,142.2007,4,sensor_13,-15.2317,15.2317,decreased predicted RUL
FD004,75,142.2007,5,sensor_8,7.9095,7.9095,increased predicted RUL
FD004,75,142.2007,6,sensor_13_rolling_mean,-6.7574,6.7574,decreased predicted RUL
FD004,75,142.2007,7,sensor_3,6.3698,6.3698,increased predicted RUL
FD004,75,142.2007,8,sensor_2,5.8945,5.8945,increased predicted RUL
FD004,75,142.2007,9,sensor_9,5.7255,5.7255,increased predicted RUL
FD004,75,142.2007,10,sensor_15,5.6117,5.6117,increased predicted RUL
FD004,76,205.1127,1,cycle,31.5589,31.5589,increased predicted RUL
FD004,76,205.1127,2,sensor_13,9.8638,9.8638,increased predicted RUL
FD004,76,205.1127,3,sensor_6,7.892,7.892,increased predicted RUL
FD004,76,205.1127,4,sensor_3,6.7284,6.7284,increased predicted RUL
FD004,76,205.1127,5,sensor_11,6.6211,6.6211,increased predicted RUL
FD004,76,205.1127,6,sensor_4,4.9837,4.9837,increased predicted RUL
FD004,76,205.1127,7,sensor_13_rolling_mean,4.7308,4.7308,increased predicted RUL
FD004,76,205.1127,8,sensor_12,-4.5403,4.5403,decreased predicted RUL
FD004,76,205.1127,9,sensor_17,3.9922,3.9922,increased predicted RUL
FD004,76,205.1127,10,sensor_2,3.8957,3.8957,increased predicted RUL
FD004,77,71.9563,1,sensor_15,-40.0886,40.0886,decreased predicted RUL
FD004,77,71.9563,2,cycle,-20.7747,20.7747,decreased predicted RUL
FD004,77,71.9563,3,sensor_13,19.3334,19.3334,increased predicted RUL
FD004,77,71.9563,4,sensor_6,-6.0697,6.0697,decreased predicted RUL
FD004,77,71.9563,5,sensor_21,-5.0847,5.0847,decreased predicted RUL
FD004,77,71.9563,6,sensor_4,-4.4995,4.4995,decreased predicted RUL
FD004,77,71.9563,7,sensor_9,4.4761,4.4761,increased predicted RUL
FD004,77,71.9563,8,sensor_11,3.3703,3.3703,increased predicted RUL
FD004,77,71.9563,9,sensor_3,3.2271,3.2271,increased predicted RUL
FD004,77,71.9563,10,sensor_4_diff,3.1504,3.1504,increased predicted RUL
FD004,78,123.2278,1,cycle,-17.7619,17.7619,decreased predicted RUL
FD004,78,123.2278,2,sensor_13,14.18,14.18,increased predicted RUL
FD004,78,123.2278,3,sensor_15,11.5176,11.5176,increased predicted RUL
FD004,78,123.2278,4,sensor_4,-3.4662,3.4662,decreased predicted RUL
FD004,78,123.2278,5,sensor_14,3.3931,3.3931,increased predicted RUL
FD004,78,123.2278,6,sensor_15_diff,-2.7236,2.7236,decreased predicted RUL
FD004,78,123.2278,7,sensor_9,2.7189,2.7189,increased predicted RUL
FD004,78,123.2278,8,sensor_6_rolling_mean,-2.6329,2.6329,decreased predicted RUL
FD004,78,123.2278,9,sensor_7,-2.4545,2.4545,decreased predicted RUL
FD004,78,123.2278,10,sensor_12,-2.3656,2.3656,decreased predicted RUL
FD004,79,138.7831,1,sensor_11,37.224,37.224,increased predicted RUL
FD004,79,138.7831,2,cycle,-34.1698,34.1698,decreased predicted RUL
FD004,79,138.7831,3,sensor_15,-27.8604,27.8604,decreased predicted RUL
FD004,79,138.7831,4,sensor_4,20.5933,20.5933,increased predicted RUL
FD004,79,138.7831,5,sensor_13,16.5002,16.5002,increased predicted RUL
FD004,79,138.7831,6,sensor_11_diff,-8.1046,8.1046,decreased predicted RUL
FD004,79,138.7831,7,sensor_4_diff,-7.8336,7.8336,decreased predicted RUL
FD004,79,138.7831,8,sensor_17,5.0477,5.0477,increased predicted RUL
FD004,79,138.7831,9,sensor_15_diff,4.3017,4.3017,increased predicted RUL
FD004,79,138.7831,10,sensor_14_diff,4.0737,4.0737,increased predicted RUL
FD004,80,90.8709,1,cycle,-24.3108,24.3108,decreased predicted RUL
FD004,80,90.8709,2,sensor_13,-21.32,21.32,decreased predicted RUL
FD004,80,90.8709,3,sensor_11,20.6983,20.6983,increased predicted RUL
FD004,80,90.8709,4,sensor_4,10.6928,10.6928,increased predicted RUL
FD004,80,90.8709,5,sensor_11_diff,-9.7909,9.7909,decreased predicted RUL
FD004,80,90.8709,6,sensor_15_diff,5.9342,5.9342,increased predicted RUL
FD004,80,90.8709,7,sensor_4_diff,-4.7137,4.7137,decreased predicted RUL
FD004,80,90.8709,8,sensor_13_diff,3.3617,3.3617,increased predicted RUL
FD004,80,90.8709,9,sensor_12,-3.155,3.155,decreased predicted RUL
FD004,80,90.8709,10,sensor_13_rolling_std,-2.3549,2.3549,decreased predicted RUL
FD004,81,152.1534,1,cycle,27.4971,27.4971,increased predicted RUL
FD004,81,152.1534,2,sensor_15,14.6939,14.6939,increased predicted RUL
FD004,81,152.1534,3,sensor_6,-11.3754,11.3754,decreased predicted RUL
FD004,81,152.1534,4,sensor_12,7.1545,7.1545,increased predicted RUL
FD004,81,152.1534,5,sensor_4,-6.5705,6.5705,decreased predicted RUL
FD004,81,152.1534,6,sensor_7,5.7748,5.7748,increased predicted RUL
FD004,81,152.1534,7,sensor_14,-5.6532,5.6532,decreased predicted RUL
FD004,81,152.1534,8,sensor_9,-4.7046,4.7046,decreased predicted RUL
FD004,81,152.1534,9,sensor_20,4.5824,4.5824,increased predicted RUL
FD004,81,152.1534,10,sensor_11,-4.2038,4.2038,decreased predicted RUL
FD004,82,19.8042,1,sensor_15,-73.7837,73.7837,decreased predicted RUL
FD004,82,19.8042,2,cycle,-36.6901,36.6901,decreased predicted RUL
FD004,82,19.8042,3,sensor_11_diff,-7.793,7.793,decreased predicted RUL
FD004,82,19.8042,4,sensor_6,-6.3625,6.3625,decreased predicted RUL
FD004,82,19.8042,5,sensor_13,5.9764,5.9764,increased predicted RUL
FD004,82,19.8042,6,sensor_15_diff,4.9913,4.9913,increased predicted RUL
FD004,82,19.8042,7,sensor_11,4.3006,4.3006,increased predicted RUL
FD004,82,19.8042,8,sensor_9,4.1926,4.1926,increased predicted RUL
FD004,82,19.8042,9,sensor_4,4.0979,4.0979,increased predicted RUL
FD004,82,19.8042,10,sensor_13_diff,-3.6759,3.6759,decreased predicted RUL
FD004,83,126.9595,1,cycle,-31.4013,31.4013,decreased predicted RUL
FD004,83,126.9595,2,sensor_11,19.316,19.316,increased predicted RUL
FD004,83,126.9595,3,sensor_13,-18.4097,18.4097,decreased predicted RUL
FD004,83,126.9595,4,sensor_4,12.1175,12.1175,increased predicted RUL
FD004,83,126.9595,5,sensor_8,7.6191,7.6191,increased predicted RUL
FD004,83,126.9595,6,sensor_3,5.059,5.059,increased predicted RUL
FD004,83,126.9595,7,sensor_2,4.898,4.898,increased predicted RUL
FD004,83,126.9595,8,sensor_15,4.6359,4.6359,increased predicted RUL
FD004,83,126.9595,9,sensor_9,3.244,3.244,increased predicted RUL
FD004,83,126.9595,10,sensor_13_rolling_mean,-2.9905,2.9905,decreased predicted RUL
FD004,84,199.368,1,sensor_15,20.2135,20.2135,increased predicted RUL
FD004,84,199.368,2,sensor_13,15.8188,15.8188,increased predicted RUL
FD004,84,199.368,3,sensor_6,9.0305,9.0305,increased predicted RUL
FD004,84,199.368,4,sensor_11,8.8153,8.8153,increased predicted RUL
FD004,84,199.368,5,sensor_14,4.5999,4.5999,increased predicted RUL
FD004,84,199.368,6,sensor_11_diff,3.0052,3.0052,increased predicted RUL
FD004,84,199.368,7,sensor_3,2.4465,2.4465,increased predicted RUL
FD004,84,199.368,8,sensor_13_rolling_mean,-2.3371,2.3371,decreased predicted RUL
FD004,84,199.368,9,sensor_21,2.2597,2.2597,increased predicted RUL
FD004,84,199.368,10,sensor_13_rolling_std,2.1886,2.1886,increased predicted RUL
FD004,85,158.5952,1,cycle,-36.116,36.116,decreased predicted RUL
FD004,85,158.5952,2,sensor_15,23.3784,23.3784,increased predicted RUL
FD004,85,158.5952,3,sensor_13,15.1248,15.1248,increased predicted RUL
FD004,85,158.5952,4,sensor_11,4.7493,4.7493,increased predicted RUL
FD004,85,158.5952,5,sensor_14,3.9473,3.9473,increased predicted RUL
FD004,85,158.5952,6,sensor_21,3.864,3.864,increased predicted RUL
FD004,85,158.5952,7,sensor_13_rolling_std,3.7267,3.7267,increased predicted RUL
FD004,85,158.5952,8,sensor_11_rolling_mean,-3.2539,3.2539,decreased predicted RUL
FD004,85,158.5952,9,sensor_6_rolling_mean,-2.8829,2.8829,decreased predicted RUL
FD004,85,158.5952,10,sensor_12,2.8119,2.8119,increased predicted RUL
FD004,86,57.4472,1,sensor_13,-38.4643,38.4643,decreased predicted RUL
FD004,86,57.4472,2,cycle,-37.8766,37.8766,decreased predicted RUL
FD004,86,57.4472,3,sensor_4,8.7763,8.7763,increased predicted RUL
FD004,86,57.4472,4,sensor_15_rolling_mean,-5.8535,5.8535,decreased predicted RUL
FD004,86,57.4472,5,sensor_21,-5.2075,5.2075,decreased predicted RUL
FD004,86,57.4472,6,sensor_15,4.1482,4.1482,increased predicted RUL
FD004,86,57.4472,7,sensor_13_rolling_mean,3.6416,3.6416,increased predicted RUL
FD004,86,57.4472,8,sensor_11_rolling_mean,3.4874,3.4874,increased predicted RUL
FD004,86,57.4472,9,sensor_11_diff,3.211,3.211,increased predicted RUL
FD004,86,57.4472,10,sensor_3,3.0547,3.0547,increased predicted RUL
FD004,87,133.2956,1,cycle,-39.4369,39.4369,decreased predicted RUL
FD004,87,133.2956,2,sensor_11,18.0715,18.0715,increased predicted RUL
FD004,87,133.2956,3,sensor_13,-13.9268,13.9268,decreased predicted RUL
FD004,87,133.2956,4,sensor_4,13.902,13.902,increased predicted RUL
FD004,87,133.2956,5,sensor_4_rolling_mean,7.1717,7.1717,increased predicted RUL
FD004,87,133.2956,6,sensor_8,6.9018,6.9018,increased predicted RUL
FD004,87,133.2956,7,sensor_15_rolling_mean,-5.6509,5.6509,decreased predicted RUL
FD004,87,133.2956,8,sensor_13_rolling_mean,5.137,5.137,increased predicted RUL
FD004,87,133.2956,9,sensor_3,5.0426,5.0426,increased predicted RUL
FD004,87,133.2956,10,sensor_15,4.5924,4.5924,increased predicted RUL
FD004,88,76.8748,1,cycle,-29.6565,29.6565,decreased predicted RUL
FD004,88,76.8748,2,sensor_15,-13.1244,13.1244,decreased predicted RUL
FD004,88,76.8748,3,sensor_4,8.527,8.527,increased predicted RUL
FD004,88,76.8748,4,sensor_11,6.7958,6.7958,increased predicted RUL
FD004,88,76.8748,5,sensor_6,-5.1236,5.1236,decreased predicted RUL
FD004,88,76.8748,6,sensor_11_diff,-4.5414,4.5414,decreased predicted RUL
FD004,88,76.8748,7,sensor_7,-4.3401,4.3401,decreased predicted RUL
FD004,88,76.8748,8,sensor_4_diff,-3.9237,3.9237,decreased predicted RUL
FD004,88,76.8748,9,sensor_20_rolling_mean,-3.0338,3.0338,decreased predicted RUL
FD004,88,76.8748,10,sensor_13,2.9544,2.9544,increased predicted RUL
FD004,89,64.9905,1,sensor_15,-46.4726,46.4726,decreased predicted RUL
FD004,89,64.9905,2,cycle,-33.9668,33.9668,decreased predicted RUL
FD004,89,64.9905,3,sensor_11,17.1411,17.1411,increased predicted RUL
FD004,89,64.9905,4,sensor_13,9.7243,9.7243,increased predicted RUL
FD004,89,64.9905,5,sensor_4,9.4323,9.4323,increased predicted RUL
FD004,89,64.9905,6,sensor_11_diff,-6.5524,6.5524,decreased predicted RUL
FD004,89,64.9905,7,sensor_6,-6.0486,6.0486,decreased predicted RUL
FD004,89,64.9905,8,sensor_7,-6.0075,6.0075,decreased predicted RUL
FD004,89,64.9905,9,sensor_3,5.1859,5.1859,increased predicted RUL
FD004,89,64.9905,10,sensor_12,-4.767,4.767,decreased predicted RUL
FD004,90,81.344,1,cycle,-29.7938,29.7938,decreased predicted RUL
FD004,90,81.344,2,sensor_11,-20.0046,20.0046,decreased predicted RUL
FD004,90,81.344,3,sensor_4,-10.054,10.054,decreased predicted RUL
FD004,90,81.344,4,sensor_15,8.9222,8.9222,increased predicted RUL
FD004,90,81.344,5,sensor_7,4.1616,4.1616,increased predicted RUL
FD004,90,81.344,6,sensor_9,4.0732,4.0732,increased predicted RUL
FD004,90,81.344,7,sensor_17,-3.0701,3.0701,decreased predicted RUL
FD004,90,81.344,8,sensor_13_diff,-3.0045,3.0045,decreased predicted RUL
FD004,90,81.344,9,sensor_12,2.8893,2.8893,increased predicted RUL
FD004,90,81.344,10,sensor_2,-2.8766,2.8766,decreased predicted RUL
FD004,91,42.1718,1,cycle,-38.9095,38.9095,decreased predicted RUL
FD004,91,42.1718,2,sensor_13,-32.4546,32.4546,decreased predicted RUL
FD004,91,42.1718,3,sensor_11,12.8795,12.8795,increased predicted RUL
FD004,91,42.1718,4,sensor_15_diff,-5.4881,5.4881,decreased predicted RUL
FD004,91,42.1718,5,sensor_15_rolling_mean,-4.1223,4.1223,decreased predicted RUL
FD004,91,42.1718,6,sensor_6,-3.6021,3.6021,decreased predicted RUL
FD004,91,42.1718,7,sensor_9,-3.334,3.334,decreased predicted RUL
FD004,91,42.1718,8,sensor_15,-3.021,3.021,decreased predicted RUL
FD004,91,42.1718,9,sensor_4,2.5646,2.5646,increased predicted RUL
FD004,91,42.1718,10,sensor_11_rolling_mean,2.4609,2.4609,increased predicted RUL
FD004,92,121.0979,1,cycle,-29.0149,29.0149,decreased predicted RUL
FD004,92,121.0979,2,sensor_11,23.1428,23.1428,increased predicted RUL
FD004,92,121.0979,3,sensor_13,-18.4922,18.4922,decreased predicted RUL
FD004,92,121.0979,4,sensor_4,13.8676,13.8676,increased predicted RUL
FD004,92,121.0979,5,sensor_13_rolling_mean,-5.4515,5.4515,decreased predicted RUL
FD004,92,121.0979,6,sensor_3,5.415,5.415,increased predicted RUL
FD004,92,121.0979,7,sensor_2,4.1564,4.1564,increased predicted RUL
FD004,92,121.0979,8,sensor_11_diff,-4.0439,4.0439,decreased predicted RUL
FD004,92,121.0979,9,sensor_21_diff,3.5159,3.5159,increased predicted RUL
FD004,92,121.0979,10,sensor_21,-3.2028,3.2028,decreased predicted RUL
FD004,93,165.3958,1,cycle,-30.6315,30.6315,decreased predicted RUL
FD004,93,165.3958,2,sensor_4,17.1993,17.1993,increased predicted RUL
FD004,93,165.3958,3,sensor_13,15.8485,15.8485,increased predicted RUL
FD004,93,165.3958,4,sensor_15_rolling_mean,-15.6069,15.6069,decreased predicted RUL
FD004,93,165.3958,5,sensor_11,13.6678,13.6678,increased predicted RUL
FD004,93,165.3958,6,sensor_6,12.257,12.257,increased predicted RUL
FD004,93,165.3958,7,sensor_4_rolling_mean,6.8945,6.8945,increased predicted RUL
FD004,93,165.3958,8,sensor_9,5.1089,5.1089,increased predicted RUL
FD004,93,165.3958,9,sensor_12,-3.6403,3.6403,decreased predicted RUL
FD004,93,165.3958,10,sensor_3_rolling_mean,3.4577,3.4577,increased predicted RUL
FD004,94,153.9168,1,sensor_11,34.6818,34.6818,increased predicted RUL
FD004,94,153.9168,2,sensor_15,-27.3843,27.3843,decreased predicted RUL
FD004,94,153.9168,3,sensor_4,19.1073,19.1073,increased predicted RUL
FD004,94,153.9168,4,sensor_13,16.0891,16.0891,increased predicted RUL
FD004,94,153.9168,5,cycle,-15.3308,15.3308,decreased predicted RUL
FD004,94,153.9168,6,sensor_2,7.3533,7.3533,increased predicted RUL
FD004,94,153.9168,7,sensor_6,-6.6998,6.6998,decreased predicted RUL
FD004,94,153.9168,8,sensor_15_diff,5.4083,5.4083,increased predicted RUL
FD004,94,153.9168,9,sensor_11_diff,-4.6768,4.6768,decreased predicted RUL
FD004,94,153.9168,10,sensor_3,4.4584,4.4584,increased predicted RUL
FD004,95,99.8094,1,cycle,-22.993,22.993,decreased predicted RUL
FD004,95,99.8094,2,sensor_13,-14.3264,14.3264,decreased predicted RUL
FD004,95,99.8094,3,sensor_15,11.6657,11.6657,increased predicted RUL
FD004,95,99.8094,4,sensor_4,-5.4115,5.4115,decreased predicted RUL
FD004,95,99.8094,5,sensor_15_diff,-3.702,3.702,decreased predicted RUL
FD004,95,99.8094,6,sensor_11,-2.4519,2.4519,decreased predicted RUL
FD004,95,99.8094,7,sensor_13_diff,2.3524,2.3524,increased predicted RUL
FD004,95,99.8094,8,sensor_6_rolling_mean,-2.0812,2.0812,decreased predicted RUL
FD004,95,99.8094,9,sensor_14,1.916,1.916,increased predicted RUL
FD004,95,99.8094,10,sensor_20_rolling_mean,-1.8966,1.8966,decreased predicted RUL
FD004,96,100.8607,1,cycle,-31.187,31.187,decreased predicted RUL
FD004,96,100.8607,2,sensor_4,12.6252,12.6252,increased predicted RUL
FD004,96,100.8607,3,sensor_15,-12.6216,12.6216,decreased predicted RUL
FD004,96,100.8607,4,sensor_13,-7.7309,7.7309,decreased predicted RUL
FD004,96,100.8607,5,sensor_3,6.4976,6.4976,increased predicted RUL
FD004,96,100.8607,6,sensor_11,6.0375,6.0375,increased predicted RUL
FD004,96,100.8607,7,sensor_21,-4.8373,4.8373,decreased predicted RUL
FD004,96,100.8607,8,sensor_6,-4.5638,4.5638,decreased predicted RUL
FD004,96,100.8607,9,sensor_2,3.6677,3.6677,increased predicted RUL
FD004,96,100.8607,10,sensor_15_diff,3.5202,3.5202,increased predicted RUL
FD004,97,139.7169,1,cycle,41.9741,41.9741,increased predicted RUL
FD004,97,139.7169,2,sensor_6,-15.8239,15.8239,decreased predicted RUL
FD004,97,139.7169,3,sensor_15,9.6287,9.6287,increased predicted RUL
FD004,97,139.7169,4,sensor_11,-9.3547,9.3547,decreased predicted RUL
FD004,97,139.7169,5,sensor_13,-8.9915,8.9915,decreased predicted RUL
FD004,97,139.7169,6,sensor_4,-6.4485,6.4485,decreased predicted RUL
FD004,97,139.7169,7,sensor_12,5.8266,5.8266,increased predicted RUL
FD004,97,139.7169,8,sensor_11_rolling_mean,-4.9839,4.9839,decreased predicted RUL
FD004,97,139.7169,9,sensor_13_rolling_mean,-4.2989,4.2989,decreased predicted RUL
FD004,97,139.7169,10,sensor_8,-2.9206,2.9206,decreased predicted RUL
FD004,98,141.3301,1,sensor_11,16.248,16.248,increased predicted RUL
FD004,98,141.3301,2,sensor_13,-7.0267,7.0267,decreased predicted RUL
FD004,98,141.3301,3,cycle,6.9295,6.9295,increased predicted RUL
FD004,98,141.3301,4,sensor_4,5.6843,5.6843,increased predicted RUL
FD004,98,141.3301,5,sensor_12,-3.6894,3.6894,decreased predicted RUL
FD004,98,141.3301,6,sensor_7,-3.6711,3.6711,decreased predicted RUL
FD004,98,141.3301,7,sensor_13_rolling_mean,-3.1971,3.1971,decreased predicted RUL
FD004,98,141.3301,8,sensor_13_rolling_std,2.3191,2.3191,increased predicted RUL
FD004,98,141.3301,9,sensor_11_diff,-2.1918,2.1918,decreased predicted RUL
FD004,98,141.3301,10,sensor_21,-1.9112,1.9112,decreased predicted RUL
FD004,99,42.1126,1,cycle,-46.8557,46.8557,decreased predicted RUL
FD004,99,42.1126,2,sensor_13,-34.0196,34.0196,decreased predicted RUL
FD004,99,42.1126,3,sensor_6,-13.8973,13.8973,decreased predicted RUL
FD004,99,42.1126,4,sensor_11,10.274,10.274,increased predicted RUL
FD004,99,42.1126,5,sensor_4,5.7746,5.7746,increased predicted RUL
FD004,99,42.1126,6,sensor_13_rolling_mean,-5.6614,5.6614,decreased predicted RUL
FD004,99,42.1126,7,sensor_21,-3.5469,3.5469,decreased predicted RUL
FD004,99,42.1126,8,sensor_3,3.4264,3.4264,increased predicted RUL
FD004,99,42.1126,9,sensor_20_rolling_mean,-2.2758,2.2758,decreased predicted RUL
FD004,99,42.1126,10,sensor_7,-2.0672,2.0672,decreased predicted RUL
FD004,100,11.6915,1,sensor_13,-51.0687,51.0687,decreased predicted RUL
FD004,100,11.6915,2,cycle,-50.7255,50.7255,decreased predicted RUL
FD004,100,11.6915,3,sensor_13_rolling_mean,-6.8655,6.8655,decreased predicted RUL
FD004,100,11.6915,4,sensor_6,-4.3657,4.3657,decreased predicted RUL
FD004,100,11.6915,5,sensor_15,4.3571,4.3571,increased predicted RUL
FD004,100,11.6915,6,sensor_11,-3.3886,3.3886,decreased predicted RUL
FD004,100,11.6915,7,sensor_8,-3.0405,3.0405,decreased predicted RUL
FD004,100,11.6915,8,sensor_11_rolling_mean,-2.9453,2.9453,decreased predicted RUL
FD004,100,11.6915,9,sensor_4,-2.7565,2.7565,decreased predicted RUL
FD004,100,11.6915,10,sensor_15_rolling_mean,2.5726,2.5726,increased predicted RUL
FD004,101,19.8894,1,cycle,-43.7809,43.7809,decreased predicted RUL
FD004,101,19.8894,2,sensor_11,-28.0684,28.0684,decreased predicted RUL
FD004,101,19.8894,3,sensor_9,-12.8816,12.8816,decreased predicted RUL
FD004,101,19.8894,4,sensor_4,-12.1933,12.1933,decreased predicted RUL
FD004,101,19.8894,5,sensor_14,-6.6174,6.6174,decreased predicted RUL
FD004,101,19.8894,6,sensor_15,5.9507,5.9507,increased predicted RUL
FD004,101,19.8894,7,sensor_2,-4.5156,4.5156,decreased predicted RUL
FD004,101,19.8894,8,sensor_15_diff,-4.3115,4.3115,decreased predicted RUL
FD004,101,19.8894,9,sensor_17,-3.2299,3.2299,decreased predicted RUL
FD004,101,19.8894,10,sensor_8,-3.0593,3.0593,decreased predicted RUL
FD004,102,15.0941,1,sensor_13,-50.1269,50.1269,decreased predicted RUL
FD004,102,15.0941,2,cycle,-44.3818,44.3818,decreased predicted RUL
FD004,102,15.0941,3,sensor_6,-10.3931,10.3931,decreased predicted RUL
FD004,102,15.0941,4,sensor_13_rolling_mean,-5.5437,5.5437,decreased predicted RUL
FD004,102,15.0941,5,sensor_21,-5.478,5.478,decreased predicted RUL
FD004,102,15.0941,6,sensor_15,5.0211,5.0211,increased predicted RUL
FD004,102,15.0941,7,sensor_15_diff,2.1031,2.1031,increased predicted RUL
FD004,102,15.0941,8,sensor_8,2.0307,2.0307,increased predicted RUL
FD004,102,15.0941,9,sensor_11,2.0216,2.0216,increased predicted RUL
FD004,102,15.0941,10,sensor_11_rolling_mean,-1.8401,1.8401,decreased predicted RUL
FD004,103,15.3526,1,sensor_15,-52.1598,52.1598,decreased predicted RUL
FD004,103,15.3526,2,cycle,-36.4343,36.4343,decreased predicted RUL
FD004,103,15.3526,3,sensor_13,17.5898,17.5898,increased predicted RUL
FD004,103,15.3526,4,sensor_11,-10.885,10.885,decreased predicted RUL
FD004,103,15.3526,5,sensor_21,-7.1365,7.1365,decreased predicted RUL
FD004,103,15.3526,6,sensor_6,-6.3447,6.3447,decreased predicted RUL
FD004,103,15.3526,7,sensor_4,-5.2698,5.2698,decreased predicted RUL
FD004,103,15.3526,8,sensor_15_rolling_mean,-4.939,4.939,decreased predicted RUL
FD004,103,15.3526,9,sensor_6_rolling_mean,-4.2806,4.2806,decreased predicted RUL
FD004,103,15.3526,10,sensor_12,-3.8088,3.8088,decreased predicted RUL
FD004,104,247.7137,1,sensor_13,30.9039,30.9039,increased predicted RUL
FD004,104,247.7137,2,cycle,29.0302,29.0302,increased predicted RUL
FD004,104,247.7137,3,sensor_11,25.5162,25.5162,increased predicted RUL
FD004,104,247.7137,4,sensor_15,12.7339,12.7339,increased predicted RUL
FD004,104,247.7137,5,sensor_6,9.4891,9.4891,increased predicted RUL
FD004,104,247.7137,6,sensor_4,7.0067,7.0067,increased predicted RUL
FD004,104,247.7137,7,sensor_14,6.0559,6.0559,increased predicted RUL
FD004,104,247.7137,8,sensor_8,3.4693,3.4693,increased predicted RUL
FD004,104,247.7137,9,sensor_11_rolling_mean,-2.9855,2.9855,decreased predicted RUL
FD004,104,247.7137,10,sensor_13_rolling_std,2.9184,2.9184,increased predicted RUL
FD004,105,62.3521,1,cycle,-39.158,39.158,decreased predicted RUL
FD004,105,62.3521,2,sensor_13,-31.285,31.285,decreased predicted RUL
FD004,105,62.3521,3,sensor_15_rolling_mean,-8.5148,8.5148,decreased predicted RUL
FD004,105,62.3521,4,sensor_4,5.2755,5.2755,increased predicted RUL
FD004,105,62.3521,5,sensor_21,-5.2218,5.2218,decreased predicted RUL
FD004,105,62.3521,6,sensor_11,5.1716,5.1716,increased predicted RUL
FD004,105,62.3521,7,sensor_3,4.3266,4.3266,increased predicted RUL
FD004,105,62.3521,8,sensor_2,3.7336,3.7336,increased predicted RUL
FD004,105,62.3521,9,sensor_4_rolling_mean,3.686,3.686,increased predicted RUL
FD004,105,62.3521,10,sensor_13_rolling_mean,2.9046,2.9046,increased predicted RUL
FD004,106,61.2482,1,sensor_15,-35.1884,35.1884,decreased predicted RUL
FD004,106,61.2482,2,cycle,-31.8064,31.8064,decreased predicted RUL
FD004,106,61.2482,3,sensor_13,19.0105,19.0105,increased predicted RUL
FD004,106,61.2482,4,sensor_21,-6.5265,6.5265,decreased predicted RUL
FD004,106,61.2482,5,sensor_6,-6.146,6.146,decreased predicted RUL
FD004,106,61.2482,6,sensor_9,4.0071,4.0071,increased predicted RUL
FD004,106,61.2482,7,sensor_6_rolling_mean,-3.8382,3.8382,decreased predicted RUL
FD004,106,61.2482,8,sensor_15_diff,3.5459,3.5459,increased predicted RUL
FD004,106,61.2482,9,sensor_20,-2.993,2.993,decreased predicted RUL
FD004,106,61.2482,10,sensor_13_diff,-2.5445,2.5445,decreased predicted RUL
FD004,107,75.0548,1,sensor_15,-52.0,52.0,decreased predicted RUL
FD004,107,75.0548,2,cycle,-24.7097,24.7097,decreased predicted RUL
FD004,107,75.0548,3,sensor_11,12.7955,12.7955,increased predicted RUL
FD004,107,75.0548,4,sensor_13,10.2702,10.2702,increased predicted RUL
FD004,107,75.0548,5,sensor_4,8.781,8.781,increased predicted RUL
FD004,107,75.0548,6,sensor_15_rolling_mean,-7.9037,7.9037,decreased predicted RUL
FD004,107,75.0548,7,sensor_6,-7.4456,7.4456,decreased predicted RUL
FD004,107,75.0548,8,sensor_15_diff,6.0196,6.0196,increased predicted RUL
FD004,107,75.0548,9,sensor_11_diff,-3.9904,3.9904,decreased predicted RUL
FD004,107,75.0548,10,sensor_6_rolling_mean,-3.9604,3.9604,decreased predicted RUL
FD004,108,175.7752,1,cycle,-31.687,31.687,decreased predicted RUL
FD004,108,175.7752,2,sensor_11,30.2324,30.2324,increased predicted RUL
FD004,108,175.7752,3,sensor_15,15.0353,15.0353,increased predicted RUL
FD004,108,175.7752,4,sensor_4,14.3396,14.3396,increased predicted RUL
FD004,108,175.7752,5,sensor_15_rolling_mean,-6.5801,6.5801,decreased predicted RUL
FD004,108,175.7752,6,sensor_15_diff,-5.927,5.927,decreased predicted RUL
FD004,108,175.7752,7,sensor_11_rolling_mean,5.6968,5.6968,increased predicted RUL
FD004,108,175.7752,8,sensor_6,5.4218,5.4218,increased predicted RUL
FD004,108,175.7752,9,sensor_3,4.6383,4.6383,increased predicted RUL
FD004,108,175.7752,10,sensor_2,4.5998,4.5998,increased predicted RUL
FD004,109,249.6679,1,sensor_6,32.1399,32.1399,increased predicted RUL
FD004,109,249.6679,2,cycle,25.8128,25.8128,increased predicted RUL
FD004,109,249.6679,3,sensor_4,16.0333,16.0333,increased predicted RUL
FD004,109,249.6679,4,sensor_11,15.9794,15.9794,increased predicted RUL
FD004,109,249.6679,5,sensor_13,6.1887,6.1887,increased predicted RUL
FD004,109,249.6679,6,sensor_8,6.133,6.133,increased predicted RUL
FD004,109,249.6679,7,sensor_15,6.1302,6.1302,increased predicted RUL
FD004,109,249.6679,8,sensor_9,5.6991,5.6991,increased predicted RUL
FD004,109,249.6679,9,sensor_12,-3.915,3.915,decreased predicted RUL
FD004,109,249.6679,10,sensor_11_rolling_mean,3.829,3.829,increased predicted RUL
FD004,110,76.1524,1,cycle,-36.6906,36.6906,decreased predicted RUL
FD004,110,76.1524,2,sensor_15,14.5434,14.5434,increased predicted RUL
FD004,110,76.1524,3,sensor_11,-11.1602,11.1602,decreased predicted RUL
FD004,110,76.1524,4,sensor_6,-10.4897,10.4897,decreased predicted RUL
FD004,110,76.1524,5,sensor_9,-8.7209,8.7209,decreased predicted RUL
FD004,110,76.1524,6,sensor_12,8.5198,8.5198,increased predicted RUL
FD004,110,76.1524,7,sensor_7,7.6467,7.6467,increased predicted RUL
FD004,110,76.1524,8,sensor_13_rolling_mean,-7.2402,7.2402,decreased predicted RUL
FD004,110,76.1524,9,sensor_14,-7.1142,7.1142,decreased predicted RUL
FD004,110,76.1524,10,sensor_13,6.157,6.157,increased predicted RUL
FD004,111,22.1247,1,sensor_13,-48.5013,48.5013,decreased predicted RUL
FD004,111,22.1247,2,cycle,-43.8198,43.8198,decreased predicted RUL
FD004,111,22.1247,3,sensor_6,-10.1529,10.1529,decreased predicted RUL
FD004,111,22.1247,4,sensor_15,5.3003,5.3003,increased predicted RUL
FD004,111,22.1247,5,sensor_4,-3.6666,3.6666,decreased predicted RUL
FD004,111,22.1247,6,sensor_4_rolling_std,-3.1682,3.1682,decreased predicted RUL
FD004,111,22.1247,7,sensor_15_diff,3.0922,3.0922,increased predicted RUL
FD004,111,22.1247,8,sensor_10_rolling_std,2.3204,2.3204,increased predicted RUL
FD004,111,22.1247,9,sensor_13_diff,2.0962,2.0962,increased predicted RUL
FD004,111,22.1247,10,sensor_8,-2.0272,2.0272,decreased predicted RUL
FD004,112,94.7813,1,sensor_11,-19.7118,19.7118,decreased predicted RUL
FD004,112,94.7813,2,sensor_4,-11.2633,11.2633,decreased predicted RUL
FD004,112,94.7813,3,sensor_15,9.7103,9.7103,increased predicted RUL
FD004,112,94.7813,4,sensor_6,-7.2589,7.2589,decreased predicted RUL
FD004,112,94.7813,5,cycle,-4.6906,4.6906,decreased predicted RUL
FD004,112,94.7813,6,sensor_15_diff,-4.1934,4.1934,decreased predicted RUL
FD004,112,94.7813,7,sensor_12,4.054,4.054,increased predicted RUL
FD004,112,94.7813,8,sensor_13_rolling_mean,3.7992,3.7992,increased predicted RUL
FD004,112,94.7813,9,sensor_8,-3.5502,3.5502,decreased predicted RUL
FD004,112,94.7813,10,sensor_21,3.5193,3.5193,increased predicted RUL
FD004,113,15.935,1,cycle,-39.4094,39.4094,decreased predicted RUL
FD004,113,15.935,2,sensor_11,-30.5456,30.5456,decreased predicted RUL
FD004,113,15.935,3,sensor_13,-21.4682,21.4682,decreased predicted RUL
FD004,113,15.935,4,sensor_4,-12.0815,12.0815,decreased predicted RUL
FD004,113,15.935,5,sensor_15,6.4009,6.4009,increased predicted RUL
FD004,113,15.935,6,sensor_15_diff,-6.0256,6.0256,decreased predicted RUL
FD004,113,15.935,7,sensor_2,-4.8977,4.8977,decreased predicted RUL
FD004,113,15.935,8,sensor_8,-3.552,3.552,decreased predicted RUL
FD004,113,15.935,9,sensor_3,-2.9428,2.9428,decreased predicted RUL
FD004,113,15.935,10,sensor_7,2.7184,2.7184,increased predicted RUL
FD004,114,23.5799,1,cycle,-50.003,50.003,decreased predicted RUL
FD004,114,23.5799,2,sensor_13,-43.5715,43.5715,decreased predicted RUL
FD004,114,23.5799,3,sensor_14,-11.221,11.221,decreased predicted RUL
FD004,114,23.5799,4,sensor_15,9.0836,9.0836,increased predicted RUL
FD004,114,23.5799,5,sensor_7,5.5568,5.5568,increased predicted RUL
FD004,114,23.5799,6,sensor_12,5.4284,5.4284,increased predicted RUL
FD004,114,23.5799,7,sensor_11,-5.2003,5.2003,decreased predicted RUL
FD004,114,23.5799,8,sensor_13_rolling_mean,-4.9288,4.9288,decreased predicted RUL
FD004,114,23.5799,9,sensor_9,-3.2987,3.2987,decreased predicted RUL
FD004,114,23.5799,10,sensor_6,-3.2801,3.2801,decreased predicted RUL
FD004,115,112.5306,1,sensor_15,9.7872,9.7872,increased predicted RUL
FD004,115,112.5306,2,sensor_11,-7.7436,7.7436,decreased predicted RUL
FD004,115,112.5306,3,sensor_4,-6.8957,6.8957,decreased predicted RUL
FD004,115,112.5306,4,sensor_13,-6.3328,6.3328,decreased predicted RUL
FD004,115,112.5306,5,cycle,4.7301,4.7301,increased predicted RUL
FD004,115,112.5306,6,sensor_15_rolling_mean,-4.4141,4.4141,decreased predicted RUL
FD004,115,112.5306,7,sensor_15_diff,-3.3965,3.3965,decreased predicted RUL
FD004,115,112.5306,8,sensor_6,-2.5531,2.5531,decreased predicted RUL
FD004,115,112.5306,9,sensor_11_rolling_mean,2.4949,2.4949,increased predicted RUL
FD004,115,112.5306,10,sensor_17,-2.4516,2.4516,decreased predicted RUL
FD004,116,19.688,1,sensor_15,-44.319,44.319,decreased predicted RUL
FD004,116,19.688,2,cycle,-39.4128,39.4128,decreased predicted RUL
FD004,116,19.688,3,sensor_13,16.2646,16.2646,increased predicted RUL
FD004,116,19.688,4,sensor_6,-9.3218,9.3218,decreased predicted RUL
FD004,116,19.688,5,sensor_15_rolling_mean,-9.2841,9.2841,decreased predicted RUL
FD004,116,19.688,6,sensor_4,-7.1232,7.1232,decreased predicted RUL
FD004,116,19.688,7,sensor_15_diff,-7.0676,7.0676,decreased predicted RUL
FD004,116,19.688,8,sensor_21,-6.2342,6.2342,decreased predicted RUL
FD004,116,19.688,9,sensor_12,-5.6314,5.6314,decreased predicted RUL
FD004,116,19.688,10,sensor_7,-5.1916,5.1916,decreased predicted RUL
FD004,117,106.102,1,cycle,-14.4656,14.4656,decreased predicted RUL
FD004,117,106.102,2,sensor_15,11.0677,11.0677,increased predicted RUL
FD004,117,106.102,3,sensor_4,-6.3992,6.3992,decreased predicted RUL
FD004,117,106.102,4,sensor_15_diff,-4.7034,4.7034,decreased predicted RUL
FD004,117,106.102,5,sensor_11,-3.7834,3.7834,decreased predicted RUL
FD004,117,106.102,6,sensor_13,-3.3071,3.3071,decreased predicted RUL
FD004,117,106.102,7,sensor_13_rolling_mean,-2.4791,2.4791,decreased predicted RUL
FD004,117,106.102,8,sensor_6,-2.1476,2.1476,decreased predicted RUL
FD004,117,106.102,9,sensor_6_rolling_mean,-1.994,1.994,decreased predicted RUL
FD004,117,106.102,10,sensor_13_rolling_std,1.8824,1.8824,increased predicted RUL
FD004,118,20.4764,1,sensor_13,-49.4082,49.4082,decreased predicted RUL
FD004,118,20.4764,2,cycle,-46.6641,46.6641,decreased predicted RUL
FD004,118,20.4764,3,sensor_13_rolling_mean,-5.628,5.628,decreased predicted RUL
FD004,118,20.4764,4,sensor_15,5.3054,5.3054,increased predicted RUL
FD004,118,20.4764,5,sensor_4,-3.574,3.574,decreased predicted RUL
FD004,118,20.4764,6,sensor_11,-3.2093,3.2093,decreased predicted RUL
FD004,118,20.4764,7,sensor_11_rolling_mean,-2.794,2.794,decreased predicted RUL
FD004,118,20.4764,8,sensor_2,-2.7406,2.7406,decreased predicted RUL
FD004,118,20.4764,9,sensor_15_diff,-2.6264,2.6264,decreased predicted RUL
FD004,118,20.4764,10,sensor_6,-2.2713,2.2713,decreased predicted RUL
FD004,119,85.7637,1,cycle,-41.6499,41.6499,decreased predicted RUL
FD004,119,85.7637,2,sensor_13,-26.6507,26.6507,decreased predicted RUL
FD004,119,85.7637,3,sensor_15,11.0369,11.0369,increased predicted RUL
FD004,119,85.7637,4,sensor_12,7.0999,7.0999,increased predicted RUL
FD004,119,85.7637,5,sensor_13_rolling_mean,-5.634,5.634,decreased predicted RUL
FD004,119,85.7637,6,sensor_2,5.3282,5.3282,increased predicted RUL
FD004,119,85.7637,7,sensor_7,5.2919,5.2919,increased predicted RUL
FD004,119,85.7637,8,sensor_6,4.3794,4.3794,increased predicted RUL
FD004,119,85.7637,9,sensor_14,-3.2891,3.2891,decreased predicted RUL
FD004,119,85.7637,10,sensor_11_rolling_mean,-2.4278,2.4278,decreased predicted RUL
FD004,120,84.3878,1,cycle,-34.0252,34.0252,decreased predicted RUL
FD004,120,84.3878,2,sensor_15,-18.1968,18.1968,decreased predicted RUL
FD004,120,84.3878,3,sensor_4,8.6188,8.6188,increased predicted RUL
FD004,120,84.3878,4,sensor_6,-6.9482,6.9482,decreased predicted RUL
FD004,120,84.3878,5,sensor_11,6.7928,6.7928,increased predicted RUL
FD004,120,84.3878,6,sensor_21,-4.6271,4.6271,decreased predicted RUL
FD004,120,84.3878,7,sensor_9,3.8585,3.8585,increased predicted RUL
FD004,120,84.3878,8,sensor_3,3.7096,3.7096,increased predicted RUL
FD004,120,84.3878,9,sensor_13_rolling_mean,-3.2681,3.2681,decreased predicted RUL
FD004,120,84.3878,10,sensor_2,3.2123,3.2123,increased predicted RUL
FD004,121,31.1428,1,sensor_15,-72.6808,72.6808,decreased predicted RUL
FD004,121,31.1428,2,cycle,-33.9384,33.9384,decreased predicted RUL
FD004,121,31.1428,3,sensor_4,7.7135,7.7135,increased predicted RUL
FD004,121,31.1428,4,sensor_6,-6.9288,6.9288,decreased predicted RUL
FD004,121,31.1428,5,sensor_13,6.6432,6.6432,increased predicted RUL
FD004,121,31.1428,6,sensor_11,5.8862,5.8862,increased predicted RUL
FD004,121,31.1428,7,sensor_15_diff,4.2675,4.2675,increased predicted RUL
FD004,121,31.1428,8,sensor_9,3.9956,3.9956,increased predicted RUL
FD004,121,31.1428,9,sensor_2,3.9912,3.9912,increased predicted RUL
FD004,121,31.1428,10,sensor_6_rolling_mean,-3.9661,3.9661,decreased predicted RUL
FD004,122,219.2061,1,sensor_11,41.4637,41.4637,increased predicted RUL
FD004,122,219.2061,2,sensor_13,26.2344,26.2344,increased predicted RUL
FD004,122,219.2061,3,sensor_4,23.1179,23.1179,increased predicted RUL
FD004,122,219.2061,4,cycle,-20.9393,20.9393,decreased predicted RUL
FD004,122,219.2061,5,sensor_15,-20.8473,20.8473,decreased predicted RUL
FD004,122,219.2061,6,sensor_8,8.5207,8.5207,increased predicted RUL
FD004,122,219.2061,7,sensor_2,7.8712,7.8712,increased predicted RUL
FD004,122,219.2061,8,sensor_9,7.5544,7.5544,increased predicted RUL
FD004,122,219.2061,9,sensor_3,7.5118,7.5118,increased predicted RUL
FD004,122,219.2061,10,sensor_13_rolling_mean,6.8434,6.8434,increased predicted RUL
FD004,123,29.0924,1,cycle,-47.3066,47.3066,decreased predicted RUL
FD004,123,29.0924,2,sensor_13,-44.1531,44.1531,decreased predicted RUL
FD004,123,29.0924,3,sensor_6,-8.5024,8.5024,decreased predicted RUL
FD004,123,29.0924,4,sensor_13_rolling_mean,-6.2765,6.2765,decreased predicted RUL
FD004,123,29.0924,5,sensor_11,5.8213,5.8213,increased predicted RUL
FD004,123,29.0924,6,sensor_4,5.3994,5.3994,increased predicted RUL
FD004,123,29.0924,7,sensor_21,-3.7996,3.7996,decreased predicted RUL
FD004,123,29.0924,8,sensor_11_rolling_mean,-3.2436,3.2436,decreased predicted RUL
FD004,123,29.0924,9,sensor_3,2.6103,2.6103,increased predicted RUL
FD004,123,29.0924,10,sensor_2,2.5369,2.5369,increased predicted RUL
FD004,124,74.1782,1,cycle,-32.2915,32.2915,decreased predicted RUL
FD004,124,74.1782,2,sensor_14,-10.3892,10.3892,decreased predicted RUL
FD004,124,74.1782,3,sensor_15,9.8158,9.8158,increased predicted RUL
FD004,124,74.1782,4,sensor_4,-5.5232,5.5232,decreased predicted RUL
FD004,124,74.1782,5,sensor_11,-5.3257,5.3257,decreased predicted RUL
FD004,124,74.1782,6,sensor_13,-5.125,5.125,decreased predicted RUL
FD004,124,74.1782,7,sensor_13_rolling_mean,-3.164,3.164,decreased predicted RUL
FD004,124,74.1782,8,sensor_11_rolling_mean,-2.1159,2.1159,decreased predicted RUL
FD004,124,74.1782,9,sensor_6_rolling_mean,-1.9372,1.9372,decreased predicted RUL
FD004,124,74.1782,10,sensor_15_diff,-1.8541,1.8541,decreased predicted RUL
FD004,125,206.3713,1,cycle,55.3768,55.3768,increased predicted RUL
FD004,125,206.3713,2,sensor_15,10.2033,10.2033,increased predicted RUL
FD004,125,206.3713,3,sensor_13_rolling_mean,-8.9529,8.9529,decreased predicted RUL
FD004,125,206.3713,4,sensor_11,4.7128,4.7128,increased predicted RUL
FD004,125,206.3713,5,sensor_4,4.4379,4.4379,increased predicted RUL
FD004,125,206.3713,6,sensor_7,2.7335,2.7335,increased predicted RUL
FD004,125,206.3713,7,sensor_13,2.617,2.617,increased predicted RUL
FD004,125,206.3713,8,sensor_15_diff,2.1803,2.1803,increased predicted RUL
FD004,125,206.3713,9,sensor_6_rolling_mean,-2.011,2.011,decreased predicted RUL
FD004,125,206.3713,10,sensor_11_diff,-1.9035,1.9035,decreased predicted RUL
FD004,126,19.3652,1,cycle,-42.9495,42.9495,decreased predicted RUL
FD004,126,19.3652,2,sensor_13,-28.2564,28.2564,decreased predicted RUL
FD004,126,19.3652,3,sensor_15,-13.8096,13.8096,decreased predicted RUL
FD004,126,19.3652,4,sensor_6,-8.1705,8.1705,decreased predicted RUL
FD004,126,19.3652,5,sensor_21,-6.5747,6.5747,decreased predicted RUL
FD004,126,19.3652,6,sensor_11,-3.4596,3.4596,decreased predicted RUL
FD004,126,19.3652,7,sensor_20,-2.8227,2.8227,decreased predicted RUL
FD004,126,19.3652,8,sensor_4,2.3749,2.3749,increased predicted RUL
FD004,126,19.3652,9,sensor_8,2.3586,2.3586,increased predicted RUL
FD004,126,19.3652,10,sensor_2,2.3496,2.3496,increased predicted RUL
FD004,127,220.6716,1,sensor_4,18.2344,18.2344,increased predicted RUL
FD004,127,220.6716,2,sensor_15,17.1989,17.1989,increased predicted RUL
FD004,127,220.6716,3,cycle,-11.7101,11.7101,decreased predicted RUL
FD004,127,220.6716,4,sensor_13,9.5153,9.5153,increased predicted RUL
FD004,127,220.6716,5,sensor_11,9.4863,9.4863,increased predicted RUL
FD004,127,220.6716,6,sensor_8,8.8449,8.8449,increased predicted RUL
FD004,127,220.6716,7,sensor_6,7.9906,7.9906,increased predicted RUL
FD004,127,220.6716,8,sensor_2,5.9325,5.9325,increased predicted RUL
FD004,127,220.6716,9,sensor_20,3.8441,3.8441,increased predicted RUL
FD004,127,220.6716,10,sensor_3,3.5788,3.5788,increased predicted RUL
FD004,128,146.2931,1,sensor_11,35.6751,35.6751,increased predicted RUL
FD004,128,146.2931,2,sensor_15,-27.39,27.39,decreased predicted RUL
FD004,128,146.2931,3,cycle,-27.1598,27.1598,decreased predicted RUL
FD004,128,146.2931,4,sensor_13,17.8146,17.8146,increased predicted RUL
FD004,128,146.2931,5,sensor_4,7.873,7.873,increased predicted RUL
FD004,128,146.2931,6,sensor_17,7.5608,7.5608,increased predicted RUL
FD004,128,146.2931,7,sensor_3,6.8917,6.8917,increased predicted RUL
FD004,128,146.2931,8,sensor_15_diff,5.4116,5.4116,increased predicted RUL
FD004,128,146.2931,9,sensor_8,5.3887,5.3887,increased predicted RUL
FD004,128,146.2931,10,sensor_11_diff,-5.2874,5.2874,decreased predicted RUL
FD004,129,120.6929,1,cycle,-31.8242,31.8242,decreased predicted RUL
FD004,129,120.6929,2,sensor_11,13.3737,13.3737,increased predicted RUL
FD004,129,120.6929,3,sensor_4,12.2236,12.2236,increased predicted RUL
FD004,129,120.6929,4,sensor_6,-5.5029,5.5029,decreased predicted RUL
FD004,129,120.6929,5,sensor_9,5.2323,5.2323,increased predicted RUL
FD004,129,120.6929,6,sensor_3,4.1757,4.1757,increased predicted RUL
FD004,129,120.6929,7,sensor_12,-3.8706,3.8706,decreased predicted RUL
FD004,129,120.6929,8,sensor_8,3.7469,3.7469,increased predicted RUL
FD004,129,120.6929,9,sensor_2,3.612,3.612,increased predicted RUL
FD004,129,120.6929,10,sensor_15,3.2759,3.2759,increased predicted RUL
FD004,130,130.929,1,cycle,-16.6894,16.6894,decreased predicted RUL
FD004,130,130.929,2,sensor_15,13.366,13.366,increased predicted RUL
FD004,130,130.929,3,sensor_15_rolling_mean,-11.596,11.596,decreased predicted RUL
FD004,130,130.929,4,sensor_13,10.5546,10.5546,increased predicted RUL
FD004,130,130.929,5,sensor_11_rolling_mean,6.6141,6.6141,increased predicted RUL
FD004,130,130.929,6,sensor_13_rolling_mean,5.14,5.14,increased predicted RUL
FD004,130,130.929,7,sensor_4_rolling_mean,4.5065,4.5065,increased predicted RUL
FD004,130,130.929,8,sensor_4,-3.8336,3.8336,decreased predicted RUL
FD004,130,130.929,9,sensor_14,3.3694,3.3694,increased predicted RUL
FD004,130,130.929,10,sensor_14_rolling_mean,2.7569,2.7569,increased predicted RUL
FD004,131,90.8478,1,cycle,-30.0265,30.0265,decreased predicted RUL
FD004,131,90.8478,2,sensor_15,-18.0219,18.0219,decreased predicted RUL
FD004,131,90.8478,3,sensor_15_rolling_mean,-13.442,13.442,decreased predicted RUL
FD004,131,90.8478,4,sensor_6,-7.7136,7.7136,decreased predicted RUL
FD004,131,90.8478,5,sensor_2,6.9917,6.9917,increased predicted RUL
FD004,131,90.8478,6,sensor_4,6.4042,6.4042,increased predicted RUL
FD004,131,90.8478,7,sensor_15_diff,-6.2432,6.2432,decreased predicted RUL
FD004,131,90.8478,8,sensor_11,5.9147,5.9147,increased predicted RUL
FD004,131,90.8478,9,sensor_4_rolling_mean,5.2295,5.2295,increased predicted RUL
FD004,131,90.8478,10,sensor_13,4.3938,4.3938,increased predicted RUL
FD004,132,96.4286,1,cycle,-26.1378,26.1378,decreased predicted RUL
FD004,132,96.4286,2,sensor_11,20.4604,20.4604,increased predicted RUL
FD004,132,96.4286,3,sensor_15,-7.3764,7.3764,decreased predicted RUL
FD004,132,96.4286,4,sensor_13,-6.6385,6.6385,decreased predicted RUL
FD004,132,96.4286,5,sensor_6,-3.6777,3.6777,decreased predicted RUL
FD004,132,96.4286,6,sensor_13_rolling_mean,-3.2408,3.2408,decreased predicted RUL
FD004,132,96.4286,7,sensor_7,-3.09,3.09,decreased predicted RUL
FD004,132,96.4286,8,sensor_20_rolling_mean,-2.9978,2.9978,decreased predicted RUL
FD004,132,96.4286,9,sensor_6_rolling_mean,-2.2904,2.2904,decreased predicted RUL
FD004,132,96.4286,10,sensor_21,-2.1888,2.1888,decreased predicted RUL
FD004,133,209.9724,1,sensor_15_rolling_mean,-17.2735,17.2735,decreased predicted RUL
FD004,133,209.9724,2,sensor_4,16.0592,16.0592,increased predicted RUL
FD004,133,209.9724,3,sensor_11,14.4563,14.4563,increased predicted RUL
FD004,133,209.9724,4,cycle,13.4884,13.4884,increased predicted RUL
FD004,133,209.9724,5,sensor_6,12.3507,12.3507,increased predicted RUL
FD004,133,209.9724,6,sensor_15,8.6177,8.6177,increased predicted RUL
FD004,133,209.9724,7,sensor_13,8.1832,8.1832,increased predicted RUL
FD004,133,209.9724,8,sensor_2,7.7912,7.7912,increased predicted RUL
FD004,133,209.9724,9,sensor_8,7.6205,7.6205,increased predicted RUL
FD004,133,209.9724,10,sensor_15_diff,-6.518,6.518,decreased predicted RUL
FD004,134,59.8507,1,cycle,-41.5267,41.5267,decreased predicted RUL
FD004,134,59.8507,2,sensor_13,-31.2239,31.2239,decreased predicted RUL
FD004,134,59.8507,3,sensor_4,6.757,6.757,increased predicted RUL
FD004,134,59.8507,4,sensor_6,-5.1813,5.1813,decreased predicted RUL
FD004,134,59.8507,5,sensor_2,4.9138,4.9138,increased predicted RUL
FD004,134,59.8507,6,sensor_13_rolling_mean,-4.4322,4.4322,decreased predicted RUL
FD004,134,59.8507,7,sensor_11,4.4238,4.4238,increased predicted RUL
FD004,134,59.8507,8,sensor_21,-3.9649,3.9649,decreased predicted RUL
FD004,134,59.8507,9,sensor_15,3.8124,3.8124,increased predicted RUL
FD004,134,59.8507,10,sensor_20_rolling_mean,-2.6543,2.6543,decreased predicted RUL
FD004,135,11.7265,1,sensor_15,-56.068,56.068,decreased predicted RUL
FD004,135,11.7265,2,cycle,-36.636,36.636,decreased predicted RUL
FD004,135,11.7265,3,sensor_11,10.6491,10.6491,increased predicted RUL
FD004,135,11.7265,4,sensor_6,-9.7062,9.7062,decreased predicted RUL
FD004,135,11.7265,5,sensor_4,8.62,8.62,increased predicted RUL
FD004,135,11.7265,6,sensor_7,-8.2676,8.2676,decreased predicted RUL
FD004,135,11.7265,7,sensor_11_diff,-7.7942,7.7942,decreased predicted RUL
FD004,135,11.7265,8,sensor_12,-6.5323,6.5323,decreased predicted RUL
FD004,135,11.7265,9,sensor_6_rolling_mean,-3.51,3.51,decreased predicted RUL
FD004,135,11.7265,10,sensor_13_diff,-3.4928,3.4928,decreased predicted RUL
FD004,136,137.0495,1,cycle,32.3845,32.3845,increased predicted RUL
FD004,136,137.0495,2,sensor_15,-26.9238,26.9238,decreased predicted RUL
FD004,136,137.0495,3,sensor_13,14.0407,14.0407,increased predicted RUL
FD004,136,137.0495,4,sensor_3,4.4479,4.4479,increased predicted RUL
FD004,136,137.0495,5,sensor_9,3.8063,3.8063,increased predicted RUL
FD004,136,137.0495,6,sensor_12,-3.1308,3.1308,decreased predicted RUL
FD004,136,137.0495,7,sensor_11_rolling_mean,-2.8318,2.8318,decreased predicted RUL
FD004,136,137.0495,8,sensor_15_diff,2.7211,2.7211,increased predicted RUL
FD004,136,137.0495,9,sensor_21,-2.6569,2.6569,decreased predicted RUL
FD004,136,137.0495,10,sensor_7,-2.519,2.519,decreased predicted RUL
FD004,137,122.7781,1,cycle,-29.0272,29.0272,decreased predicted RUL
FD004,137,122.7781,2,sensor_13,-7.504,7.504,decreased predicted RUL
FD004,137,122.7781,3,sensor_17,6.7719,6.7719,increased predicted RUL
FD004,137,122.7781,4,sensor_4,6.1014,6.1014,increased predicted RUL
FD004,137,122.7781,5,sensor_11,5.7759,5.7759,increased predicted RUL
FD004,137,122.7781,6,sensor_8,5.7465,5.7465,increased predicted RUL
FD004,137,122.7781,7,sensor_13_rolling_std,5.3407,5.3407,increased predicted RUL
FD004,137,122.7781,8,sensor_2,5.1193,5.1193,increased predicted RUL
FD004,137,122.7781,9,sensor_6,4.3123,4.3123,increased predicted RUL
FD004,137,122.7781,10,sensor_21,-4.268,4.268,decreased predicted RUL
FD004,138,84.0046,1,cycle,-41.8234,41.8234,decreased predicted RUL
FD004,138,84.0046,2,sensor_11,26.0033,26.0033,increased predicted RUL
FD004,138,84.0046,3,sensor_13,-24.2817,24.2817,decreased predicted RUL
FD004,138,84.0046,4,sensor_6,-13.6752,13.6752,decreased predicted RUL
FD004,138,84.0046,5,sensor_15,7.9595,7.9595,increased predicted RUL
FD004,138,84.0046,6,sensor_4,7.1976,7.1976,increased predicted RUL
FD004,138,84.0046,7,sensor_15_diff,-5.4489,5.4489,decreased predicted RUL
FD004,138,84.0046,8,sensor_4_rolling_mean,4.682,4.682,increased predicted RUL
FD004,138,84.0046,9,sensor_11_rolling_mean,3.1238,3.1238,increased predicted RUL
FD004,138,84.0046,10,sensor_2,3.1014,3.1014,increased predicted RUL
FD004,139,206.6113,1,sensor_15,26.3862,26.3862,increased predicted RUL
FD004,139,206.6113,2,sensor_12,25.1852,25.1852,increased predicted RUL
FD004,139,206.6113,3,sensor_7,16.1265,16.1265,increased predicted RUL
FD004,139,206.6113,4,cycle,8.8804,8.8804,increased predicted RUL
FD004,139,206.6113,5,sensor_21,6.71,6.71,increased predicted RUL
FD004,139,206.6113,6,sensor_15_diff,-6.4857,6.4857,decreased predicted RUL
FD004,139,206.6113,7,sensor_20,5.6895,5.6895,increased predicted RUL
FD004,139,206.6113,8,sensor_13,-4.1448,4.1448,decreased predicted RUL
FD004,139,206.6113,9,sensor_4,-3.3816,3.3816,decreased predicted RUL
FD004,139,206.6113,10,sensor_3_rolling_std,2.7933,2.7933,increased predicted RUL
FD004,140,89.1731,1,sensor_15,-44.1107,44.1107,decreased predicted RUL
FD004,140,89.1731,2,cycle,-28.5572,28.5572,decreased predicted RUL
FD004,140,89.1731,3,sensor_11,17.2745,17.2745,increased predicted RUL
FD004,140,89.1731,4,sensor_4,11.8012,11.8012,increased predicted RUL
FD004,140,89.1731,5,sensor_13,9.9345,9.9345,increased predicted RUL
FD004,140,89.1731,6,sensor_15_rolling_mean,-7.8859,7.8859,decreased predicted RUL
FD004,140,89.1731,7,sensor_6,-6.2549,6.2549,decreased predicted RUL
FD004,140,89.1731,8,sensor_11_diff,-6.1126,6.1126,decreased predicted RUL
FD004,140,89.1731,9,sensor_15_diff,5.6294,5.6294,increased predicted RUL
FD004,140,89.1731,10,sensor_17,4.773,4.773,increased predicted RUL
FD004,141,209.5349,1,cycle,62.6707,62.6707,increased predicted RUL
FD004,141,209.5349,2,sensor_15,19.4898,19.4898,increased predicted RUL
FD004,141,209.5349,3,sensor_11_rolling_mean,-6.6334,6.6334,decreased predicted RUL
FD004,141,209.5349,4,sensor_9,4.8523,4.8523,increased predicted RUL
FD004,141,209.5349,5,sensor_13_rolling_mean,-3.9452,3.9452,decreased predicted RUL
FD004,141,209.5349,6,sensor_4,-3.2229,3.2229,decreased predicted RUL
FD004,141,209.5349,7,sensor_21,2.8962,2.8962,increased predicted RUL
FD004,141,209.5349,8,sensor_15_rolling_mean,2.559,2.559,increased predicted RUL
FD004,141,209.5349,9,sensor_6,-2.3973,2.3973,decreased predicted RUL
FD004,141,209.5349,10,sensor_11_diff,-2.2794,2.2794,decreased predicted RUL
FD004,142,225.1821,1,sensor_11,24.8865,24.8865,increased predicted RUL
FD004,142,225.1821,2,cycle,18.6588,18.6588,increased predicted RUL
FD004,142,225.1821,3,sensor_6,15.7426,15.7426,increased predicted RUL
FD004,142,225.1821,4,sensor_15,10.5077,10.5077,increased predicted RUL
FD004,142,225.1821,5,sensor_4,10.4071,10.4071,increased predicted RUL
FD004,142,225.1821,6,sensor_13,6.2903,6.2903,increased predicted RUL
FD004,142,225.1821,7,sensor_13_rolling_std,5.6414,5.6414,increased predicted RUL
FD004,142,225.1821,8,sensor_11_rolling_mean,4.9472,4.9472,increased predicted RUL
FD004,142,225.1821,9,sensor_15_diff,3.214,3.214,increased predicted RUL
FD004,142,225.1821,10,sensor_14,3.1821,3.1821,increased predicted RUL
FD004,143,48.1766,1,cycle,-41.3227,41.3227,decreased predicted RUL
FD004,143,48.1766,2,sensor_13,-39.3286,39.3286,decreased predicted RUL
FD004,143,48.1766,3,sensor_4,8.6047,8.6047,increased predicted RUL
FD004,143,48.1766,4,sensor_21,-4.9347,4.9347,decreased predicted RUL
FD004,143,48.1766,5,sensor_6,-4.8814,4.8814,decreased predicted RUL
FD004,143,48.1766,6,sensor_11,4.3917,4.3917,increased predicted RUL
FD004,143,48.1766,7,sensor_4_rolling_std,-3.3167,3.3167,decreased predicted RUL
FD004,143,48.1766,8,sensor_10_rolling_std,2.6537,2.6537,increased predicted RUL
FD004,143,48.1766,9,sensor_3,2.6023,2.6023,increased predicted RUL
FD004,143,48.1766,10,sensor_15_diff,2.5948,2.5948,increased predicted RUL
FD004,144,171.5626,1,cycle,48.0486,48.0486,increased predicted RUL
FD004,144,171.5626,2,sensor_15,13.402,13.402,increased predicted RUL
FD004,144,171.5626,3,sensor_6,-6.5899,6.5899,decreased predicted RUL
FD004,144,171.5626,4,sensor_4,-5.9353,5.9353,decreased predicted RUL
FD004,144,171.5626,5,sensor_11_rolling_mean,-4.9794,4.9794,decreased predicted RUL
FD004,144,171.5626,6,sensor_13_rolling_std,4.1707,4.1707,increased predicted RUL
FD004,144,171.5626,7,sensor_13_rolling_mean,-3.1343,3.1343,decreased predicted RUL
FD004,144,171.5626,8,sensor_11,-2.9923,2.9923,decreased predicted RUL
FD004,144,171.5626,9,sensor_7,-2.5076,2.5076,decreased predicted RUL
FD004,144,171.5626,10,sensor_21,2.4999,2.4999,increased predicted RUL
FD004,145,83.1109,1,sensor_15,-59.6042,59.6042,decreased predicted RUL
FD004,145,83.1109,2,cycle,-17.2347,17.2347,decreased predicted RUL
FD004,145,83.1109,3,sensor_11,14.5484,14.5484,increased predicted RUL
FD004,145,83.1109,4,sensor_15_diff,8.4626,8.4626,increased predicted RUL
FD004,145,83.1109,5,sensor_11_diff,-7.8263,7.8263,decreased predicted RUL
FD004,145,83.1109,6,sensor_15_rolling_mean,-6.4315,6.4315,decreased predicted RUL
FD004,145,83.1109,7,sensor_13,5.7725,5.7725,increased predicted RUL
FD004,145,83.1109,8,sensor_4,5.1869,5.1869,increased predicted RUL
FD004,145,83.1109,9,sensor_4_rolling_std,-4.7797,4.7797,decreased predicted RUL
FD004,145,83.1109,10,sensor_2,4.7088,4.7088,increased predicted RUL
FD004,146,220.2157,1,sensor_6,18.0319,18.0319,increased predicted RUL
FD004,146,220.2157,2,sensor_11,17.5268,17.5268,increased predicted RUL
FD004,146,220.2157,3,cycle,14.5467,14.5467,increased predicted RUL
FD004,146,220.2157,4,sensor_4,12.9594,12.9594,increased predicted RUL
FD004,146,220.2157,5,sensor_9,6.5702,6.5702,increased predicted RUL
FD004,146,220.2157,6,sensor_2,6.372,6.372,increased predicted RUL
FD004,146,220.2157,7,sensor_8,5.4631,5.4631,increased predicted RUL
FD004,146,220.2157,8,sensor_3,5.0824,5.0824,increased predicted RUL
FD004,146,220.2157,9,sensor_11_rolling_mean,4.8325,4.8325,increased predicted RUL
FD004,146,220.2157,10,sensor_15,3.9917,3.9917,increased predicted RUL
FD004,147,63.8047,1,sensor_13,-37.4706,37.4706,decreased predicted RUL
FD004,147,63.8047,2,cycle,-30.5587,30.5587,decreased predicted RUL
FD004,147,63.8047,3,sensor_15,5.8379,5.8379,increased predicted RUL
FD004,147,63.8047,4,sensor_14,3.014,3.014,increased predicted RUL
FD004,147,63.8047,5,sensor_11,2.8855,2.8855,increased predicted RUL
FD004,147,63.8047,6,sensor_15_rolling_mean,-2.6333,2.6333,decreased predicted RUL
FD004,147,63.8047,7,sensor_8,-2.077,2.077,decreased predicted RUL
FD004,147,63.8047,8,sensor_13_rolling_std,-1.9773,1.9773,decreased predicted RUL
FD004,147,63.8047,9,sensor_6_rolling_mean,-1.7314,1.7314,decreased predicted RUL
FD004,147,63.8047,10,sensor_4,1.252,1.252,increased predicted RUL
FD004,148,144.4463,1,cycle,-24.3698,24.3698,decreased predicted RUL
FD004,148,144.4463,2,sensor_15,16.15,16.15,increased predicted RUL
FD004,148,144.4463,3,sensor_15_rolling_mean,-10.6011,10.6011,decreased predicted RUL
FD004,148,144.4463,4,sensor_13_rolling_mean,7.2861,7.2861,increased predicted RUL
FD004,148,144.4463,5,sensor_15_diff,-6.985,6.985,decreased predicted RUL
FD004,148,144.4463,6,sensor_11,5.2515,5.2515,increased predicted RUL
FD004,148,144.4463,7,sensor_11_rolling_mean,5.1581,5.1581,increased predicted RUL
FD004,148,144.4463,8,sensor_14,4.0661,4.0661,increased predicted RUL
FD004,148,144.4463,9,sensor_4_rolling_mean,3.9183,3.9183,increased predicted RUL
FD004,148,144.4463,10,sensor_11_diff,3.3515,3.3515,increased predicted RUL
FD004,149,95.5264,1,cycle,-32.2971,32.2971,decreased predicted RUL
FD004,149,95.5264,2,sensor_11,18.6088,18.6088,increased predicted RUL
FD004,149,95.5264,3,sensor_13,-13.8307,13.8307,decreased predicted RUL
FD004,149,95.5264,4,sensor_6,-11.6791,11.6791,decreased predicted RUL
FD004,149,95.5264,5,sensor_13_rolling_mean,-6.5731,6.5731,decreased predicted RUL
FD004,149,95.5264,6,sensor_15,6.1544,6.1544,increased predicted RUL
FD004,149,95.5264,7,sensor_4,5.2491,5.2491,increased predicted RUL
FD004,149,95.5264,8,sensor_13_rolling_std,3.8662,3.8662,increased predicted RUL
FD004,149,95.5264,9,sensor_20_rolling_mean,-3.5473,3.5473,decreased predicted RUL
FD004,149,95.5264,10,sensor_3_rolling_mean,3.0279,3.0279,increased predicted RUL
FD004,150,45.1492,1,cycle,-39.4251,39.4251,decreased predicted RUL
FD004,150,45.1492,2,sensor_13,-27.8968,27.8968,decreased predicted RUL
FD004,150,45.1492,3,sensor_4,-7.0878,7.0878,decreased predicted RUL
FD004,150,45.1492,4,sensor_11,-7.0626,7.0626,decreased predicted RUL
FD004,150,45.1492,5,sensor_13_rolling_mean,-4.6441,4.6441,decreased predicted RUL
FD004,150,45.1492,6,sensor_15,4.1855,4.1855,increased predicted RUL
FD004,150,45.1492,7,sensor_15_diff,-3.6401,3.6401,decreased predicted RUL
FD004,150,45.1492,8,sensor_14,-3.3037,3.3037,decreased predicted RUL
FD004,150,45.1492,9,sensor_6_rolling_mean,-1.7683,1.7683,decreased predicted RUL
FD004,150,45.1492,10,sensor_20,1.6603,1.6603,increased predicted RUL
FD004,151,38.0714,1,sensor_13,-47.7382,47.7382,decreased predicted RUL
FD004,151,38.0714,2,cycle,-41.017,41.017,decreased predicted RUL
FD004,151,38.0714,3,sensor_15,6.0161,6.0161,increased predicted RUL
FD004,151,38.0714,4,sensor_13_rolling_mean,-5.2367,5.2367,decreased predicted RUL
FD004,151,38.0714,5,sensor_4,-3.0227,3.0227,decreased predicted RUL
FD004,151,38.0714,6,sensor_13_diff,-2.5296,2.5296,decreased predicted RUL
FD004,151,38.0714,7,sensor_11_rolling_mean,-2.3209,2.3209,decreased predicted RUL
FD004,151,38.0714,8,sensor_8,-2.2866,2.2866,decreased predicted RUL
FD004,151,38.0714,9,sensor_14,2.1882,2.1882,increased predicted RUL
FD004,151,38.0714,10,sensor_2,-1.7574,1.7574,decreased predicted RUL
FD004,152,122.8094,1,cycle,-41.182,41.182,decreased predicted RUL
FD004,152,122.8094,2,sensor_15,26.0754,26.0754,increased predicted RUL
FD004,152,122.8094,3,sensor_12,9.4557,9.4557,increased predicted RUL
FD004,152,122.8094,4,sensor_6,7.9259,7.9259,increased predicted RUL
FD004,152,122.8094,5,sensor_7,7.8141,7.8141,increased predicted RUL
FD004,152,122.8094,6,sensor_13_rolling_mean,-6.8549,6.8549,decreased predicted RUL
FD004,152,122.8094,7,sensor_21,6.4517,6.4517,increased predicted RUL
FD004,152,122.8094,8,sensor_14,-5.2202,5.2202,decreased predicted RUL
FD004,152,122.8094,9,sensor_4,-5.1391,5.1391,decreased predicted RUL
FD004,152,122.8094,10,sensor_15_diff,-4.824,4.824,decreased predicted RUL
FD004,153,110.3889,1,cycle,-31.943,31.943,decreased predicted RUL
FD004,153,110.3889,2,sensor_11,30.0735,30.0735,increased predicted RUL
FD004,153,110.3889,3,sensor_13,-18.0669,18.0669,decreased predicted RUL
FD004,153,110.3889,4,sensor_4,10.8936,10.8936,increased predicted RUL
FD004,153,110.3889,5,sensor_13_rolling_mean,-5.3535,5.3535,decreased predicted RUL
FD004,153,110.3889,6,sensor_15_diff,-4.0609,4.0609,decreased predicted RUL
FD004,153,110.3889,7,sensor_15,3.4231,3.4231,increased predicted RUL
FD004,153,110.3889,8,sensor_7,-3.2213,3.2213,decreased predicted RUL
FD004,153,110.3889,9,sensor_11_diff,-2.8037,2.8037,decreased predicted RUL
FD004,153,110.3889,10,sensor_14,2.5487,2.5487,increased predicted RUL
FD004,154,26.2073,1,sensor_15,-34.4413,34.4413,decreased predicted RUL
FD004,154,26.2073,2,cycle,-32.7106,32.7106,decreased predicted RUL
FD004,154,26.2073,3,sensor_11,-7.6876,7.6876,decreased predicted RUL
FD004,154,26.2073,4,sensor_21,-6.8667,6.8667,decreased predicted RUL
FD004,154,26.2073,5,sensor_6,-6.0957,6.0957,decreased predicted RUL
FD004,154,26.2073,6,sensor_13,5.3522,5.3522,increased predicted RUL
FD004,154,26.2073,7,sensor_4,-5.2467,5.2467,decreased predicted RUL
FD004,154,26.2073,8,sensor_15_diff,4.4302,4.4302,increased predicted RUL
FD004,154,26.2073,9,sensor_7,-3.9572,3.9572,decreased predicted RUL
FD004,154,26.2073,10,sensor_4_diff,-3.8885,3.8885,decreased predicted RUL
FD004,155,7.5737,1,cycle,-45.8413,45.8413,decreased predicted RUL
FD004,155,7.5737,2,sensor_13,-41.0192,41.0192,decreased predicted RUL
FD004,155,7.5737,3,sensor_11,-9.4489,9.4489,decreased predicted RUL
FD004,155,7.5737,4,sensor_4,-7.8938,7.8938,decreased predicted RUL
FD004,155,7.5737,5,sensor_14,-5.4195,5.4195,decreased predicted RUL
FD004,155,7.5737,6,sensor_15_diff,-4.1527,4.1527,decreased predicted RUL
FD004,155,7.5737,7,sensor_15,4.0815,4.0815,increased predicted RUL
FD004,155,7.5737,8,sensor_13_rolling_mean,-3.5888,3.5888,decreased predicted RUL
FD004,155,7.5737,9,sensor_11_rolling_mean,-2.4217,2.4217,decreased predicted RUL
FD004,155,7.5737,10,sensor_6,-2.196,2.196,decreased predicted RUL
FD004,156,176.8291,1,cycle,48.208,48.208,increased predicted RUL
FD004,156,176.8291,2,sensor_13,11.6669,11.6669,increased predicted RUL
FD004,156,176.8291,3,sensor_12,-5.4116,5.4116,decreased predicted RUL
FD004,156,176.8291,4,sensor_3,5.3873,5.3873,increased predicted RUL
FD004,156,176.8291,5,sensor_9,4.3574,4.3574,increased predicted RUL
FD004,156,176.8291,6,sensor_20_rolling_mean,-3.0659,3.0659,decreased predicted RUL
FD004,156,176.8291,7,sensor_15,-3.0642,3.0642,decreased predicted RUL
FD004,156,176.8291,8,sensor_8,2.8505,2.8505,increased predicted RUL
FD004,156,176.8291,9,sensor_4,2.592,2.592,increased predicted RUL
FD004,156,176.8291,10,sensor_20,-2.5897,2.5897,decreased predicted RUL
FD004,157,182.6478,1,cycle,-33.7908,33.7908,decreased predicted RUL
FD004,157,182.6478,2,sensor_13,31.7517,31.7517,increased predicted RUL
FD004,157,182.6478,3,sensor_15,30.2484,30.2484,increased predicted RUL
FD004,157,182.6478,4,sensor_8,4.761,4.761,increased predicted RUL
FD004,157,182.6478,5,sensor_9,4.5957,4.5957,increased predicted RUL
FD004,157,182.6478,6,sensor_6,4.3392,4.3392,increased predicted RUL
FD004,157,182.6478,7,sensor_11,4.1747,4.1747,increased predicted RUL
FD004,157,182.6478,8,sensor_21,4.1598,4.1598,increased predicted RUL
FD004,157,182.6478,9,sensor_6_rolling_mean,-4.0942,4.0942,decreased predicted RUL
FD004,157,182.6478,10,sensor_15_diff,4.0849,4.0849,increased predicted RUL
FD004,158,7.7173,1,sensor_15,-41.0257,41.0257,decreased predicted RUL
FD004,158,7.7173,2,cycle,-40.1467,40.1467,decreased predicted RUL
FD004,158,7.7173,3,sensor_6,-8.0403,8.0403,decreased predicted RUL
FD004,158,7.7173,4,sensor_13,7.199,7.199,increased predicted RUL
FD004,158,7.7173,5,sensor_4,-6.0628,6.0628,decreased predicted RUL
FD004,158,7.7173,6,sensor_21,-5.9735,5.9735,decreased predicted RUL
FD004,158,7.7173,7,sensor_11,-5.6337,5.6337,decreased predicted RUL
FD004,158,7.7173,8,sensor_12,-5.4249,5.4249,decreased predicted RUL
FD004,158,7.7173,9,sensor_7,-4.305,4.305,decreased predicted RUL
FD004,158,7.7173,10,sensor_15_diff,-2.9457,2.9457,decreased predicted RUL
FD004,159,14.9389,1,sensor_15,-50.0121,50.0121,decreased predicted RUL
FD004,159,14.9389,2,cycle,-36.6902,36.6902,decreased predicted RUL
FD004,159,14.9389,3,sensor_13,17.1942,17.1942,increased predicted RUL
FD004,159,14.9389,4,sensor_11,-10.8191,10.8191,decreased predicted RUL
FD004,159,14.9389,5,sensor_6,-8.6916,8.6916,decreased predicted RUL
FD004,159,14.9389,6,sensor_21,-6.3686,6.3686,decreased predicted RUL
FD004,159,14.9389,7,sensor_15_diff,4.7021,4.7021,increased predicted RUL
FD004,159,14.9389,8,sensor_6_rolling_mean,-3.7915,3.7915,decreased predicted RUL
FD004,159,14.9389,9,sensor_4,-3.5862,3.5862,decreased predicted RUL
FD004,159,14.9389,10,sensor_4_diff,-3.4541,3.4541,decreased predicted RUL
FD004,160,149.7867,1,cycle,-30.9282,30.9282,decreased predicted RUL
FD004,160,149.7867,2,sensor_11,16.0126,16.0126,increased predicted RUL
FD004,160,149.7867,3,sensor_4,14.756,14.756,increased predicted RUL
FD004,160,149.7867,4,sensor_9,9.263,9.263,increased predicted RUL
FD004,160,149.7867,5,sensor_2,6.4956,6.4956,increased predicted RUL
FD004,160,149.7867,6,sensor_8,5.8409,5.8409,increased predicted RUL
FD004,160,149.7867,7,sensor_13,-4.9735,4.9735,decreased predicted RUL
FD004,160,149.7867,8,sensor_3,4.8901,4.8901,increased predicted RUL
FD004,160,149.7867,9,sensor_15_diff,-3.4012,3.4012,decreased predicted RUL
FD004,160,149.7867,10,sensor_21,-2.5892,2.5892,decreased predicted RUL
FD004,161,114.2469,1,cycle,-35.3018,35.3018,decreased predicted RUL
FD004,161,114.2469,2,sensor_11,21.2458,21.2458,increased predicted RUL
FD004,161,114.2469,3,sensor_6,-13.8457,13.8457,decreased predicted RUL
FD004,161,114.2469,4,sensor_4,10.9075,10.9075,increased predicted RUL
FD004,161,114.2469,5,sensor_15,10.7698,10.7698,increased predicted RUL
FD004,161,114.2469,6,sensor_13,-6.3702,6.3702,decreased predicted RUL
FD004,161,114.2469,7,sensor_15_diff,-6.1978,6.1978,decreased predicted RUL
FD004,161,114.2469,8,sensor_15_rolling_mean,-5.4847,5.4847,decreased predicted RUL
FD004,161,114.2469,9,sensor_3,3.9384,3.9384,increased predicted RUL
FD004,161,114.2469,10,sensor_4_diff,2.9054,2.9054,increased predicted RUL
FD004,162,89.9358,1,cycle,-16.0684,16.0684,decreased predicted RUL
FD004,162,89.9358,2,sensor_13,-15.0382,15.0382,decreased predicted RUL
FD004,162,89.9358,3,sensor_15,6.6918,6.6918,increased predicted RUL
FD004,162,89.9358,4,sensor_2,-3.5096,3.5096,decreased predicted RUL
FD004,162,89.9358,5,sensor_7,-3.116,3.116,decreased predicted RUL
FD004,162,89.9358,6,sensor_14,3.0072,3.0072,increased predicted RUL
FD004,162,89.9358,7,sensor_15_diff,-2.6736,2.6736,decreased predicted RUL
FD004,162,89.9358,8,sensor_4_diff,2.2361,2.2361,increased predicted RUL
FD004,162,89.9358,9,sensor_13_rolling_mean,2.0007,2.0007,increased predicted RUL
FD004,162,89.9358,10,sensor_6_rolling_mean,-1.9598,1.9598,decreased predicted RUL
FD004,163,121.6362,1,cycle,-26.0619,26.0619,decreased predicted RUL
FD004,163,121.6362,2,sensor_15,10.0265,10.0265,increased predicted RUL
FD004,163,121.6362,3,sensor_11,9.5676,9.5676,increased predicted RUL
FD004,163,121.6362,4,sensor_13,-4.1611,4.1611,decreased predicted RUL
FD004,163,121.6362,5,sensor_14,3.911,3.911,increased predicted RUL
FD004,163,121.6362,6,sensor_13_rolling_std,-3.1901,3.1901,decreased predicted RUL
FD004,163,121.6362,7,sensor_4,2.9464,2.9464,increased predicted RUL
FD004,163,121.6362,8,sensor_4_diff,2.5874,2.5874,increased predicted RUL
FD004,163,121.6362,9,sensor_6_rolling_mean,-2.2043,2.2043,decreased predicted RUL
FD004,163,121.6362,10,sensor_15_diff,-2.18,2.18,decreased predicted RUL
FD004,164,206.2208,1,cycle,57.2962,57.2962,increased predicted RUL
FD004,164,206.2208,2,sensor_11,25.3364,25.3364,increased predicted RUL
FD004,164,206.2208,3,sensor_11_diff,-8.6265,8.6265,decreased predicted RUL
FD004,164,206.2208,4,sensor_13,-7.3532,7.3532,decreased predicted RUL
FD004,164,206.2208,5,sensor_4,5.7047,5.7047,increased predicted RUL
FD004,164,206.2208,6,sensor_13_diff,5.0463,5.0463,increased predicted RUL
FD004,164,206.2208,7,sensor_13_rolling_std,4.4592,4.4592,increased predicted RUL
FD004,164,206.2208,8,sensor_11_rolling_mean,-3.9368,3.9368,decreased predicted RUL
FD004,164,206.2208,9,sensor_15_diff,3.6529,3.6529,increased predicted RUL
FD004,164,206.2208,10,sensor_13_rolling_mean,-3.2859,3.2859,decreased predicted RUL
FD004,165,150.5348,1,cycle,-34.6908,34.6908,decreased predicted RUL
FD004,165,150.5348,2,sensor_11,33.9051,33.9051,increased predicted RUL
FD004,165,150.5348,3,sensor_15,-24.4791,24.4791,decreased predicted RUL
FD004,165,150.5348,4,sensor_4,20.3188,20.3188,increased predicted RUL
FD004,165,150.5348,5,sensor_13,16.7863,16.7863,increased predicted RUL
FD004,165,150.5348,6,sensor_11_diff,-9.5672,9.5672,decreased predicted RUL
FD004,165,150.5348,7,sensor_15_diff,8.3759,8.3759,increased predicted RUL
FD004,165,150.5348,8,sensor_6,-7.9737,7.9737,decreased predicted RUL
FD004,165,150.5348,9,sensor_8,7.3458,7.3458,increased predicted RUL
FD004,165,150.5348,10,sensor_15_rolling_mean,-6.2944,6.2944,decreased predicted RUL
FD004,166,161.1304,1,cycle,18.4599,18.4599,increased predicted RUL
FD004,166,161.1304,2,sensor_11,12.2742,12.2742,increased predicted RUL
FD004,166,161.1304,3,sensor_13,9.238,9.238,increased predicted RUL
FD004,166,161.1304,4,sensor_12,-5.1621,5.1621,decreased predicted RUL
FD004,166,161.1304,5,sensor_6,-4.0142,4.0142,decreased predicted RUL
FD004,166,161.1304,6,sensor_13_rolling_std,3.7842,3.7842,increased predicted RUL
FD004,166,161.1304,7,sensor_2,-3.1985,3.1985,decreased predicted RUL
FD004,166,161.1304,8,sensor_15,3.186,3.186,increased predicted RUL
FD004,166,161.1304,9,sensor_9,2.7213,2.7213,increased predicted RUL
FD004,166,161.1304,10,sensor_15_diff,-2.3023,2.3023,decreased predicted RUL
FD004,167,155.0664,1,sensor_15,21.468,21.468,increased predicted RUL
FD004,167,155.0664,2,sensor_13,12.1206,12.1206,increased predicted RUL
FD004,167,155.0664,3,cycle,-10.1331,10.1331,decreased predicted RUL
FD004,167,155.0664,4,sensor_13_rolling_mean,6.2134,6.2134,increased predicted RUL
FD004,167,155.0664,5,sensor_14,3.8235,3.8235,increased predicted RUL
FD004,167,155.0664,6,sensor_15_diff,3.5739,3.5739,increased predicted RUL
FD004,167,155.0664,7,sensor_6,3.4615,3.4615,increased predicted RUL
FD004,167,155.0664,8,sensor_15_rolling_mean,-3.4291,3.4291,decreased predicted RUL
FD004,167,155.0664,9,sensor_4_rolling_std,-2.4473,2.4473,decreased predicted RUL
FD004,167,155.0664,10,sensor_17_rolling_std,-2.1367,2.1367,decreased predicted RUL
FD004,168,113.5565,1,cycle,11.7732,11.7732,increased predicted RUL
FD004,168,113.5565,2,sensor_15_diff,-8.5308,8.5308,decreased predicted RUL
FD004,168,113.5565,3,sensor_15_rolling_mean,-6.3175,6.3175,decreased predicted RUL
FD004,168,113.5565,4,sensor_4,-5.5326,5.5326,decreased predicted RUL
FD004,168,113.5565,5,sensor_11,-5.2106,5.2106,decreased predicted RUL
FD004,168,113.5565,6,sensor_7,-3.2706,3.2706,decreased predicted RUL
FD004,168,113.5565,7,sensor_13,2.915,2.915,increased predicted RUL
FD004,168,113.5565,8,sensor_11_diff,2.8212,2.8212,increased predicted RUL
FD004,168,113.5565,9,sensor_12,-2.8112,2.8112,decreased predicted RUL
FD004,168,113.5565,10,sensor_6,-2.3192,2.3192,decreased predicted RUL
FD004,169,170.8465,1,cycle,46.5868,46.5868,increased predicted RUL
FD004,169,170.8465,2,sensor_15,12.38,12.38,increased predicted RUL
FD004,169,170.8465,3,sensor_13_rolling_mean,-6.6018,6.6018,decreased predicted RUL
FD004,169,170.8465,4,sensor_6,-6.5097,6.5097,decreased predicted RUL
FD004,169,170.8465,5,sensor_8,5.9286,5.9286,increased predicted RUL
FD004,169,170.8465,6,sensor_4,-5.7123,5.7123,decreased predicted RUL
FD004,169,170.8465,7,sensor_4_diff,3.3759,3.3759,increased predicted RUL
FD004,169,170.8465,8,sensor_15_diff,-3.3671,3.3671,decreased predicted RUL
FD004,169,170.8465,9,sensor_11,-3.0148,3.0148,decreased predicted RUL
FD004,169,170.8465,10,sensor_7,-2.8458,2.8458,decreased predicted RUL
FD004,170,165.1339,1,cycle,29.8486,29.8486,increased predicted RUL
FD004,170,165.1339,2,sensor_15,19.4641,19.4641,increased predicted RUL
FD004,170,165.1339,3,sensor_6,-13.0635,13.0635,decreased predicted RUL
FD004,170,165.1339,4,sensor_11,-8.3795,8.3795,decreased predicted RUL
FD004,170,165.1339,5,sensor_13,6.122,6.122,increased predicted RUL
FD004,170,165.1339,6,sensor_15_diff,-5.634,5.634,decreased predicted RUL
FD004,170,165.1339,7,sensor_21,4.7952,4.7952,increased predicted RUL
FD004,170,165.1339,8,sensor_12,3.8257,3.8257,increased predicted RUL
FD004,170,165.1339,9,sensor_7,3.6491,3.6491,increased predicted RUL
FD004,170,165.1339,10,sensor_4,-3.2224,3.2224,decreased predicted RUL
FD004,171,81.7795,1,cycle,-32.8719,32.8719,decreased predicted RUL
FD004,171,81.7795,2,sensor_13,-13.9592,13.9592,decreased predicted RUL
FD004,171,81.7795,3,sensor_15,12.6032,12.6032,increased predicted RUL
FD004,171,81.7795,4,sensor_15_diff,-11.7994,11.7994,decreased predicted RUL
FD004,171,81.7795,5,sensor_6,-11.3859,11.3859,decreased predicted RUL
FD004,171,81.7795,6,sensor_14,-7.8244,7.8244,decreased predicted RUL
FD004,171,81.7795,7,sensor_15_rolling_mean,-7.6255,7.6255,decreased predicted RUL
FD004,171,81.7795,8,sensor_12,6.9845,6.9845,increased predicted RUL
FD004,171,81.7795,9,sensor_10_diff,4.7958,4.7958,increased predicted RUL
FD004,171,81.7795,10,sensor_7,3.4957,3.4957,increased predicted RUL
FD004,172,23.4535,1,sensor_15,-69.3166,69.3166,decreased predicted RUL
FD004,172,23.4535,2,cycle,-33.8051,33.8051,decreased predicted RUL
FD004,172,23.4535,3,sensor_15_rolling_mean,-7.4402,7.4402,decreased predicted RUL
FD004,172,23.4535,4,sensor_13,5.9519,5.9519,increased predicted RUL
FD004,172,23.4535,5,sensor_4,5.7973,5.7973,increased predicted RUL
FD004,172,23.4535,6,sensor_6,-4.7657,4.7657,decreased predicted RUL
FD004,172,23.4535,7,sensor_8,4.4671,4.4671,increased predicted RUL
FD004,172,23.4535,8,sensor_6_rolling_mean,-4.0776,4.0776,decreased predicted RUL
FD004,172,23.4535,9,sensor_11,4.0598,4.0598,increased predicted RUL
FD004,172,23.4535,10,sensor_4_rolling_std,-4.0275,4.0275,decreased predicted RUL
FD004,173,4.2336,1,cycle,-38.9664,38.9664,decreased predicted RUL
FD004,173,4.2336,2,sensor_13,-20.318,20.318,decreased predicted RUL
FD004,173,4.2336,3,sensor_15,-14.6261,14.6261,decreased predicted RUL
FD004,173,4.2336,4,sensor_11,-11.8175,11.8175,decreased predicted RUL
FD004,173,4.2336,5,sensor_4,-6.6358,6.6358,decreased predicted RUL
FD004,173,4.2336,6,sensor_12,-4.3122,4.3122,decreased predicted RUL
FD004,173,4.2336,7,sensor_21,-3.3468,3.3468,decreased predicted RUL
FD004,173,4.2336,8,sensor_15_diff,3.3032,3.3032,increased predicted RUL
FD004,173,4.2336,9,sensor_7_rolling_std,3.226,3.226,increased predicted RUL
FD004,173,4.2336,10,sensor_6,-2.9836,2.9836,decreased predicted RUL
FD004,174,2.3653,1,sensor_15,-53.1267,53.1267,decreased predicted RUL
FD004,174,2.3653,2,cycle,-37.3535,37.3535,decreased predicted RUL
FD004,174,2.3653,3,sensor_13,16.9972,16.9972,increased predicted RUL
FD004,174,2.3653,4,sensor_6,-8.3445,8.3445,decreased predicted RUL
FD004,174,2.3653,5,sensor_11,-6.2994,6.2994,decreased predicted RUL
FD004,174,2.3653,6,sensor_4,-5.9484,5.9484,decreased predicted RUL
FD004,174,2.3653,7,sensor_21,-5.9481,5.9481,decreased predicted RUL
FD004,174,2.3653,8,sensor_12,-4.3155,4.3155,decreased predicted RUL
FD004,174,2.3653,9,sensor_20,-4.066,4.066,decreased predicted RUL
FD004,174,2.3653,10,sensor_6_rolling_mean,-3.6489,3.6489,decreased predicted RUL
FD004,175,70.6484,1,sensor_15,-58.4407,58.4407,decreased predicted RUL
FD004,175,70.6484,2,cycle,-23.3443,23.3443,decreased predicted RUL
FD004,175,70.6484,3,sensor_11,12.1559,12.1559,increased predicted RUL
FD004,175,70.6484,4,sensor_13,9.6653,9.6653,increased predicted RUL
FD004,175,70.6484,5,sensor_4,6.8307,6.8307,increased predicted RUL
FD004,175,70.6484,6,sensor_15_rolling_mean,-6.3438,6.3438,decreased predicted RUL
FD004,175,70.6484,7,sensor_11_diff,-6.2108,6.2108,decreased predicted RUL
FD004,175,70.6484,8,sensor_9,4.8168,4.8168,increased predicted RUL
FD004,175,70.6484,9,sensor_6,-4.4132,4.4132,decreased predicted RUL
FD004,175,70.6484,10,sensor_2,4.0552,4.0552,increased predicted RUL
FD004,176,99.883,1,cycle,-31.1942,31.1942,decreased predicted RUL
FD004,176,99.883,2,sensor_13,-21.207,21.207,decreased predicted RUL
FD004,176,99.883,3,sensor_11,20.0055,20.0055,increased predicted RUL
FD004,176,99.883,4,sensor_4,10.3775,10.3775,increased predicted RUL
FD004,176,99.883,5,sensor_3,5.3893,5.3893,increased predicted RUL
FD004,176,99.883,6,sensor_15_diff,-4.6761,4.6761,decreased predicted RUL
FD004,176,99.883,7,sensor_2,4.1831,4.1831,increased predicted RUL
FD004,176,99.883,8,sensor_6,-3.624,3.624,decreased predicted RUL
FD004,176,99.883,9,sensor_4_rolling_std,-2.994,2.994,decreased predicted RUL
FD004,176,99.883,10,sensor_13_rolling_std,-2.8436,2.8436,decreased predicted RUL
FD004,177,24.3502,1,cycle,-38.4075,38.4075,decreased predicted RUL
FD004,177,24.3502,2,sensor_15,-32.5858,32.5858,decreased predicted RUL
FD004,177,24.3502,3,sensor_6,-7.741,7.741,decreased predicted RUL
FD004,177,24.3502,4,sensor_7,-5.9157,5.9157,decreased predicted RUL
FD004,177,24.3502,5,sensor_13_rolling_mean,-5.8016,5.8016,decreased predicted RUL
FD004,177,24.3502,6,sensor_21,-4.8017,4.8017,decreased predicted RUL
FD004,177,24.3502,7,sensor_11_rolling_mean,-4.5446,4.5446,decreased predicted RUL
FD004,177,24.3502,8,sensor_4,-4.292,4.292,decreased predicted RUL
FD004,177,24.3502,9,sensor_12,-3.7092,3.7092,decreased predicted RUL
FD004,177,24.3502,10,sensor_15_diff,3.4207,3.4207,increased predicted RUL
FD004,178,149.642,1,cycle,-32.1389,32.1389,decreased predicted RUL
FD004,178,149.642,2,sensor_15,26.463,26.463,increased predicted RUL
FD004,178,149.642,3,sensor_13,17.9321,17.9321,increased predicted RUL
FD004,178,149.642,4,sensor_15_diff,-15.268,15.268,decreased predicted RUL
FD004,178,149.642,5,sensor_6,-8.8862,8.8862,decreased predicted RUL
FD004,178,149.642,6,sensor_13_rolling_mean,5.2868,5.2868,increased predicted RUL
FD004,178,149.642,7,sensor_10_diff,4.932,4.932,increased predicted RUL
FD004,178,149.642,8,sensor_11,4.4821,4.4821,increased predicted RUL
FD004,178,149.642,9,sensor_12,4.4797,4.4797,increased predicted RUL
FD004,178,149.642,10,sensor_21,4.4026,4.4026,increased predicted RUL
FD004,179,16.4509,1,cycle,-59.2785,59.2785,decreased predicted RUL
FD004,179,16.4509,2,sensor_13,-27.7858,27.7858,decreased predicted RUL
FD004,179,16.4509,3,sensor_11,-25.0042,25.0042,decreased predicted RUL
FD004,179,16.4509,4,sensor_4,-10.3626,10.3626,decreased predicted RUL
FD004,179,16.4509,5,sensor_14,-9.9801,9.9801,decreased predicted RUL
FD004,179,16.4509,6,sensor_9,-9.6759,9.6759,decreased predicted RUL
FD004,179,16.4509,7,sensor_15,9.4743,9.4743,increased predicted RUL
FD004,179,16.4509,8,sensor_21,8.1174,8.1174,increased predicted RUL
FD004,179,16.4509,9,sensor_7,7.9517,7.9517,increased predicted RUL
FD004,179,16.4509,10,sensor_20,7.9175,7.9175,increased predicted RUL
FD004,180,31.8521,1,sensor_13,-51.2306,51.2306,decreased predicted RUL
FD004,180,31.8521,2,cycle,-43.5626,43.5626,decreased predicted RUL
FD004,180,31.8521,3,sensor_15,5.544,5.544,increased predicted RUL
FD004,180,31.8521,4,sensor_13_rolling_mean,-5.031,5.031,decreased predicted RUL
FD004,180,31.8521,5,sensor_11,-3.694,3.694,decreased predicted RUL
FD004,180,31.8521,6,sensor_11_rolling_mean,-3.4298,3.4298,decreased predicted RUL
FD004,180,31.8521,7,sensor_4,-2.9427,2.9427,decreased predicted RUL
FD004,180,31.8521,8,sensor_8,-2.5841,2.5841,decreased predicted RUL
FD004,180,31.8521,9,sensor_15_diff,-2.4309,2.4309,decreased predicted RUL
FD004,180,31.8521,10,sensor_2,-2.3779,2.3779,decreased predicted RUL
FD004,181,19.3588,1,cycle,-42.7859,42.7859,decreased predicted RUL
FD004,181,19.3588,2,sensor_13,-31.2376,31.2376,decreased predicted RUL
FD004,181,19.3588,3,sensor_11,-9.3729,9.3729,decreased predicted RUL
FD004,181,19.3588,4,sensor_14,-8.9673,8.9673,decreased predicted RUL
FD004,181,19.3588,5,sensor_4,-7.3987,7.3987,decreased predicted RUL
FD004,181,19.3588,6,sensor_13_rolling_mean,-4.0022,4.0022,decreased predicted RUL
FD004,181,19.3588,7,sensor_15,3.4335,3.4335,increased predicted RUL
FD004,181,19.3588,8,sensor_15_diff,-2.987,2.987,decreased predicted RUL
FD004,181,19.3588,9,sensor_11_rolling_mean,-2.1294,2.1294,decreased predicted RUL
FD004,181,19.3588,10,sensor_6_rolling_mean,-1.5621,1.5621,decreased predicted RUL
FD004,182,158.7589,1,sensor_13,12.5148,12.5148,increased predicted RUL
FD004,182,158.7589,2,sensor_4,11.6861,11.6861,increased predicted RUL
FD004,182,158.7589,3,cycle,-7.8338,7.8338,decreased predicted RUL
FD004,182,158.7589,4,sensor_11,7.7124,7.7124,increased predicted RUL
FD004,182,158.7589,5,sensor_4_diff,-6.4018,6.4018,decreased predicted RUL
FD004,182,158.7589,6,sensor_3,5.9079,5.9079,increased predicted RUL
FD004,182,158.7589,7,sensor_8,5.5056,5.5056,increased predicted RUL
FD004,182,158.7589,8,sensor_9,5.2917,5.2917,increased predicted RUL
FD004,182,158.7589,9,sensor_15_diff,5.0205,5.0205,increased predicted RUL
FD004,182,158.7589,10,sensor_21,-4.1811,4.1811,decreased predicted RUL
FD004,183,7.2941,1,sensor_15,-53.6139,53.6139,decreased predicted RUL
FD004,183,7.2941,2,cycle,-35.5863,35.5863,decreased predicted RUL
FD004,183,7.2941,3,sensor_13,14.949,14.949,increased predicted RUL
FD004,183,7.2941,4,sensor_11,-12.4527,12.4527,decreased predicted RUL
FD004,183,7.2941,5,sensor_15_rolling_mean,-7.598,7.598,decreased predicted RUL
FD004,183,7.2941,6,sensor_4,-7.4988,7.4988,decreased predicted RUL
FD004,183,7.2941,7,sensor_6,-7.3887,7.3887,decreased predicted RUL
FD004,183,7.2941,8,sensor_21,-7.2825,7.2825,decreased predicted RUL
FD004,183,7.2941,9,sensor_15_diff,-6.3538,6.3538,decreased predicted RUL
FD004,183,7.2941,10,sensor_12,-4.3821,4.3821,decreased predicted RUL
FD004,184,14.2773,1,cycle,-39.3718,39.3718,decreased predicted RUL
FD004,184,14.2773,2,sensor_13,-21.8474,21.8474,decreased predicted RUL
FD004,184,14.2773,3,sensor_15,-10.1966,10.1966,decreased predicted RUL
FD004,184,14.2773,4,sensor_11,-10.1293,10.1293,decreased predicted RUL
FD004,184,14.2773,5,sensor_13_rolling_mean,-6.3671,6.3671,decreased predicted RUL
FD004,184,14.2773,6,sensor_4,-6.0613,6.0613,decreased predicted RUL
FD004,184,14.2773,7,sensor_12,-4.5014,4.5014,decreased predicted RUL
FD004,184,14.2773,8,sensor_6,-3.403,3.403,decreased predicted RUL
FD004,184,14.2773,9,sensor_7,-3.2743,3.2743,decreased predicted RUL
FD004,184,14.2773,10,sensor_11_rolling_mean,-3.1542,3.1542,decreased predicted RUL
FD004,185,53.4543,1,cycle,-32.995,32.995,decreased predicted RUL
FD004,185,53.4543,2,sensor_11,-22.0044,22.0044,decreased predicted RUL
FD004,185,53.4543,3,sensor_4,-11.4246,11.4246,decreased predicted RUL
FD004,185,53.4543,4,sensor_15,11.2868,11.2868,increased predicted RUL
FD004,185,53.4543,5,sensor_13,-7.178,7.178,decreased predicted RUL
FD004,185,53.4543,6,sensor_15_diff,-6.142,6.142,decreased predicted RUL
FD004,185,53.4543,7,sensor_2,-4.9239,4.9239,decreased predicted RUL
FD004,185,53.4543,8,sensor_12,4.3148,4.3148,increased predicted RUL
FD004,185,53.4543,9,sensor_8,-3.2437,3.2437,decreased predicted RUL
FD004,185,53.4543,10,sensor_11_rolling_mean,-2.5651,2.5651,decreased predicted RUL
FD004,186,155.6306,1,cycle,39.8126,39.8126,increased predicted RUL
FD004,186,155.6306,2,sensor_15,-17.8623,17.8623,decreased predicted RUL
FD004,186,155.6306,3,sensor_15_rolling_mean,-17.0871,17.0871,decreased predicted RUL
FD004,186,155.6306,4,sensor_4,5.678,5.678,increased predicted RUL
FD004,186,155.6306,5,sensor_3,5.5005,5.5005,increased predicted RUL
FD004,186,155.6306,6,sensor_4_rolling_mean,5.1509,5.1509,increased predicted RUL
FD004,186,155.6306,7,sensor_15_diff,-5.0445,5.0445,decreased predicted RUL
FD004,186,155.6306,8,sensor_8,4.7145,4.7145,increased predicted RUL
FD004,186,155.6306,9,sensor_11,4.4681,4.4681,increased predicted RUL
FD004,186,155.6306,10,sensor_11_rolling_mean,4.3888,4.3888,increased predicted RUL
FD004,187,49.6861,1,sensor_15,-35.6819,35.6819,decreased predicted RUL
FD004,187,49.6861,2,cycle,-31.6286,31.6286,decreased predicted RUL
FD004,187,49.6861,3,sensor_13,14.593,14.593,increased predicted RUL
FD004,187,49.6861,4,sensor_6,-7.3096,7.3096,decreased predicted RUL
FD004,187,49.6861,5,sensor_15_diff,5.9818,5.9818,increased predicted RUL
FD004,187,49.6861,6,sensor_21,-5.853,5.853,decreased predicted RUL
FD004,187,49.6861,7,sensor_4_diff,-5.5373,5.5373,decreased predicted RUL
FD004,187,49.6861,8,sensor_11,-5.2238,5.2238,decreased predicted RUL
FD004,187,49.6861,9,sensor_11_diff,-3.5459,3.5459,decreased predicted RUL
FD004,187,49.6861,10,sensor_12,-2.8046,2.8046,decreased predicted RUL
FD004,188,120.2565,1,cycle,-25.6791,25.6791,decreased predicted RUL
FD004,188,120.2565,2,sensor_11,13.3777,13.3777,increased predicted RUL
FD004,188,120.2565,3,sensor_4,8.9002,8.9002,increased predicted RUL
FD004,188,120.2565,4,sensor_13,6.2106,6.2106,increased predicted RUL
FD004,188,120.2565,5,sensor_15_rolling_mean,-4.8237,4.8237,decreased predicted RUL
FD004,188,120.2565,6,sensor_6,-3.9273,3.9273,decreased predicted RUL
FD004,188,120.2565,7,sensor_15_diff,-3.7406,3.7406,decreased predicted RUL
FD004,188,120.2565,8,sensor_15,-3.6055,3.6055,decreased predicted RUL
FD004,188,120.2565,9,sensor_8,3.4219,3.4219,increased predicted RUL
FD004,188,120.2565,10,sensor_9,3.2763,3.2763,increased predicted RUL
FD004,189,135.4454,1,cycle,-21.6764,21.6764,decreased predicted RUL
FD004,189,135.4454,2,sensor_11,15.6703,15.6703,increased predicted RUL
FD004,189,135.4454,3,sensor_13,-14.8422,14.8422,decreased predicted RUL
FD004,189,135.4454,4,sensor_4,12.7836,12.7836,increased predicted RUL
FD004,189,135.4454,5,sensor_13_rolling_mean,-7.599,7.599,decreased predicted RUL
FD004,189,135.4454,6,sensor_2,7.2508,7.2508,increased predicted RUL
FD004,189,135.4454,7,sensor_7_diff,4.9664,4.9664,increased predicted RUL
FD004,189,135.4454,8,sensor_9,4.8059,4.8059,increased predicted RUL
FD004,189,135.4454,9,sensor_15_diff,4.6766,4.6766,increased predicted RUL
FD004,189,135.4454,10,sensor_15,4.2733,4.2733,increased predicted RUL
FD004,190,62.5462,1,sensor_15,-44.6824,44.6824,decreased predicted RUL
FD004,190,62.5462,2,cycle,-37.6945,37.6945,decreased predicted RUL
FD004,190,62.5462,3,sensor_11,20.031,20.031,increased predicted RUL
FD004,190,62.5462,4,sensor_6,-12.6929,12.6929,decreased predicted RUL
FD004,190,62.5462,5,sensor_4,12.0244,12.0244,increased predicted RUL
FD004,190,62.5462,6,sensor_15_rolling_mean,-9.9695,9.9695,decreased predicted RUL
FD004,190,62.5462,7,sensor_8,-6.9002,6.9002,decreased predicted RUL
FD004,190,62.5462,8,sensor_13,6.7632,6.7632,increased predicted RUL
FD004,190,62.5462,9,sensor_11_diff,-6.3893,6.3893,decreased predicted RUL
FD004,190,62.5462,10,sensor_4_rolling_mean,5.6552,5.6552,increased predicted RUL
FD004,191,236.6334,1,sensor_15,32.0297,32.0297,increased predicted RUL
FD004,191,236.6334,2,cycle,30.8044,30.8044,increased predicted RUL
FD004,191,236.6334,3,sensor_12,19.7611,19.7611,increased predicted RUL
FD004,191,236.6334,4,sensor_7,13.3722,13.3722,increased predicted RUL
FD004,191,236.6334,5,sensor_13,10.9106,10.9106,increased predicted RUL
FD004,191,236.6334,6,sensor_15_diff,-6.3387,6.3387,decreased predicted RUL
FD004,191,236.6334,7,sensor_4,-5.5364,5.5364,decreased predicted RUL
FD004,191,236.6334,8,sensor_21,4.2917,4.2917,increased predicted RUL
FD004,191,236.6334,9,sensor_13_rolling_std,3.6279,3.6279,increased predicted RUL
FD004,191,236.6334,10,sensor_6,3.1658,3.1658,increased predicted RUL
FD004,192,82.3097,1,cycle,-49.7805,49.7805,decreased predicted RUL
FD004,192,82.3097,2,sensor_15,14.8678,14.8678,increased predicted RUL
FD004,192,82.3097,3,sensor_13,-10.3568,10.3568,decreased predicted RUL
FD004,192,82.3097,4,sensor_12,9.5764,9.5764,increased predicted RUL
FD004,192,82.3097,5,sensor_21,9.4555,9.4555,increased predicted RUL
FD004,192,82.3097,6,sensor_7,8.4633,8.4633,increased predicted RUL
FD004,192,82.3097,7,sensor_14,-8.0553,8.0553,decreased predicted RUL
FD004,192,82.3097,8,sensor_6,7.1856,7.1856,increased predicted RUL
FD004,192,82.3097,9,sensor_11,-6.7954,6.7954,decreased predicted RUL
FD004,192,82.3097,10,sensor_9,-6.6616,6.6616,decreased predicted RUL
FD004,193,99.0491,1,cycle,-37.0958,37.0958,decreased predicted RUL
FD004,193,99.0491,2,sensor_15,23.8427,23.8427,increased predicted RUL
FD004,193,99.0491,3,sensor_15_diff,-10.0567,10.0567,decreased predicted RUL
FD004,193,99.0491,4,sensor_7,8.7172,8.7172,increased predicted RUL
FD004,193,99.0491,5,sensor_9,-7.4088,7.4088,decreased predicted RUL
FD004,193,99.0491,6,sensor_12,6.695,6.695,increased predicted RUL
FD004,193,99.0491,7,sensor_4,-6.5044,6.5044,decreased predicted RUL
FD004,193,99.0491,8,sensor_14,-5.1632,5.1632,decreased predicted RUL
FD004,193,99.0491,9,sensor_6,-4.694,4.694,decreased predicted RUL
FD004,193,99.0491,10,sensor_13,4.4546,4.4546,increased predicted RUL
FD004,194,4.854,1,cycle,-47.7807,47.7807,decreased predicted RUL
FD004,194,4.854,2,sensor_13,-47.643,47.643,decreased predicted RUL
FD004,194,4.854,3,sensor_6,-12.5688,12.5688,decreased predicted RUL
FD004,194,4.854,4,sensor_15_diff,-6.1939,6.1939,decreased predicted RUL
FD004,194,4.854,5,sensor_15,4.9421,4.9421,increased predicted RUL
FD004,194,4.854,6,sensor_15_rolling_mean,-3.6399,3.6399,decreased predicted RUL
FD004,194,4.854,7,sensor_4,-3.535,3.535,decreased predicted RUL
FD004,194,4.854,8,sensor_8,-3.211,3.211,decreased predicted RUL
FD004,194,4.854,9,sensor_13_diff,3.0581,3.0581,increased predicted RUL
FD004,194,4.854,10,sensor_11,-2.9893,2.9893,decreased predicted RUL
FD004,195,165.631,1,cycle,-34.9036,34.9036,decreased predicted RUL
FD004,195,165.631,2,sensor_13,32.9036,32.9036,increased predicted RUL
FD004,195,165.631,3,sensor_15,29.0089,29.0089,increased predicted RUL
FD004,195,165.631,4,sensor_13_rolling_mean,7.4582,7.4582,increased predicted RUL
FD004,195,165.631,5,sensor_8,5.683,5.683,increased predicted RUL
FD004,195,165.631,6,sensor_15_rolling_mean,-5.3667,5.3667,decreased predicted RUL
FD004,195,165.631,7,sensor_6_rolling_mean,-3.9984,3.9984,decreased predicted RUL
FD004,195,165.631,8,sensor_6,-3.521,3.521,decreased predicted RUL
FD004,195,165.631,9,sensor_11_rolling_mean,3.3281,3.3281,increased predicted RUL
FD004,195,165.631,10,sensor_4_rolling_std,-3.1922,3.1922,decreased predicted RUL
FD004,196,135.7242,1,cycle,19.2286,19.2286,increased predicted RUL
FD004,196,135.7242,2,sensor_13,-15.7515,15.7515,decreased predicted RUL
FD004,196,135.7242,3,sensor_15,-10.3327,10.3327,decreased predicted RUL
FD004,196,135.7242,4,sensor_4,8.829,8.829,increased predicted RUL
FD004,196,135.7242,5,sensor_3,7.6939,7.6939,increased predicted RUL
FD004,196,135.7242,6,sensor_15_rolling_mean,-6.8975,6.8975,decreased predicted RUL
FD004,196,135.7242,7,sensor_11_rolling_mean,6.3354,6.3354,increased predicted RUL
FD004,196,135.7242,8,sensor_12,-5.379,5.379,decreased predicted RUL
FD004,196,135.7242,9,sensor_2,5.1896,5.1896,increased predicted RUL
FD004,196,135.7242,10,sensor_7,-3.7871,3.7871,decreased predicted RUL
FD004,197,41.5564,1,cycle,-39.7745,39.7745,decreased predicted RUL
FD004,197,41.5564,2,sensor_13,-30.4276,30.4276,decreased predicted RUL
FD004,197,41.5564,3,sensor_4,8.0891,8.0891,increased predicted RUL
FD004,197,41.5564,4,sensor_15,-7.1936,7.1936,decreased predicted RUL
FD004,197,41.5564,5,sensor_11,6.2844,6.2844,increased predicted RUL
FD004,197,41.5564,6,sensor_6,-6.2391,6.2391,decreased predicted RUL
FD004,197,41.5564,7,sensor_21,-5.5337,5.5337,decreased predicted RUL
FD004,197,41.5564,8,sensor_13_rolling_mean,-4.1062,4.1062,decreased predicted RUL
FD004,197,41.5564,9,sensor_11_rolling_mean,-2.6018,2.6018,decreased predicted RUL
FD004,197,41.5564,10,sensor_2,2.1742,2.1742,increased predicted RUL
FD004,198,18.6059,1,cycle,-32.6473,32.6473,decreased predicted RUL
FD004,198,18.6059,2,sensor_13,-21.5967,21.5967,decreased predicted RUL
FD004,198,18.6059,3,sensor_15,-11.7542,11.7542,decreased predicted RUL
FD004,198,18.6059,4,sensor_11,-9.4655,9.4655,decreased predicted RUL
FD004,198,18.6059,5,sensor_13_rolling_mean,-6.9043,6.9043,decreased predicted RUL
FD004,198,18.6059,6,sensor_4,-6.7896,6.7896,decreased predicted RUL
FD004,198,18.6059,7,sensor_6,-4.7769,4.7769,decreased predicted RUL
FD004,198,18.6059,8,sensor_12,-4.6096,4.6096,decreased predicted RUL
FD004,198,18.6059,9,sensor_2,-3.382,3.382,decreased predicted RUL
FD004,198,18.6059,10,sensor_15_diff,3.1471,3.1471,increased predicted RUL
FD004,199,56.8191,1,cycle,-35.885,35.885,decreased predicted RUL
FD004,199,56.8191,2,sensor_11,-22.9471,22.9471,decreased predicted RUL
FD004,199,56.8191,3,sensor_4,-13.1149,13.1149,decreased predicted RUL
FD004,199,56.8191,4,sensor_15,7.5231,7.5231,increased predicted RUL
FD004,199,56.8191,5,sensor_15_diff,-5.9865,5.9865,decreased predicted RUL
FD004,199,56.8191,6,sensor_2,-5.0158,5.0158,decreased predicted RUL
FD004,199,56.8191,7,sensor_11_rolling_mean,-4.1477,4.1477,decreased predicted RUL
FD004,199,56.8191,8,sensor_9,3.7991,3.7991,increased predicted RUL
FD004,199,56.8191,9,sensor_17,-3.6757,3.6757,decreased predicted RUL
FD004,199,56.8191,10,sensor_20,3.3184,3.3184,increased predicted RUL
FD004,200,78.7359,1,sensor_15,-53.4957,53.4957,decreased predicted RUL
FD004,200,78.7359,2,cycle,-23.8828,23.8828,decreased predicted RUL
FD004,200,78.7359,3,sensor_11,15.3354,15.3354,increased predicted RUL
FD004,200,78.7359,4,sensor_13,9.9644,9.9644,increased predicted RUL
FD004,200,78.7359,5,sensor_15_rolling_mean,-8.5327,8.5327,decreased predicted RUL
FD004,200,78.7359,6,sensor_4,7.7746,7.7746,increased predicted RUL
FD004,200,78.7359,7,sensor_6,-6.2518,6.2518,decreased predicted RUL
FD004,200,78.7359,8,sensor_2,5.4257,5.4257,increased predicted RUL
FD004,200,78.7359,9,sensor_17,4.7446,4.7446,increased predicted RUL
FD004,200,78.7359,10,sensor_13_rolling_mean,4.5361,4.5361,increased predicted RUL
FD004,201,108.7422,1,cycle,-37.0688,37.0688,decreased predicted RUL
FD004,201,108.7422,2,sensor_13,-18.0473,18.0473,decreased predicted RUL
FD004,201,108.7422,3,sensor_11,14.8551,14.8551,increased predicted RUL
FD004,201,108.7422,4,sensor_4,11.5436,11.5436,increased predicted RUL
FD004,201,108.7422,5,sensor_13_rolling_mean,-4.462,4.462,decreased predicted RUL
FD004,201,108.7422,6,sensor_9,4.4425,4.4425,increased predicted RUL
FD004,201,108.7422,7,sensor_3,3.9342,3.9342,increased predicted RUL
FD004,201,108.7422,8,sensor_2,3.63,3.63,increased predicted RUL
FD004,201,108.7422,9,sensor_21,-3.3586,3.3586,decreased predicted RUL
FD004,201,108.7422,10,sensor_6,-3.1443,3.1443,decreased predicted RUL
FD004,202,11.4117,1,sensor_15,-76.2973,76.2973,decreased predicted RUL
FD004,202,11.4117,2,cycle,-34.9242,34.9242,decreased predicted RUL
FD004,202,11.4117,3,sensor_6,-6.7766,6.7766,decreased predicted RUL
FD004,202,11.4117,4,sensor_11_diff,-6.6534,6.6534,decreased predicted RUL
FD004,202,11.4117,5,sensor_11,5.9282,5.9282,increased predicted RUL
FD004,202,11.4117,6,sensor_13,5.1772,5.1772,increased predicted RUL
FD004,202,11.4117,7,sensor_4,4.4904,4.4904,increased predicted RUL
FD004,202,11.4117,8,sensor_4_rolling_std,-4.328,4.328,decreased predicted RUL
FD004,202,11.4117,9,sensor_17,4.209,4.209,increased predicted RUL
FD004,202,11.4117,10,sensor_15_diff,3.6684,3.6684,increased predicted RUL
FD004,203,249.0614,1,sensor_11,47.4392,47.4392,increased predicted RUL
FD004,203,249.0614,2,sensor_4,21.8069,21.8069,increased predicted RUL
FD004,203,249.0614,3,sensor_13,19.741,19.741,increased predicted RUL
FD004,203,249.0614,4,sensor_15,-13.6769,13.6769,decreased predicted RUL
FD004,203,249.0614,5,sensor_8,9.1785,9.1785,increased predicted RUL
FD004,203,249.0614,6,sensor_2,8.7503,8.7503,increased predicted RUL
FD004,203,249.0614,7,sensor_9,8.029,8.029,increased predicted RUL
FD004,203,249.0614,8,sensor_3,7.5867,7.5867,increased predicted RUL
FD004,203,249.0614,9,cycle,7.2093,7.2093,increased predicted RUL
FD004,203,249.0614,10,sensor_15_rolling_mean,-5.9499,5.9499,decreased predicted RUL
FD004,204,173.5271,1,cycle,70.4779,70.4779,increased predicted RUL
FD004,204,173.5271,2,sensor_15,-22.3059,22.3059,decreased predicted RUL
FD004,204,173.5271,3,sensor_13,8.2249,8.2249,increased predicted RUL
FD004,204,173.5271,4,sensor_15_rolling_mean,-4.1492,4.1492,decreased predicted RUL
FD004,204,173.5271,5,sensor_12,-4.0827,4.0827,decreased predicted RUL
FD004,204,173.5271,6,sensor_21,-4.04,4.04,decreased predicted RUL
FD004,204,173.5271,7,sensor_9,3.1229,3.1229,increased predicted RUL
FD004,204,173.5271,8,sensor_13_rolling_mean,2.5006,2.5006,increased predicted RUL
FD004,204,173.5271,9,sensor_10,-2.3043,2.3043,decreased predicted RUL
FD004,204,173.5271,10,sensor_20,-2.2199,2.2199,decreased predicted RUL
FD004,205,86.272,1,sensor_15,-35.337,35.337,decreased predicted RUL
FD004,205,86.272,2,sensor_13,16.9025,16.9025,increased predicted RUL
FD004,205,86.272,3,sensor_11,-9.4659,9.4659,decreased predicted RUL
FD004,205,86.272,4,cycle,-6.8341,6.8341,decreased predicted RUL
FD004,205,86.272,5,sensor_7,-6.3104,6.3104,decreased predicted RUL
FD004,205,86.272,6,sensor_21,-5.9224,5.9224,decreased predicted RUL
FD004,205,86.272,7,sensor_9,4.4376,4.4376,increased predicted RUL
FD004,205,86.272,8,sensor_4,3.8257,3.8257,increased predicted RUL
FD004,205,86.272,9,sensor_20_rolling_mean,-3.1198,3.1198,decreased predicted RUL
FD004,205,86.272,10,sensor_8,2.9884,2.9884,increased predicted RUL
FD004,206,130.3457,1,cycle,-30.8807,30.8807,decreased predicted RUL
FD004,206,130.3457,2,sensor_15,22.9597,22.9597,increased predicted RUL
FD004,206,130.3457,3,sensor_9,-11.9565,11.9565,decreased predicted RUL
FD004,206,130.3457,4,sensor_12,11.4145,11.4145,increased predicted RUL
FD004,206,130.3457,5,sensor_7,9.3385,9.3385,increased predicted RUL
FD004,206,130.3457,6,sensor_13,8.1335,8.1335,increased predicted RUL
FD004,206,130.3457,7,sensor_15_diff,-5.8296,5.8296,decreased predicted RUL
FD004,206,130.3457,8,sensor_6,5.4725,5.4725,increased predicted RUL
FD004,206,130.3457,9,sensor_20,5.2587,5.2587,increased predicted RUL
FD004,206,130.3457,10,sensor_21,5.0788,5.0788,increased predicted RUL
FD004,207,133.1545,1,cycle,-36.0014,36.0014,decreased predicted RUL
FD004,207,133.1545,2,sensor_15,11.0278,11.0278,increased predicted RUL
FD004,207,133.1545,3,sensor_13,-10.3797,10.3797,decreased predicted RUL
FD004,207,133.1545,4,sensor_6,8.0652,8.0652,increased predicted RUL
FD004,207,133.1545,5,sensor_11,6.5062,6.5062,increased predicted RUL
FD004,207,133.1545,6,sensor_12,6.2651,6.2651,increased predicted RUL
FD004,207,133.1545,7,sensor_4,4.7927,4.7927,increased predicted RUL
FD004,207,133.1545,8,sensor_14,4.5408,4.5408,increased predicted RUL
FD004,207,133.1545,9,sensor_21,3.5155,3.5155,increased predicted RUL
FD004,207,133.1545,10,sensor_13_diff,3.2713,3.2713,increased predicted RUL
FD004,208,85.7347,1,cycle,-31.7211,31.7211,decreased predicted RUL
FD004,208,85.7347,2,sensor_13,-14.0082,14.0082,decreased predicted RUL
FD004,208,85.7347,3,sensor_14,4.5508,4.5508,increased predicted RUL
FD004,208,85.7347,4,sensor_12,-4.5178,4.5178,decreased predicted RUL
FD004,208,85.7347,5,sensor_11,4.3643,4.3643,increased predicted RUL
FD004,208,85.7347,6,sensor_15,4.1876,4.1876,increased predicted RUL
FD004,208,85.7347,7,sensor_15_diff,-3.1034,3.1034,decreased predicted RUL
FD004,208,85.7347,8,sensor_8,-2.5545,2.5545,decreased predicted RUL
FD004,208,85.7347,9,sensor_7,-2.3203,2.3203,decreased predicted RUL
FD004,208,85.7347,10,sensor_4_diff,2.1118,2.1118,increased predicted RUL
FD004,209,17.2364,1,sensor_13,-43.0827,43.0827,decreased predicted RUL
FD004,209,17.2364,2,cycle,-41.5739,41.5739,decreased predicted RUL
FD004,209,17.2364,3,sensor_11,-9.4906,9.4906,decreased predicted RUL
FD004,209,17.2364,4,sensor_4,-7.6639,7.6639,decreased predicted RUL
FD004,209,17.2364,5,sensor_15,4.2554,4.2554,increased predicted RUL
FD004,209,17.2364,6,sensor_15_diff,-3.7123,3.7123,decreased predicted RUL
FD004,209,17.2364,7,sensor_13_rolling_mean,-2.7125,2.7125,decreased predicted RUL
FD004,209,17.2364,8,sensor_13_diff,2.0044,2.0044,increased predicted RUL
FD004,209,17.2364,9,sensor_17,-1.8673,1.8673,decreased predicted RUL
FD004,209,17.2364,10,sensor_11_rolling_mean,-1.825,1.825,decreased predicted RUL
FD004,210,88.5154,1,cycle,-28.7064,28.7064,decreased predicted RUL
FD004,210,88.5154,2,sensor_15,-17.0913,17.0913,decreased predicted RUL
FD004,210,88.5154,3,sensor_11,10.5532,10.5532,increased predicted RUL
FD004,210,88.5154,4,sensor_4,8.2693,8.2693,increased predicted RUL
FD004,210,88.5154,5,sensor_15_rolling_mean,-7.6975,7.6975,decreased predicted RUL
FD004,210,88.5154,6,sensor_6,-5.6774,5.6774,decreased predicted RUL
FD004,210,88.5154,7,sensor_7,-5.0727,5.0727,decreased predicted RUL
FD004,210,88.5154,8,sensor_4_rolling_mean,5.0344,5.0344,increased predicted RUL
FD004,210,88.5154,9,sensor_13,3.5284,3.5284,increased predicted RUL
FD004,210,88.5154,10,sensor_6_rolling_mean,-2.9406,2.9406,decreased predicted RUL
FD004,211,163.9316,1,cycle,-33.5382,33.5382,decreased predicted RUL
FD004,211,163.9316,2,sensor_13,31.8638,31.8638,increased predicted RUL
FD004,211,163.9316,3,sensor_15,27.032,27.032,increased predicted RUL
FD004,211,163.9316,4,sensor_6,-7.1769,7.1769,decreased predicted RUL
FD004,211,163.9316,5,sensor_8,6.334,6.334,increased predicted RUL
FD004,211,163.9316,6,sensor_15_diff,-5.0895,5.0895,decreased predicted RUL
FD004,211,163.9316,7,sensor_21,4.4873,4.4873,increased predicted RUL
FD004,211,163.9316,8,sensor_11_rolling_mean,-3.5812,3.5812,decreased predicted RUL
FD004,211,163.9316,9,sensor_6_rolling_mean,-3.5367,3.5367,decreased predicted RUL
FD004,211,163.9316,10,sensor_4,-3.0198,3.0198,decreased predicted RUL
FD004,212,78.2969,1,sensor_15,-38.4559,38.4559,decreased predicted RUL
FD004,212,78.2969,2,cycle,-37.3467,37.3467,decreased predicted RUL
FD004,212,78.2969,3,sensor_11,25.6107,25.6107,increased predicted RUL
FD004,212,78.2969,4,sensor_6,-15.0973,15.0973,decreased predicted RUL
FD004,212,78.2969,5,sensor_4,13.9175,13.9175,increased predicted RUL
FD004,212,78.2969,6,sensor_11_diff,-8.6994,8.6994,decreased predicted RUL
FD004,212,78.2969,7,sensor_13,8.5703,8.5703,increased predicted RUL
FD004,212,78.2969,8,sensor_2,8.469,8.469,increased predicted RUL
FD004,212,78.2969,9,sensor_15_diff,5.7362,5.7362,increased predicted RUL
FD004,212,78.2969,10,sensor_3,5.4154,5.4154,increased predicted RUL
FD004,213,20.243,1,cycle,-54.6604,54.6604,decreased predicted RUL
FD004,213,20.243,2,sensor_13,-24.7149,24.7149,decreased predicted RUL
FD004,213,20.243,3,sensor_11,-18.1481,18.1481,decreased predicted RUL
FD004,213,20.243,4,sensor_9,-9.4852,9.4852,decreased predicted RUL
FD004,213,20.243,5,sensor_12,9.2174,9.2174,increased predicted RUL
FD004,213,20.243,6,sensor_15,9.0546,9.0546,increased predicted RUL
FD004,213,20.243,7,sensor_14,-8.7493,8.7493,decreased predicted RUL
FD004,213,20.243,8,sensor_4,-8.7183,8.7183,decreased predicted RUL
FD004,213,20.243,9,sensor_21,7.7344,7.7344,increased predicted RUL
FD004,213,20.243,10,sensor_7,7.1943,7.1943,increased predicted RUL
FD004,214,83.788,1,cycle,-21.1555,21.1555,decreased predicted RUL
FD004,214,83.788,2,sensor_11,14.2661,14.2661,increased predicted RUL
FD004,214,83.788,3,sensor_13,-9.4683,9.4683,decreased predicted RUL
FD004,214,83.788,4,sensor_15,-8.9934,8.9934,decreased predicted RUL
FD004,214,83.788,5,sensor_15_diff,3.4654,3.4654,increased predicted RUL
FD004,214,83.788,6,sensor_13_rolling_mean,-3.4294,3.4294,decreased predicted RUL
FD004,214,83.788,7,sensor_12,-3.0916,3.0916,decreased predicted RUL
FD004,214,83.788,8,sensor_21,-2.6735,2.6735,decreased predicted RUL
FD004,214,83.788,9,sensor_11_rolling_mean,-2.6559,2.6559,decreased predicted RUL
FD004,214,83.788,10,sensor_7,-2.5396,2.5396,decreased predicted RUL
FD004,215,140.4363,1,cycle,11.7508,11.7508,increased predicted RUL
FD004,215,140.4363,2,sensor_15,-8.0464,8.0464,decreased predicted RUL
FD004,215,140.4363,3,sensor_11,5.4717,5.4717,increased predicted RUL
FD004,215,140.4363,4,sensor_8,4.9373,4.9373,increased predicted RUL
FD004,215,140.4363,5,sensor_3,4.8511,4.8511,increased predicted RUL
FD004,215,140.4363,6,sensor_11_diff,-4.1839,4.1839,decreased predicted RUL
FD004,215,140.4363,7,sensor_15_diff,3.8439,3.8439,increased predicted RUL
FD004,215,140.4363,8,sensor_6,3.7328,3.7328,increased predicted RUL
FD004,215,140.4363,9,sensor_12,-3.6919,3.6919,decreased predicted RUL
FD004,215,140.4363,10,sensor_7,-3.0608,3.0608,decreased predicted RUL
FD004,216,8.8571,1,cycle,-36.207,36.207,decreased predicted RUL
FD004,216,8.8571,2,sensor_11,-30.5816,30.5816,decreased predicted RUL
FD004,216,8.8571,3,sensor_13,-18.2884,18.2884,decreased predicted RUL
FD004,216,8.8571,4,sensor_4,-13.3169,13.3169,decreased predicted RUL
FD004,216,8.8571,5,sensor_15,5.9195,5.9195,increased predicted RUL
FD004,216,8.8571,6,sensor_15_diff,-5.5152,5.5152,decreased predicted RUL
FD004,216,8.8571,7,sensor_2,-4.9638,4.9638,decreased predicted RUL
FD004,216,8.8571,8,sensor_9,-4.7874,4.7874,decreased predicted RUL
FD004,216,8.8571,9,sensor_15_rolling_mean,-3.1648,3.1648,decreased predicted RUL
FD004,216,8.8571,10,sensor_8,-2.9701,2.9701,decreased predicted RUL
FD004,217,65.1435,1,sensor_15,-35.2543,35.2543,decreased predicted RUL
FD004,217,65.1435,2,cycle,-33.3867,33.3867,decreased predicted RUL
FD004,217,65.1435,3,sensor_13,13.9924,13.9924,increased predicted RUL
FD004,217,65.1435,4,sensor_15_diff,-7.137,7.137,decreased predicted RUL
FD004,217,65.1435,5,sensor_6,-5.9879,5.9879,decreased predicted RUL
FD004,217,65.1435,6,sensor_4,5.6975,5.6975,increased predicted RUL
FD004,217,65.1435,7,sensor_9,5.0661,5.0661,increased predicted RUL
FD004,217,65.1435,8,sensor_4_rolling_std,-4.6171,4.6171,decreased predicted RUL
FD004,217,65.1435,9,sensor_12,-4.3556,4.3556,decreased predicted RUL
FD004,217,65.1435,10,sensor_21,-4.2682,4.2682,decreased predicted RUL
FD004,218,141.0257,1,cycle,19.8998,19.8998,increased predicted RUL
FD004,218,141.0257,2,sensor_11,5.818,5.818,increased predicted RUL
FD004,218,141.0257,3,sensor_11_rolling_mean,-5.0337,5.0337,decreased predicted RUL
FD004,218,141.0257,4,sensor_13_rolling_std,4.7184,4.7184,increased predicted RUL
FD004,218,141.0257,5,sensor_12,-4.5842,4.5842,decreased predicted RUL
FD004,218,141.0257,6,sensor_15_rolling_mean,3.5833,3.5833,increased predicted RUL
FD004,218,141.0257,7,sensor_13_rolling_mean,-3.1064,3.1064,decreased predicted RUL
FD004,218,141.0257,8,sensor_15,-3.1022,3.1022,decreased predicted RUL
FD004,218,141.0257,9,sensor_7,-2.9828,2.9828,decreased predicted RUL
FD004,218,141.0257,10,sensor_15_diff,2.6837,2.6837,increased predicted RUL
FD004,219,39.7911,1,sensor_15,-43.5504,43.5504,decreased predicted RUL
FD004,219,39.7911,2,cycle,-26.2134,26.2134,decreased predicted RUL
FD004,219,39.7911,3,sensor_13,17.0073,17.0073,increased predicted RUL
FD004,219,39.7911,4,sensor_6,-7.3639,7.3639,decreased predicted RUL
FD004,219,39.7911,5,sensor_11,-7.1518,7.1518,decreased predicted RUL
FD004,219,39.7911,6,sensor_15_rolling_mean,-6.3832,6.3832,decreased predicted RUL
FD004,219,39.7911,7,sensor_21,-5.7839,5.7839,decreased predicted RUL
FD004,219,39.7911,8,sensor_4,-5.43,5.43,decreased predicted RUL
FD004,219,39.7911,9,sensor_13_rolling_mean,5.2968,5.2968,increased predicted RUL
FD004,219,39.7911,10,sensor_12,-3.8939,3.8939,decreased predicted RUL
FD004,220,191.9989,1,cycle,31.8597,31.8597,increased predicted RUL
FD004,220,191.9989,2,sensor_15,15.0659,15.0659,increased predicted RUL
FD004,220,191.9989,3,sensor_12,13.5686,13.5686,increased predicted RUL
FD004,220,191.9989,4,sensor_13,-9.154,9.154,decreased predicted RUL
FD004,220,191.9989,5,sensor_7,8.8272,8.8272,increased predicted RUL
FD004,220,191.9989,6,sensor_11_rolling_mean,-5.3478,5.3478,decreased predicted RUL
FD004,220,191.9989,7,sensor_6,4.03,4.03,increased predicted RUL
FD004,220,191.9989,8,sensor_13_rolling_mean,-3.7372,3.7372,decreased predicted RUL
FD004,220,191.9989,9,sensor_15_rolling_mean,3.2109,3.2109,increased predicted RUL
FD004,220,191.9989,10,sensor_2,2.5464,2.5464,increased predicted RUL
FD004,221,91.577,1,sensor_15,-38.6054,38.6054,decreased predicted RUL
FD004,221,91.577,2,cycle,-36.4983,36.4983,decreased predicted RUL
FD004,221,91.577,3,sensor_11,24.1375,24.1375,increased predicted RUL
FD004,221,91.577,4,sensor_4,18.2025,18.2025,increased predicted RUL
FD004,221,91.577,5,sensor_13,14.352,14.352,increased predicted RUL
FD004,221,91.577,6,sensor_6,-10.3749,10.3749,decreased predicted RUL
FD004,221,91.577,7,sensor_3,5.8494,5.8494,increased predicted RUL
FD004,221,91.577,8,sensor_17,5.0173,5.0173,increased predicted RUL
FD004,221,91.577,9,sensor_8,-4.8625,4.8625,decreased predicted RUL
FD004,221,91.577,10,sensor_2,4.0314,4.0314,increased predicted RUL
FD004,222,40.1583,1,cycle,-52.9941,52.9941,decreased predicted RUL
FD004,222,40.1583,2,sensor_13,-36.5642,36.5642,decreased predicted RUL
FD004,222,40.1583,3,sensor_6,-12.8356,12.8356,decreased predicted RUL
FD004,222,40.1583,4,sensor_13_rolling_mean,-6.8397,6.8397,decreased predicted RUL
FD004,222,40.1583,5,sensor_4,6.557,6.557,increased predicted RUL
FD004,222,40.1583,6,sensor_11,4.9007,4.9007,increased predicted RUL
FD004,222,40.1583,7,sensor_21,-4.3623,4.3623,decreased predicted RUL
FD004,222,40.1583,8,sensor_2,3.618,3.618,increased predicted RUL
FD004,222,40.1583,9,sensor_3,3.6106,3.6106,increased predicted RUL
FD004,222,40.1583,10,sensor_12_diff,3.2807,3.2807,increased predicted RUL
FD004,223,46.5696,1,cycle,-41.3908,41.3908,decreased predicted RUL
FD004,223,46.5696,2,sensor_13,-41.1098,41.1098,decreased predicted RUL
FD004,223,46.5696,3,sensor_11,6.478,6.478,increased predicted RUL
FD004,223,46.5696,4,sensor_15_rolling_mean,-5.2073,5.2073,decreased predicted RUL
FD004,223,46.5696,5,sensor_2,4.3613,4.3613,increased predicted RUL
FD004,223,46.5696,6,sensor_3,4.2928,4.2928,increased predicted RUL
FD004,223,46.5696,7,sensor_13_rolling_mean,3.863,3.863,increased predicted RUL
FD004,223,46.5696,8,sensor_21,-3.8105,3.8105,decreased predicted RUL
FD004,223,46.5696,9,sensor_6,-3.7415,3.7415,decreased predicted RUL
FD004,223,46.5696,10,sensor_4,3.331,3.331,increased predicted RUL
FD004,224,21.241,1,sensor_13,-43.7517,43.7517,decreased predicted RUL
FD004,224,21.241,2,cycle,-40.8541,40.8541,decreased predicted RUL
FD004,224,21.241,3,sensor_11,-9.1261,9.1261,decreased predicted RUL
FD004,224,21.241,4,sensor_4,-7.3531,7.3531,decreased predicted RUL
FD004,224,21.241,5,sensor_15,5.112,5.112,increased predicted RUL
FD004,224,21.241,6,sensor_15_diff,-3.6844,3.6844,decreased predicted RUL
FD004,224,21.241,7,sensor_13_diff,2.6544,2.6544,increased predicted RUL
FD004,224,21.241,8,sensor_11_rolling_mean,-1.9724,1.9724,decreased predicted RUL
FD004,224,21.241,9,sensor_17,-1.9605,1.9605,decreased predicted RUL
FD004,224,21.241,10,sensor_6,-1.9025,1.9025,decreased predicted RUL
FD004,225,160.075,1,cycle,43.4772,43.4772,increased predicted RUL
FD004,225,160.075,2,sensor_15,-34.5702,34.5702,decreased predicted RUL
FD004,225,160.075,3,sensor_11,10.6872,10.6872,increased predicted RUL
FD004,225,160.075,4,sensor_13,10.1824,10.1824,increased predicted RUL
FD004,225,160.075,5,sensor_4,8.4299,8.4299,increased predicted RUL
FD004,225,160.075,6,sensor_11_diff,-7.7905,7.7905,decreased predicted RUL
FD004,225,160.075,7,sensor_15_diff,7.2864,7.2864,increased predicted RUL
FD004,225,160.075,8,sensor_6,-6.2278,6.2278,decreased predicted RUL
FD004,225,160.075,9,sensor_14_diff,4.9529,4.9529,increased predicted RUL
FD004,225,160.075,10,sensor_17,4.6066,4.6066,increased predicted RUL
FD004,226,130.6239,1,cycle,23.5203,23.5203,increased predicted RUL
FD004,226,130.6239,2,sensor_15,-14.1602,14.1602,decreased predicted RUL
FD004,226,130.6239,3,sensor_15_rolling_mean,-11.3894,11.3894,decreased predicted RUL
FD004,226,130.6239,4,sensor_13,9.5605,9.5605,increased predicted RUL
FD004,226,130.6239,5,sensor_3,4.8169,4.8169,increased predicted RUL
FD004,226,130.6239,6,sensor_12,-4.5486,4.5486,decreased predicted RUL
FD004,226,130.6239,7,sensor_4_rolling_mean,4.4781,4.4781,increased predicted RUL
FD004,226,130.6239,8,sensor_11,-4.3176,4.3176,decreased predicted RUL
FD004,226,130.6239,9,sensor_13_rolling_mean,4.2955,4.2955,increased predicted RUL
FD004,226,130.6239,10,sensor_9,4.2772,4.2772,increased predicted RUL
FD004,227,238.5194,1,cycle,28.2732,28.2732,increased predicted RUL
FD004,227,238.5194,2,sensor_11,24.0527,24.0527,increased predicted RUL
FD004,227,238.5194,3,sensor_6,18.7178,18.7178,increased predicted RUL
FD004,227,238.5194,4,sensor_13,12.0276,12.0276,increased predicted RUL
FD004,227,238.5194,5,sensor_15,10.9527,10.9527,increased predicted RUL
FD004,227,238.5194,6,sensor_4,10.4293,10.4293,increased predicted RUL
FD004,227,238.5194,7,sensor_14,5.4387,5.4387,increased predicted RUL
FD004,227,238.5194,8,sensor_13_rolling_std,5.4293,5.4293,increased predicted RUL
FD004,227,238.5194,9,sensor_9,4.4448,4.4448,increased predicted RUL
FD004,227,238.5194,10,sensor_4_diff,-3.0826,3.0826,decreased predicted RUL
FD004,228,205.1964,1,sensor_11,26.4293,26.4293,increased predicted RUL
FD004,228,205.1964,2,cycle,-25.8363,25.8363,decreased predicted RUL
FD004,228,205.1964,3,sensor_13,21.2055,21.2055,increased predicted RUL
FD004,228,205.1964,4,sensor_6,18.8156,18.8156,increased predicted RUL
FD004,228,205.1964,5,sensor_4,18.3137,18.3137,increased predicted RUL
FD004,228,205.1964,6,sensor_15_rolling_mean,-5.3227,5.3227,decreased predicted RUL
FD004,228,205.1964,7,sensor_8,5.304,5.304,increased predicted RUL
FD004,228,205.1964,8,sensor_17,5.1576,5.1576,increased predicted RUL
FD004,228,205.1964,9,sensor_9,5.0502,5.0502,increased predicted RUL
FD004,228,205.1964,10,sensor_2,4.8228,4.8228,increased predicted RUL
FD004,229,231.7447,1,cycle,61.9649,61.9649,increased predicted RUL
FD004,229,231.7447,2,sensor_11,22.8047,22.8047,increased predicted RUL
FD004,229,231.7447,3,sensor_15_rolling_mean,-6.6371,6.6371,decreased predicted RUL
FD004,229,231.7447,4,sensor_11_rolling_mean,6.122,6.122,increased predicted RUL
FD004,229,231.7447,5,sensor_15,5.7722,5.7722,increased predicted RUL
FD004,229,231.7447,6,sensor_13,3.3055,3.3055,increased predicted RUL
FD004,229,231.7447,7,sensor_3,3.2152,3.2152,increased predicted RUL
FD004,229,231.7447,8,sensor_6,2.9454,2.9454,increased predicted RUL
FD004,229,231.7447,9,sensor_7,-2.8374,2.8374,decreased predicted RUL
FD004,229,231.7447,10,sensor_14,2.6815,2.6815,increased predicted RUL
FD004,230,129.8849,1,cycle,-30.9602,30.9602,decreased predicted RUL
FD004,230,129.8849,2,sensor_11,29.737,29.737,increased predicted RUL
FD004,230,129.8849,3,sensor_13,-15.0824,15.0824,decreased predicted RUL
FD004,230,129.8849,4,sensor_4,8.4789,8.4789,increased predicted RUL
FD004,230,129.8849,5,sensor_11_diff,-7.5715,7.5715,decreased predicted RUL
FD004,230,129.8849,6,sensor_9,4.8916,4.8916,increased predicted RUL
FD004,230,129.8849,7,sensor_13_rolling_mean,-4.81,4.81,decreased predicted RUL
FD004,230,129.8849,8,sensor_2,4.2711,4.2711,increased predicted RUL
FD004,230,129.8849,9,sensor_3,4.1872,4.1872,increased predicted RUL
FD004,230,129.8849,10,sensor_15_diff,4.1481,4.1481,increased predicted RUL
FD004,231,40.1627,1,sensor_15,-50.8996,50.8996,decreased predicted RUL
FD004,231,40.1627,2,cycle,-41.2911,41.2911,decreased predicted RUL
FD004,231,40.1627,3,sensor_11,14.5091,14.5091,increased predicted RUL
FD004,231,40.1627,4,sensor_4,14.3238,14.3238,increased predicted RUL
FD004,231,40.1627,5,sensor_13,7.6339,7.6339,increased predicted RUL
FD004,231,40.1627,6,sensor_7,-6.8448,6.8448,decreased predicted RUL
FD004,231,40.1627,7,sensor_8,-6.4674,6.4674,decreased predicted RUL
FD004,231,40.1627,8,sensor_15_rolling_mean,-6.2787,6.2787,decreased predicted RUL
FD004,231,40.1627,9,sensor_6,-6.0677,6.0677,decreased predicted RUL
FD004,231,40.1627,10,sensor_11_diff,-5.2687,5.2687,decreased predicted RUL
FD004,232,170.0989,1,sensor_11,39.7082,39.7082,increased predicted RUL
FD004,232,170.0989,2,sensor_15,-24.7656,24.7656,decreased predicted RUL
FD004,232,170.0989,3,cycle,-23.349,23.349,decreased predicted RUL
FD004,232,170.0989,4,sensor_4,19.5506,19.5506,increased predicted RUL
FD004,232,170.0989,5,sensor_13,17.3145,17.3145,increased predicted RUL
FD004,232,170.0989,6,sensor_8,10.7468,10.7468,increased predicted RUL
FD004,232,170.0989,7,sensor_6,-8.0433,8.0433,decreased predicted RUL
FD004,232,170.0989,8,sensor_11_diff,-6.5629,6.5629,decreased predicted RUL
FD004,232,170.0989,9,sensor_15_diff,4.8557,4.8557,increased predicted RUL
FD004,232,170.0989,10,sensor_9,4.8239,4.8239,increased predicted RUL
FD004,233,91.1646,1,cycle,-22.825,22.825,decreased predicted RUL
FD004,233,91.1646,2,sensor_15,-20.6667,20.6667,decreased predicted RUL
FD004,233,91.1646,3,sensor_11,6.356,6.356,increased predicted RUL
FD004,233,91.1646,4,sensor_13,5.482,5.482,increased predicted RUL
FD004,233,91.1646,5,sensor_6,-5.1873,5.1873,decreased predicted RUL
FD004,233,91.1646,6,sensor_21,-4.998,4.998,decreased predicted RUL
FD004,233,91.1646,7,sensor_9,3.9135,3.9135,increased predicted RUL
FD004,233,91.1646,8,sensor_3,3.8873,3.8873,increased predicted RUL
FD004,233,91.1646,9,sensor_8,2.467,2.467,increased predicted RUL
FD004,233,91.1646,10,sensor_4_diff,2.4414,2.4414,increased predicted RUL
FD004,234,48.1554,1,cycle,-34.6766,34.6766,decreased predicted RUL
FD004,234,48.1554,2,sensor_15,-19.7275,19.7275,decreased predicted RUL
FD004,234,48.1554,3,sensor_6,-8.6407,8.6407,decreased predicted RUL
FD004,234,48.1554,4,sensor_15_diff,-6.5731,6.5731,decreased predicted RUL
FD004,234,48.1554,5,sensor_21,-5.5292,5.5292,decreased predicted RUL
FD004,234,48.1554,6,sensor_13,5.2119,5.2119,increased predicted RUL
FD004,234,48.1554,7,sensor_4_rolling_std,-4.5612,4.5612,decreased predicted RUL
FD004,234,48.1554,8,sensor_7,-4.5194,4.5194,decreased predicted RUL
FD004,234,48.1554,9,sensor_12,-4.0783,4.0783,decreased predicted RUL
FD004,234,48.1554,10,sensor_20,-3.1649,3.1649,decreased predicted RUL
FD004,235,33.1707,1,sensor_15,-53.8057,53.8057,decreased predicted RUL
FD004,235,33.1707,2,cycle,-39.9175,39.9175,decreased predicted RUL
FD004,235,33.1707,3,sensor_4,14.0687,14.0687,increased predicted RUL
FD004,235,33.1707,4,sensor_11,12.9948,12.9948,increased predicted RUL
FD004,235,33.1707,5,sensor_6,-11.3826,11.3826,decreased predicted RUL
FD004,235,33.1707,6,sensor_7,-6.959,6.959,decreased predicted RUL
FD004,235,33.1707,7,sensor_12,-6.2897,6.2897,decreased predicted RUL
FD004,235,33.1707,8,sensor_13,5.3754,5.3754,increased predicted RUL
FD004,235,33.1707,9,sensor_8,-4.8236,4.8236,decreased predicted RUL
FD004,235,33.1707,10,sensor_15_rolling_mean,-4.39,4.39,decreased predicted RUL
FD004,236,122.6286,1,cycle,-40.2894,40.2894,decreased predicted RUL
FD004,236,122.6286,2,sensor_13,-14.5946,14.5946,decreased predicted RUL
FD004,236,122.6286,3,sensor_15,14.1023,14.1023,increased predicted RUL
FD004,236,122.6286,4,sensor_12,10.1248,10.1248,increased predicted RUL
FD004,236,122.6286,5,sensor_7,6.6715,6.6715,increased predicted RUL
FD004,236,122.6286,6,sensor_11,5.0926,5.0926,increased predicted RUL
FD004,236,122.6286,7,sensor_13_rolling_mean,-4.4955,4.4955,decreased predicted RUL
FD004,236,122.6286,8,sensor_6,4.4398,4.4398,increased predicted RUL
FD004,236,122.6286,9,sensor_9,-3.7418,3.7418,decreased predicted RUL
FD004,236,122.6286,10,sensor_13_rolling_std,3.6184,3.6184,increased predicted RUL
FD004,237,18.4269,1,cycle,-37.0729,37.0729,decreased predicted RUL
FD004,237,18.4269,2,sensor_13,-33.5196,33.5196,decreased predicted RUL
FD004,237,18.4269,3,sensor_11,-8.7489,8.7489,decreased predicted RUL
FD004,237,18.4269,4,sensor_4,-5.2635,5.2635,decreased predicted RUL
FD004,237,18.4269,5,sensor_2,-3.6021,3.6021,decreased predicted RUL
FD004,237,18.4269,6,sensor_21,-3.0569,3.0569,decreased predicted RUL
FD004,237,18.4269,7,sensor_15_diff,2.7027,2.7027,increased predicted RUL
FD004,237,18.4269,8,sensor_11_diff,-2.4788,2.4788,decreased predicted RUL
FD004,237,18.4269,9,sensor_7,-2.3649,2.3649,decreased predicted RUL
FD004,237,18.4269,10,sensor_13_rolling_std,-2.2555,2.2555,decreased predicted RUL
FD004,238,24.8444,1,sensor_15,-73.1137,73.1137,decreased predicted RUL
FD004,238,24.8444,2,cycle,-33.5493,33.5493,decreased predicted RUL
FD004,238,24.8444,3,sensor_15_rolling_mean,-6.8492,6.8492,decreased predicted RUL
FD004,238,24.8444,4,sensor_6,-6.4514,6.4514,decreased predicted RUL
FD004,238,24.8444,5,sensor_9,5.3171,5.3171,increased predicted RUL
FD004,238,24.8444,6,sensor_3,5.3103,5.3103,increased predicted RUL
FD004,238,24.8444,7,sensor_4_rolling_std,-3.8219,3.8219,decreased predicted RUL
FD004,238,24.8444,8,sensor_4,3.7568,3.7568,increased predicted RUL
FD004,238,24.8444,9,sensor_6_rolling_mean,-3.6923,3.6923,decreased predicted RUL
FD004,238,24.8444,10,sensor_11_rolling_mean,3.4244,3.4244,increased predicted RUL
FD004,239,201.0876,1,cycle,57.1257,57.1257,increased predicted RUL
FD004,239,201.0876,2,sensor_11,9.4013,9.4013,increased predicted RUL
FD004,239,201.0876,3,sensor_6,8.0476,8.0476,increased predicted RUL
FD004,239,201.0876,4,sensor_13,-7.9885,7.9885,decreased predicted RUL
FD004,239,201.0876,5,sensor_4,7.5737,7.5737,increased predicted RUL
FD004,239,201.0876,6,sensor_2,4.9608,4.9608,increased predicted RUL
FD004,239,201.0876,7,sensor_13_rolling_std,4.8294,4.8294,increased predicted RUL
FD004,239,201.0876,8,sensor_12,-4.7668,4.7668,decreased predicted RUL
FD004,239,201.0876,9,sensor_7,-3.6585,3.6585,decreased predicted RUL
FD004,239,201.0876,10,sensor_11_rolling_mean,-3.6146,3.6146,decreased predicted RUL
FD004,240,41.9337,1,cycle,-58.8296,58.8296,decreased predicted RUL
FD004,240,41.9337,2,sensor_13,-26.5504,26.5504,decreased predicted RUL
FD004,240,41.9337,3,sensor_11,-12.6895,12.6895,decreased predicted RUL
FD004,240,41.9337,4,sensor_15,12.3358,12.3358,increased predicted RUL
FD004,240,41.9337,5,sensor_9,-10.426,10.426,decreased predicted RUL
FD004,240,41.9337,6,sensor_21,9.533,9.533,increased predicted RUL
FD004,240,41.9337,7,sensor_12,9.3289,9.3289,increased predicted RUL
FD004,240,41.9337,8,sensor_14,-8.849,8.849,decreased predicted RUL
FD004,240,41.9337,9,sensor_4,-8.7535,8.7535,decreased predicted RUL
FD004,240,41.9337,10,sensor_15_diff,-8.1148,8.1148,decreased predicted RUL
FD004,241,161.5313,1,cycle,34.885,34.885,increased predicted RUL
FD004,241,161.5313,2,sensor_15,-31.2779,31.2779,decreased predicted RUL
FD004,241,161.5313,3,sensor_11,10.8948,10.8948,increased predicted RUL
FD004,241,161.5313,4,sensor_13,10.4748,10.4748,increased predicted RUL
FD004,241,161.5313,5,sensor_4,6.7517,6.7517,increased predicted RUL
FD004,241,161.5313,6,sensor_3,5.6566,5.6566,increased predicted RUL
FD004,241,161.5313,7,sensor_15_rolling_mean,-5.2325,5.2325,decreased predicted RUL
FD004,241,161.5313,8,sensor_15_diff,5.1659,5.1659,increased predicted RUL
FD004,241,161.5313,9,sensor_6,-4.6115,4.6115,decreased predicted RUL
FD004,241,161.5313,10,sensor_11_diff,-4.4034,4.4034,decreased predicted RUL
FD004,242,88.9076,1,cycle,-26.3546,26.3546,decreased predicted RUL
FD004,242,88.9076,2,sensor_11,-18.3142,18.3142,decreased predicted RUL
FD004,242,88.9076,3,sensor_15,13.8385,13.8385,increased predicted RUL
FD004,242,88.9076,4,sensor_15_diff,-9.6622,9.6622,decreased predicted RUL
FD004,242,88.9076,5,sensor_13,6.638,6.638,increased predicted RUL
FD004,242,88.9076,6,sensor_4,-5.2314,5.2314,decreased predicted RUL
FD004,242,88.9076,7,sensor_11_diff,4.2824,4.2824,increased predicted RUL
FD004,242,88.9076,8,sensor_12,4.1103,4.1103,increased predicted RUL
FD004,242,88.9076,9,sensor_14,-4.1049,4.1049,decreased predicted RUL
FD004,242,88.9076,10,sensor_4_rolling_std,-4.0122,4.0122,decreased predicted RUL
FD004,243,187.3846,1,sensor_15,37.2438,37.2438,increased predicted RUL
FD004,243,187.3846,2,cycle,-34.138,34.138,decreased predicted RUL
FD004,243,187.3846,3,sensor_13,22.8472,22.8472,increased predicted RUL
FD004,243,187.3846,4,sensor_20,6.9176,6.9176,increased predicted RUL
FD004,243,187.3846,5,sensor_6,6.1368,6.1368,increased predicted RUL
FD004,243,187.3846,6,sensor_21,5.561,5.561,increased predicted RUL
FD004,243,187.3846,7,sensor_12,5.1326,5.1326,increased predicted RUL
FD004,243,187.3846,8,sensor_7,4.8629,4.8629,increased predicted RUL
FD004,243,187.3846,9,sensor_15_diff,-4.6904,4.6904,decreased predicted RUL
FD004,243,187.3846,10,sensor_13_rolling_std,3.369,3.369,increased predicted RUL
FD004,244,43.0709,1,cycle,-36.7917,36.7917,decreased predicted RUL
FD004,244,43.0709,2,sensor_13,-34.4422,34.4422,decreased predicted RUL
FD004,244,43.0709,3,sensor_15_diff,-5.9228,5.9228,decreased predicted RUL
FD004,244,43.0709,4,sensor_11,-4.2501,4.2501,decreased predicted RUL
FD004,244,43.0709,5,sensor_14,4.0171,4.0171,increased predicted RUL
FD004,244,43.0709,6,sensor_2,-3.1563,3.1563,decreased predicted RUL
FD004,244,43.0709,7,sensor_21,-2.2709,2.2709,decreased predicted RUL
FD004,244,43.0709,8,sensor_6_rolling_mean,-2.2281,2.2281,decreased predicted RUL
FD004,244,43.0709,9,sensor_4,-2.224,2.224,decreased predicted RUL
FD004,244,43.0709,10,sensor_11_diff,1.8974,1.8974,increased predicted RUL
FD004,245,231.7605,1,cycle,25.4902,25.4902,increased predicted RUL
FD004,245,231.7605,2,sensor_15,21.7222,21.7222,increased predicted RUL
FD004,245,231.7605,3,sensor_12,9.5664,9.5664,increased predicted RUL
FD004,245,231.7605,4,sensor_7,8.3888,8.3888,increased predicted RUL
FD004,245,231.7605,5,sensor_6,8.3875,8.3875,increased predicted RUL
FD004,245,231.7605,6,sensor_14,6.9507,6.9507,increased predicted RUL
FD004,245,231.7605,7,sensor_4,6.0674,6.0674,increased predicted RUL
FD004,245,231.7605,8,sensor_13,5.1565,5.1565,increased predicted RUL
FD004,245,231.7605,9,sensor_15_diff,5.0304,5.0304,increased predicted RUL
FD004,245,231.7605,10,sensor_13_rolling_std,4.8083,4.8083,increased predicted RUL
FD004,246,199.3085,1,cycle,45.1813,45.1813,increased predicted RUL
FD004,246,199.3085,2,sensor_15,12.9005,12.9005,increased predicted RUL
FD004,246,199.3085,3,sensor_11,8.4657,8.4657,increased predicted RUL
FD004,246,199.3085,4,sensor_13,4.5128,4.5128,increased predicted RUL
FD004,246,199.3085,5,sensor_13_rolling_std,3.0729,3.0729,increased predicted RUL
FD004,246,199.3085,6,sensor_13_rolling_mean,-3.0519,3.0519,decreased predicted RUL
FD004,246,199.3085,7,sensor_15_diff,-2.8099,2.8099,decreased predicted RUL
FD004,246,199.3085,8,sensor_7,-2.6653,2.6653,decreased predicted RUL
FD004,246,199.3085,9,sensor_12,-2.5355,2.5355,decreased predicted RUL
FD004,246,199.3085,10,sensor_17_diff,2.3488,2.3488,increased predicted RUL
FD004,247,82.0486,1,sensor_15,-51.0267,51.0267,decreased predicted RUL
FD004,247,82.0486,2,sensor_15_diff,8.8164,8.8164,increased predicted RUL
FD004,247,82.0486,3,sensor_11_diff,-8.2165,8.2165,decreased predicted RUL
FD004,247,82.0486,4,sensor_11,7.8064,7.8064,increased predicted RUL
FD004,247,82.0486,5,sensor_4,7.219,7.219,increased predicted RUL
FD004,247,82.0486,6,cycle,-6.5714,6.5714,decreased predicted RUL
FD004,247,82.0486,7,sensor_6,-6.4361,6.4361,decreased predicted RUL
FD004,247,82.0486,8,sensor_4_diff,-6.303,6.303,decreased predicted RUL
FD004,247,82.0486,9,sensor_13,4.9146,4.9146,increased predicted RUL
FD004,247,82.0486,10,sensor_3,4.3669,4.3669,increased predicted RUL
FD004,248,35.3907,1,cycle,-38.431,38.431,decreased predicted RUL
FD004,248,35.3907,2,sensor_13,-20.3945,20.3945,decreased predicted RUL
FD004,248,35.3907,3,sensor_15,-15.874,15.874,decreased predicted RUL
FD004,248,35.3907,4,sensor_11,9.2859,9.2859,increased predicted RUL
FD004,248,35.3907,5,sensor_21,-5.0026,5.0026,decreased predicted RUL
FD004,248,35.3907,6,sensor_6,-4.6465,4.6465,decreased predicted RUL
FD004,248,35.3907,7,sensor_12,-3.7427,3.7427,decreased predicted RUL
FD004,248,35.3907,8,sensor_7,-3.4888,3.4888,decreased predicted RUL
FD004,248,35.3907,9,sensor_20,-2.8682,2.8682,decreased predicted RUL
FD004,248,35.3907,10,sensor_13_diff,2.7652,2.7652,increased predicted RUL
