dataset,engine_id,actual_RUL,predicted_RUL,error,cycle,health_score,anomaly_score,anomaly_status,risk_level,priority_score,maintenance_priority,maintenance_recommendation,top_abnormal_sensors
FD003,81,15.0,-0.29137558,-15.2913755774498,347,0.71,97.6335,CRITICAL,CRITICAL,99.05,IMMEDIATE INSPECTION,Engine requires immediate inspection. Predicted RUL is -0.3 cycles.,"sensor_9, sensor_14, sensor_8"
FD003,46,7.0,3.7978144,-3.20218563079834,204,2.51,99.017,CRITICAL,CRITICAL,97.71,IMMEDIATE INSPECTION,Engine requires immediate inspection. Predicted RUL is 3.8 cycles.,"sensor_9, sensor_14, sensor_21"
FD003,82,6.0,3.8153138,-2.1846861839294434,285,2.89,97.7994,CRITICAL,CRITICAL,97.21,IMMEDIATE INSPECTION,Engine requires immediate inspection. Predicted RUL is 3.8 cycles.,"sensor_4, sensor_7, sensor_12"
FD004,12,7.0,7.242587,0.2425870895385742,272,4.74,98.2857,CRITICAL,CRITICAL,95.69,IMMEDIATE INSPECTION,Engine requires immediate inspection. Predicted RUL is 7.2 cycles.,"sensor_6, sensor_7, sensor_12"
FD001,34,7.0,6.624682,-0.3753180503845215,195,4.99,96.2484,WARNING,CRITICAL,95.19,IMMEDIATE INSPECTION,Engine requires immediate inspection. Predicted RUL is 6.6 cycles.,"sensor_4, sensor_11, sensor_14"
FD003,24,9.0,9.879655,0.8796548843383789,494,6.36,98.0097,CRITICAL,CRITICAL,94.26,IMMEDIATE INSPECTION,Engine requires immediate inspection. Predicted RUL is 9.9 cycles.,"sensor_7, sensor_17, sensor_10"
FD001,82,9.0,9.104238,0.1042375564575195,214,6.41,96.3405,WARNING,CRITICAL,93.98,IMMEDIATE INSPECTION,Engine requires immediate inspection. Predicted RUL is 9.1 cycles.,"sensor_9, sensor_17, sensor_14"
FD002,182,14.0,7.996687,-6.003313064575195,200,6.58,93.5992,WARNING,CRITICAL,93.44,IMMEDIATE INSPECTION,Engine requires immediate inspection. Predicted RUL is 8.0 cycles.,"sensor_10, sensor_15, sensor_14"
FD001,68,8.0,13.035952,5.035951614379883,199,8.7,96.3598,WARNING,CRITICAL,92.03,IMMEDIATE INSPECTION,Engine requires immediate inspection. Predicted RUL is 13.0 cycles.,"sensor_12, sensor_14, sensor_7"
FD002,173,14.0,10.355996,-3.6440038681030273,151,8.2,92.8124,WARNING,CRITICAL,91.95,IMMEDIATE INSPECTION,Engine requires immediate inspection. Predicted RUL is 10.4 cycles.,"sensor_11, sensor_12, sensor_7"
FD003,39,8.0,14.0529995,6.052999496459961,288,9.4,95.9871,WARNING,CRITICAL,91.37,IMMEDIATE INSPECTION,Engine requires immediate inspection. Predicted RUL is 14.1 cycles.,"sensor_13, sensor_14, sensor_9"
FD002,164,14.0,11.798357,-2.2016429901123047,249,9.11,92.5724,WARNING,CRITICAL,91.13,IMMEDIATE INSPECTION,Engine requires immediate inspection. Predicted RUL is 11.8 cycles.,"sensor_13, sensor_20, sensor_5"
FD003,21,18.0,18.132206,0.1322059631347656,220,11.07,98.3576,CRITICAL,CRITICAL,90.28,IMMEDIATE INSPECTION,Engine requires immediate inspection. Predicted RUL is 18.1 cycles.,"sensor_4, sensor_10, sensor_8"
FD002,100,14.0,8.960816,-5.039183616638184,212,9.17,86.8636,WARNING,CRITICAL,90.27,IMMEDIATE INSPECTION,Engine requires immediate inspection. Predicted RUL is 9.0 cycles.,"sensor_13, sensor_5, sensor_21"
FD004,22,11.0,-0.7894849,-11.789484918117523,211,7.7,74.3261,NORMAL,CRITICAL,89.73,IMMEDIATE INSPECTION,Engine requires immediate inspection. Predicted RUL is -0.8 cycles.,"sensor_5, sensor_6, sensor_1"
FD003,98,17.0,20.998491,3.9984912872314458,307,13.54,95.6998,WARNING,HIGH,87.78,SCHEDULE MAINTENANCE,Schedule maintenance soon. Predicted RUL is 21.0 cycles.,"sensor_10, sensor_8, sensor_12"
FD004,159,22.0,14.938936,-7.061063766479492,288,12.6,87.0316,WARNING,CRITICAL,87.34,IMMEDIATE INSPECTION,Engine requires immediate inspection. Predicted RUL is 14.9 cycles.,"sensor_7, sensor_12, sensor_21"
FD002,138,7.0,2.4812732,-4.518726825714111,200,10.5,69.8153,NORMAL,CRITICAL,86.69,IMMEDIATE INSPECTION,Engine requires immediate inspection. Predicted RUL is 2.5 cycles.,"sensor_13, sensor_19, sensor_14"
FD001,90,28.0,29.020742,1.020742416381836,154,17.12,99.3747,CRITICAL,CRITICAL,85.24,IMMEDIATE INSPECTION,Engine requires immediate inspection. Predicted RUL is 29.0 cycles.,"sensor_4, sensor_15, sensor_11"
FD001,24,20.0,21.234724,1.234724044799805,147,15.61,89.2637,WARNING,HIGH,85.09,SCHEDULE MAINTENANCE,Schedule maintenance soon. Predicted RUL is 21.2 cycles.,"sensor_17, sensor_12, sensor_7"
FD004,237,18.0,18.426943,0.4269428253173828,212,15.08,85.5622,WARNING,CRITICAL,85.01,IMMEDIATE INSPECTION,Engine requires immediate inspection. Predicted RUL is 18.4 cycles.,"sensor_13, sensor_21, sensor_6"
FD004,101,13.0,19.889427,6.889427185058594,260,15.86,85.8071,WARNING,CRITICAL,84.38,IMMEDIATE INSPECTION,Engine requires immediate inspection. Predicted RUL is 19.9 cycles.,"sensor_19, sensor_13, sensor_14"
FD004,15,12.0,23.162556,11.162555694580078,224,16.66,89.51,WARNING,HIGH,84.22,SCHEDULE MAINTENANCE,Schedule maintenance soon. Predicted RUL is 23.2 cycles.,"sensor_16, sensor_18, sensor_8"
FD004,100,7.0,11.691513,4.6915130615234375,261,14.5,74.3931,NORMAL,CRITICAL,83.91,IMMEDIATE INSPECTION,Engine requires immediate inspection. Predicted RUL is 11.7 cycles.,"sensor_16, sensor_18, sensor_8"
FD003,99,8.0,9.540089,1.5400886535644531,145,14.14,71.4037,NORMAL,CRITICAL,83.79,IMMEDIATE INSPECTION,Engine requires immediate inspection. Predicted RUL is 9.5 cycles.,"sensor_4, sensor_2, sensor_7"
FD003,92,14.0,13.194889,-0.8051109313964844,158,15.07,75.4369,NORMAL,CRITICAL,83.58,IMMEDIATE INSPECTION,Engine requires immediate inspection. Predicted RUL is 13.2 cycles.,"sensor_20, sensor_9, sensor_13"
FD004,238,16.0,24.844387,8.84438705444336,187,17.76,89.0921,WARNING,HIGH,83.21,SCHEDULE MAINTENANCE,Schedule maintenance soon. Predicted RUL is 24.8 cycles.,"sensor_16, sensor_3, sensor_5"
FD001,31,8.0,20.47214,12.472139358520508,234,16.89,83.5006,NORMAL,HIGH,83.16,SCHEDULE MAINTENANCE,Schedule maintenance soon. Predicted RUL is 20.5 cycles.,"sensor_13, sensor_11, sensor_14"
FD003,94,10.0,6.8358235,-3.1641764640808105,392,14.26,65.7443,NORMAL,CRITICAL,82.88,IMMEDIATE INSPECTION,Engine requires immediate inspection. Predicted RUL is 6.8 cycles.,"sensor_8, sensor_12, sensor_14"
FD002,116,7.0,8.77686,1.776860237121582,207,14.74,67.9328,NORMAL,CRITICAL,82.78,IMMEDIATE INSPECTION,Engine requires immediate inspection. Predicted RUL is 8.8 cycles.,"sensor_10, sensor_12, sensor_7"
FD004,65,12.0,16.078531,4.078531265258789,351,16.29,76.9629,NORMAL,CRITICAL,82.75,IMMEDIATE INSPECTION,Engine requires immediate inspection. Predicted RUL is 16.1 cycles.,"sensor_16, sensor_2, sensor_17"
FD002,250,23.0,10.6816225,-12.318377494812012,184,15.18,70.1855,NORMAL,CRITICAL,82.73,IMMEDIATE INSPECTION,Engine requires immediate inspection. Predicted RUL is 10.7 cycles.,"sensor_14, sensor_13, sensor_19"
FD003,64,28.0,33.18196,5.1819610595703125,195,19.92,98.1068,CRITICAL,CRITICAL,82.65,IMMEDIATE INSPECTION,Engine requires immediate inspection. Predicted RUL is 33.2 cycles.,"sensor_4, sensor_12, sensor_14"
FD002,208,8.0,21.604422,13.604421615600586,150,17.76,82.801,NORMAL,HIGH,82.32,SCHEDULE MAINTENANCE,Schedule maintenance soon. Predicted RUL is 21.6 cycles.,"sensor_13, sensor_19, sensor_14"
FD002,58,26.0,16.42255,-9.577449798583984,162,16.71,76.2384,NORMAL,CRITICAL,82.28,IMMEDIATE INSPECTION,Engine requires immediate inspection. Predicted RUL is 16.4 cycles.,"sensor_5, sensor_1, sensor_6"
FD004,8,14.0,14.309681,0.3096809387207031,230,16.35,73.3236,NORMAL,CRITICAL,82.17,IMMEDIATE INSPECTION,Engine requires immediate inspection. Predicted RUL is 14.3 cycles.,"sensor_14, sensor_16, sensor_10"
FD002,70,17.0,11.35922,-5.640780448913574,156,15.79,69.46,NORMAL,CRITICAL,82.1,IMMEDIATE INSPECTION,Engine requires immediate inspection. Predicted RUL is 11.4 cycles.,"sensor_14, sensor_13, sensor_19"
FD002,231,8.0,5.4686213,-2.531378746032715,144,14.71,61.612,NORMAL,CRITICAL,81.91,IMMEDIATE INSPECTION,Engine requires immediate inspection. Predicted RUL is 5.5 cycles.,"sensor_1, sensor_2, sensor_12"
FD002,134,9.0,4.632798,-4.367201805114746,247,14.69,60.0327,NORMAL,CRITICAL,81.7,IMMEDIATE INSPECTION,Engine requires immediate inspection. Predicted RUL is 4.6 cycles.,"sensor_16, sensor_13, sensor_8"
FD004,69,12.0,18.331116,6.33111572265625,226,17.75,76.4682,NORMAL,CRITICAL,81.42,IMMEDIATE INSPECTION,Engine requires immediate inspection. Predicted RUL is 18.3 cycles.,none
FD004,183,15.0,7.294123,-7.70587682723999,190,15.47,62.6051,NORMAL,CRITICAL,81.39,IMMEDIATE INSPECTION,Engine requires immediate inspection. Predicted RUL is 7.3 cycles.,"sensor_13, sensor_16, sensor_18"
FD002,44,6.0,7.6015396,1.6015396118164062,205,15.72,62.3803,NORMAL,CRITICAL,81.15,IMMEDIATE INSPECTION,Engine requires immediate inspection. Predicted RUL is 7.6 cycles.,"sensor_19, sensor_13, sensor_14"
FD002,159,9.0,6.847329,-2.1526708602905273,241,15.82,60.5945,NORMAL,CRITICAL,80.81,IMMEDIATE INSPECTION,Engine requires immediate inspection. Predicted RUL is 6.8 cycles.,"sensor_5, sensor_1, sensor_6"
FD001,40,28.0,31.4786,3.478599548339844,188,21.05,91.0475,WARNING,HIGH,80.68,SCHEDULE MAINTENANCE,Schedule maintenance soon. Predicted RUL is 31.5 cycles.,"sensor_9, sensor_14, sensor_13"
FD002,43,18.0,28.05282,10.052820205688477,211,20.41,86.5083,WARNING,HIGH,80.58,SCHEDULE MAINTENANCE,Schedule maintenance soon. Predicted RUL is 28.1 cycles.,"sensor_5, sensor_6, sensor_1"
FD002,32,11.0,17.089817,6.089817047119141,281,18.64,71.1081,NORMAL,CRITICAL,79.9,IMMEDIATE INSPECTION,Engine requires immediate inspection. Predicted RUL is 17.1 cycles.,"sensor_17, sensor_12, sensor_7"
FD002,76,36.0,34.194725,-1.8052749633789065,244,22.51,91.4582,WARNING,HIGH,79.49,SCHEDULE MAINTENANCE,Schedule maintenance soon. Predicted RUL is 34.2 cycles.,"sensor_5, sensor_6, sensor_21"
FD002,64,14.0,17.525135,3.525135040283203,282,19.21,70.0422,NORMAL,CRITICAL,79.25,IMMEDIATE INSPECTION,Engine requires immediate inspection. Predicted RUL is 17.5 cycles.,"sensor_1, sensor_6, sensor_12"
FD004,62,33.0,34.001842,1.0018424987792969,297,22.67,90.5598,WARNING,HIGH,79.22,SCHEDULE MAINTENANCE,Schedule maintenance soon. Predicted RUL is 34.0 cycles.,"sensor_5, sensor_6, sensor_20"
FD001,36,19.0,17.238564,-1.7614364624023438,158,19.34,69.0611,NORMAL,CRITICAL,79.01,IMMEDIATE INSPECTION,Engine requires immediate inspection. Predicted RUL is 17.2 cycles.,"sensor_3, sensor_2, sensor_13"
FD001,38,50.0,42.55194,-7.44805908203125,194,24.98,99.4765,CRITICAL,CRITICAL,78.51,IMMEDIATE INSPECTION,Engine requires immediate inspection. Predicted RUL is 42.6 cycles.,"sensor_11, sensor_8, sensor_21"
FD003,38,22.0,39.307507,17.307506561279297,201,24.39,95.1456,WARNING,HIGH,78.4,SCHEDULE MAINTENANCE,Schedule maintenance soon. Predicted RUL is 39.3 cycles.,"sensor_14, sensor_8, sensor_4"
FD001,49,21.0,25.311499,4.311498641967773,215,21.69,76.9085,NORMAL,HIGH,78.11,SCHEDULE MAINTENANCE,Schedule maintenance soon. Predicted RUL is 25.3 cycles.,"sensor_2, sensor_7, sensor_3"
FD003,50,11.0,14.934946,3.934946060180664,161,19.59,63.7419,NORMAL,CRITICAL,78.03,IMMEDIATE INSPECTION,Engine requires immediate inspection. Predicted RUL is 14.9 cycles.,"sensor_15, sensor_4, sensor_2"
FD003,71,35.0,33.11719,-1.8828086853027344,409,23.4,86.3997,WARNING,HIGH,78.0,SCHEDULE MAINTENANCE,Schedule maintenance soon. Predicted RUL is 33.1 cycles.,"sensor_8, sensor_14, sensor_12"
FD001,81,8.0,4.138952,-3.8610482215881343,240,17.58,49.4644,NORMAL,CRITICAL,77.72,IMMEDIATE INSPECTION,Engine requires immediate inspection. Predicted RUL is 4.1 cycles.,"sensor_7, sensor_13, sensor_15"
FD004,31,6.0,14.325687,8.325687408447266,263,20.04,61.0557,NORMAL,CRITICAL,77.26,IMMEDIATE INSPECTION,Engine requires immediate inspection. Predicted RUL is 14.3 cycles.,"sensor_14, sensor_10, sensor_15"
FD002,7,6.0,23.365122,17.365121841430664,174,21.93,72.3228,NORMAL,HIGH,77.25,SCHEDULE MAINTENANCE,Schedule maintenance soon. Predicted RUL is 23.4 cycles.,"sensor_5, sensor_1, sensor_6"
FD002,91,9.0,16.537865,7.537864685058594,245,20.68,63.2341,NORMAL,CRITICAL,77.02,IMMEDIATE INSPECTION,Engine requires immediate inspection. Predicted RUL is 16.5 cycles.,"sensor_19, sensor_13, sensor_14"
FD004,174,10.0,2.365314,-7.63468599319458,370,17.88,44.9852,NORMAL,CRITICAL,76.81,IMMEDIATE INSPECTION,Engine requires immediate inspection. Predicted RUL is 2.4 cycles.,"sensor_21, sensor_5, sensor_6"
FD003,59,49.0,39.716644,-9.283355712890623,299,25.67,91.6545,WARNING,HIGH,76.8,SCHEDULE MAINTENANCE,Schedule maintenance soon. Predicted RUL is 39.7 cycles.,"sensor_3, sensor_13, sensor_7"
FD002,148,11.0,5.433142,-5.566857814788818,279,18.54,48.7639,NORMAL,CRITICAL,76.79,IMMEDIATE INSPECTION,Engine requires immediate inspection. Predicted RUL is 5.4 cycles.,"sensor_5, sensor_6, sensor_21"
FD002,210,8.0,2.817942,-5.182058095932007,184,18.1,45.1478,NORMAL,CRITICAL,76.65,IMMEDIATE INSPECTION,Engine requires immediate inspection. Predicted RUL is 2.8 cycles.,"sensor_15, sensor_13, sensor_16"
FD004,70,33.0,40.83404,7.834041595458984,185,26.06,92.5387,WARNING,HIGH,76.6,SCHEDULE MAINTENANCE,Schedule maintenance soon. Predicted RUL is 40.8 cycles.,"sensor_7, sensor_12, sensor_6"
FD002,252,12.0,11.186067,-0.8139333724975586,135,19.93,55.3191,NORMAL,CRITICAL,76.53,IMMEDIATE INSPECTION,Engine requires immediate inspection. Predicted RUL is 11.2 cycles.,"sensor_13, sensor_16, sensor_10"
FD004,47,34.0,30.772581,-3.227418899536133,375,24.09,79.5197,NORMAL,HIGH,76.42,SCHEDULE MAINTENANCE,Schedule maintenance soon. Predicted RUL is 30.8 cycles.,"sensor_14, sensor_4, sensor_15"
FD003,55,55.0,45.702976,-9.29702377319336,525,27.23,98.1149,CRITICAL,CRITICAL,76.39,IMMEDIATE INSPECTION,Engine requires immediate inspection. Predicted RUL is 45.7 cycles.,"sensor_8, sensor_7, sensor_13"
FD001,77,34.0,39.562256,5.562255859375,154,25.98,90.3301,WARNING,HIGH,76.35,SCHEDULE MAINTENANCE,Schedule maintenance soon. Predicted RUL is 39.6 cycles.,"sensor_17, sensor_20, sensor_8"
FD004,180,32.0,31.852118,-0.1478824615478515,344,24.39,80.6348,NORMAL,HIGH,76.33,SCHEDULE MAINTENANCE,Schedule maintenance soon. Predicted RUL is 31.9 cycles.,"sensor_5, sensor_1, sensor_6"
FD004,155,7.0,7.5737395,0.5737395286560059,295,19.36,50.2033,NORMAL,CRITICAL,76.29,IMMEDIATE INSPECTION,Engine requires immediate inspection. Predicted RUL is 7.6 cycles.,"sensor_5, sensor_6, sensor_1"
FD004,248,26.0,35.39065,9.39065170288086,184,25.19,84.8504,NORMAL,HIGH,76.24,SCHEDULE MAINTENANCE,Schedule maintenance soon. Predicted RUL is 35.4 cycles.,"sensor_10, sensor_12, sensor_7"
FD004,219,41.0,39.791058,-1.208942413330078,190,26.22,89.9704,WARNING,HIGH,76.09,SCHEDULE MAINTENANCE,Schedule maintenance soon. Predicted RUL is 39.8 cycles.,"sensor_12, sensor_7, sensor_6"
FD004,49,24.0,33.065567,9.065567016601562,446,24.85,81.4756,NORMAL,HIGH,76.06,SCHEDULE MAINTENANCE,Schedule maintenance soon. Predicted RUL is 33.1 cycles.,"sensor_7, sensor_12, sensor_6"
FD001,92,20.0,23.455198,3.455198287963867,341,22.92,69.2065,NORMAL,HIGH,75.96,SCHEDULE MAINTENANCE,Schedule maintenance soon. Predicted RUL is 23.5 cycles.,"sensor_9, sensor_3, sensor_15"
FD001,53,26.0,35.26121,9.261211395263672,195,25.39,83.9465,NORMAL,HIGH,75.95,SCHEDULE MAINTENANCE,Schedule maintenance soon. Predicted RUL is 35.3 cycles.,"sensor_3, sensor_12, sensor_7"
FD002,171,36.0,30.995434,-5.004566192626953,258,24.5,78.5859,NORMAL,HIGH,75.94,SCHEDULE MAINTENANCE,Schedule maintenance soon. Predicted RUL is 31.0 cycles.,"sensor_5, sensor_6, sensor_20"
FD003,75,45.0,47.342205,2.342205047607422,259,27.94,98.9159,CRITICAL,CRITICAL,75.9,IMMEDIATE INSPECTION,Engine requires immediate inspection. Predicted RUL is 47.3 cycles.,"sensor_7, sensor_4, sensor_11"
FD001,18,28.0,48.66954,20.66954040527344,195,28.39,99.9855,CRITICAL,CRITICAL,75.66,IMMEDIATE INSPECTION,Engine requires immediate inspection. Predicted RUL is 48.7 cycles.,"sensor_8, sensor_13, sensor_12"
FD004,181,37.0,19.3588,-17.641199111938477,134,22.32,63.2435,NORMAL,CRITICAL,75.62,IMMEDIATE INSPECTION,Engine requires immediate inspection. Predicted RUL is 19.4 cycles.,"sensor_10, sensor_7, sensor_12"
FD003,79,18.0,21.680952,3.6809520721435542,166,22.84,66.0113,NORMAL,HIGH,75.56,SCHEDULE MAINTENANCE,Schedule maintenance soon. Predicted RUL is 21.7 cycles.,"sensor_3, sensor_12, sensor_21"
FD003,32,55.0,47.280743,-7.719257354736328,189,28.33,97.5,CRITICAL,CRITICAL,75.36,IMMEDIATE INSPECTION,Engine requires immediate inspection. Predicted RUL is 47.3 cycles.,"sensor_12, sensor_11, sensor_8"
FD004,235,24.0,33.170692,9.170692443847656,199,25.41,79.7956,NORMAL,HIGH,75.33,SCHEDULE MAINTENANCE,Schedule maintenance soon. Predicted RUL is 33.2 cycles.,"sensor_20, sensor_5, sensor_6"
FD004,116,13.0,19.687971,6.687971115112305,344,22.8,62.272,NORMAL,CRITICAL,75.06,IMMEDIATE INSPECTION,Engine requires immediate inspection. Predicted RUL is 19.7 cycles.,"sensor_5, sensor_1, sensor_6"
FD002,99,9.0,15.948559,6.948558807373047,202,22.09,57.3913,NORMAL,CRITICAL,74.98,IMMEDIATE INSPECTION,Engine requires immediate inspection. Predicted RUL is 15.9 cycles.,"sensor_10, sensor_20, sensor_5"
FD004,71,15.0,15.8001175,0.8001174926757812,312,22.25,56.5462,NORMAL,CRITICAL,74.72,IMMEDIATE INSPECTION,Engine requires immediate inspection. Predicted RUL is 15.8 cycles.,"sensor_13, sensor_16, sensor_18"
FD002,48,13.0,31.610502,18.610502243041992,239,25.58,76.2086,NORMAL,HIGH,74.68,SCHEDULE MAINTENANCE,Schedule maintenance soon. Predicted RUL is 31.6 cycles.,"sensor_5, sensor_1, sensor_6"
FD004,113,13.0,15.934982,2.9349822998046875,184,23.04,54.1805,NORMAL,CRITICAL,73.7,IMMEDIATE INSPECTION,Engine requires immediate inspection. Predicted RUL is 15.9 cycles.,"sensor_14, sensor_16, sensor_3"
FD002,9,11.0,10.890147,-0.1098527908325195,199,22.06,47.6571,NORMAL,CRITICAL,73.62,IMMEDIATE INSPECTION,Engine requires immediate inspection. Predicted RUL is 10.9 cycles.,"sensor_10, sensor_4, sensor_7"
FD002,185,19.0,10.129802,-8.870198249816895,162,21.91,46.6694,NORMAL,CRITICAL,73.6,IMMEDIATE INSPECTION,Engine requires immediate inspection. Predicted RUL is 10.1 cycles.,"sensor_14, sensor_16, sensor_4"
FD001,46,47.0,37.2348,-9.765201568603516,256,27.62,80.3306,NORMAL,HIGH,73.51,SCHEDULE MAINTENANCE,Schedule maintenance soon. Predicted RUL is 37.2 cycles.,"sensor_4, sensor_9, sensor_14"
FD002,53,52.0,33.093555,-18.906444549560547,148,26.84,74.8935,NORMAL,HIGH,73.41,SCHEDULE MAINTENANCE,Schedule maintenance soon. Predicted RUL is 33.1 cycles.,"sensor_12, sensor_7, sensor_6"
FD002,19,22.0,20.952225,-1.0477752685546875,163,24.52,59.0227,NORMAL,HIGH,73.13,SCHEDULE MAINTENANCE,Schedule maintenance soon. Predicted RUL is 21.0 cycles.,"sensor_5, sensor_1, sensor_6"
FD002,245,16.0,7.804591,-8.195408821105957,253,21.9,42.192,NORMAL,CRITICAL,72.97,IMMEDIATE INSPECTION,Engine requires immediate inspection. Predicted RUL is 7.8 cycles.,"sensor_5, sensor_6, sensor_1"
FD003,40,41.0,40.47024,-0.5297584533691406,188,28.79,82.7144,NORMAL,HIGH,72.85,SCHEDULE MAINTENANCE,Schedule maintenance soon. Predicted RUL is 40.5 cycles.,"sensor_13, sensor_8, sensor_4"
FD004,102,22.0,15.094121,-6.905879020690918,194,23.59,50.7208,NORMAL,CRITICAL,72.74,IMMEDIATE INSPECTION,Engine requires immediate inspection. Predicted RUL is 15.1 cycles.,"sensor_1, sensor_17, sensor_2"
FD002,237,62.0,35.33327,-26.666728973388672,209,28.01,75.3399,NORMAL,HIGH,72.47,SCHEDULE MAINTENANCE,Schedule maintenance soon. Predicted RUL is 35.3 cycles.,"sensor_21, sensor_20, sensor_5"
FD001,58,37.0,48.536907,11.536907196044922,147,30.89,91.3964,WARNING,HIGH,72.29,SCHEDULE MAINTENANCE,Schedule maintenance soon. Predicted RUL is 48.5 cycles.,"sensor_11, sensor_4, sensor_13"
FD002,193,37.0,36.0164,-0.983600616455078,172,28.31,75.6487,NORMAL,HIGH,72.25,SCHEDULE MAINTENANCE,Schedule maintenance soon. Predicted RUL is 36.0 cycles.,"sensor_13, sensor_16, sensor_21"
FD004,151,31.0,38.071434,7.071434020996094,351,28.98,77.4413,NORMAL,HIGH,71.94,SCHEDULE MAINTENANCE,Schedule maintenance soon. Predicted RUL is 38.1 cycles.,"sensor_5, sensor_6, sensor_12"
FD002,111,9.0,21.108212,12.108211517333984,200,25.46,56.1748,NORMAL,HIGH,71.92,SCHEDULE MAINTENANCE,Schedule maintenance soon. Predicted RUL is 21.1 cycles.,"sensor_13, sensor_10, sensor_16"
FD001,56,15.0,13.608063,-1.391937255859375,275,23.98,46.5174,NORMAL,CRITICAL,71.8,IMMEDIATE INSPECTION,Engine requires immediate inspection. Predicted RUL is 13.6 cycles.,"sensor_2, sensor_20, sensor_14"
FD001,61,21.0,41.604465,20.60446548461914,185,29.83,81.4745,NORMAL,HIGH,71.79,SCHEDULE MAINTENANCE,Schedule maintenance soon. Predicted RUL is 41.6 cycles.,"sensor_20, sensor_14, sensor_17"
FD004,42,30.0,21.413935,-8.586065292358398,280,25.74,55.8279,NORMAL,HIGH,71.62,SCHEDULE MAINTENANCE,Schedule maintenance soon. Predicted RUL is 21.4 cycles.,"sensor_5, sensor_6, sensor_12"
FD003,25,58.0,53.853283,-4.146717071533203,193,32.7,95.7039,WARNING,HIGH,71.35,SCHEDULE MAINTENANCE,Schedule maintenance soon. Predicted RUL is 53.9 cycles.,"sensor_4, sensor_20, sensor_9"
FD004,32,22.0,27.629963,5.629962921142578,219,27.31,62.6867,NORMAL,HIGH,71.26,SCHEDULE MAINTENANCE,Schedule maintenance soon. Predicted RUL is 27.6 cycles.,"sensor_10, sensor_21, sensor_7"
FD002,146,10.0,15.451752,5.451751708984375,263,24.89,47.0823,NORMAL,CRITICAL,71.11,IMMEDIATE INSPECTION,Engine requires immediate inspection. Predicted RUL is 15.5 cycles.,"sensor_10, sensor_14, sensor_16"
FD002,90,8.0,4.938211,-3.061789035797119,188,22.79,33.652,NORMAL,CRITICAL,70.99,IMMEDIATE INSPECTION,Engine requires immediate inspection. Predicted RUL is 4.9 cycles.,"sensor_16, sensor_10, sensor_14"
FD004,197,36.0,41.55637,5.556369781494141,170,30.59,78.8225,NORMAL,HIGH,70.75,SCHEDULE MAINTENANCE,Schedule maintenance soon. Predicted RUL is 41.6 cycles.,"sensor_10, sensor_12, sensor_7"
FD004,82,10.0,19.804176,9.804176330566406,197,26.1,51.4915,NORMAL,CRITICAL,70.69,IMMEDIATE INSPECTION,Engine requires immediate inspection. Predicted RUL is 19.8 cycles.,"sensor_5, sensor_6, sensor_21"
FD002,87,21.0,28.347622,7.347621917724609,170,27.96,61.9264,NORMAL,HIGH,70.6,SCHEDULE MAINTENANCE,Schedule maintenance soon. Predicted RUL is 28.3 cycles.,"sensor_7, sensor_12, sensor_6"
FD001,52,29.0,33.707363,4.707363128662109,213,29.23,68.1014,NORMAL,HIGH,70.39,SCHEDULE MAINTENANCE,Schedule maintenance soon. Predicted RUL is 33.7 cycles.,"sensor_9, sensor_12, sensor_7"
FD003,48,55.0,55.461277,0.4612770080566406,174,33.82,95.1173,WARNING,HIGH,70.32,SCHEDULE MAINTENANCE,Schedule maintenance soon. Predicted RUL is 55.5 cycles.,"sensor_8, sensor_14, sensor_12"
FD004,158,6.0,7.717273,1.717273235321045,399,24.06,34.7973,NORMAL,CRITICAL,70.06,IMMEDIATE INSPECTION,Engine requires immediate inspection. Predicted RUL is 7.7 cycles.,"sensor_5, sensor_6, sensor_20"
FD004,202,13.0,11.411658,-1.5883417129516602,241,25.19,38.2308,NORMAL,CRITICAL,69.59,IMMEDIATE INSPECTION,Engine requires immediate inspection. Predicted RUL is 11.4 cycles.,"sensor_16, sensor_10, sensor_14"
FD001,3,69.0,60.72492,-8.275081634521484,179,35.48,99.8207,CRITICAL,CRITICAL,69.57,IMMEDIATE INSPECTION,Engine requires immediate inspection. Predicted RUL is 60.7 cycles.,"sensor_12, sensor_13, sensor_21"
FD001,42,10.0,18.25323,8.253229141235352,196,26.78,46.2169,NORMAL,CRITICAL,69.36,IMMEDIATE INSPECTION,Engine requires immediate inspection. Predicted RUL is 18.3 cycles.,"sensor_7, sensor_21, sensor_8"
FD002,102,8.0,19.382214,11.382213592529297,164,27.36,46.502,NORMAL,CRITICAL,68.91,IMMEDIATE INSPECTION,Engine requires immediate inspection. Predicted RUL is 19.4 cycles.,"sensor_21, sensor_20, sensor_5"
FD004,1,22.0,46.03253,24.03253173828125,321,33.05,79.3466,NORMAL,HIGH,68.72,SCHEDULE MAINTENANCE,Schedule maintenance soon. Predicted RUL is 46.0 cycles.,"sensor_21, sensor_20, sensor_5"
FD002,139,51.0,60.104652,9.104652404785156,194,36.03,96.7652,WARNING,HIGH,68.65,SCHEDULE MAINTENANCE,Schedule maintenance soon. Predicted RUL is 60.1 cycles.,"sensor_10, sensor_7, sensor_12"
FD001,100,20.0,20.145195,0.1451950073242187,200,27.93,46.0569,NORMAL,HIGH,68.35,SCHEDULE MAINTENANCE,Schedule maintenance soon. Predicted RUL is 20.1 cycles.,"sensor_2, sensor_12, sensor_9"
FD002,225,11.0,5.529053,-5.470946788787842,156,24.96,27.5414,NORMAL,CRITICAL,68.25,IMMEDIATE INSPECTION,Engine requires immediate inspection. Predicted RUL is 5.5 cycles.,"sensor_10, sensor_16, sensor_15"
FD003,76,27.0,43.595634,16.59563446044922,153,33.0,74.7654,NORMAL,HIGH,68.11,SCHEDULE MAINTENANCE,Schedule maintenance soon. Predicted RUL is 43.6 cycles.,"sensor_13, sensor_17, sensor_3"
FD002,50,13.0,3.7702641,-9.229735851287842,222,24.73,24.8889,NORMAL,CRITICAL,68.07,IMMEDIATE INSPECTION,Engine requires immediate inspection. Predicted RUL is 3.8 cycles.,"sensor_5, sensor_1, sensor_6"
FD003,78,20.0,22.406004,2.406003952026367,221,28.9,47.2451,NORMAL,HIGH,67.7,SCHEDULE MAINTENANCE,Schedule maintenance soon. Predicted RUL is 22.4 cycles.,"sensor_14, sensor_4, sensor_15"
FD002,103,8.0,9.289622,1.2896223068237305,280,26.23,30.633,NORMAL,CRITICAL,67.61,IMMEDIATE INSPECTION,Engine requires immediate inspection. Predicted RUL is 9.3 cycles.,sensor_16
FD002,15,37.0,46.211136,9.211135864257812,209,34.07,76.2886,NORMAL,HIGH,67.41,SCHEDULE MAINTENANCE,Schedule maintenance soon. Predicted RUL is 46.2 cycles.,"sensor_15, sensor_4, sensor_7"
FD002,132,39.0,58.969055,19.96905517578125,183,36.87,91.7707,WARNING,HIGH,67.22,SCHEDULE MAINTENANCE,Schedule maintenance soon. Predicted RUL is 59.0 cycles.,"sensor_7, sensor_12, sensor_6"
FD004,240,98.0,41.93369,-56.06631088256836,149,33.35,70.3734,NORMAL,HIGH,67.18,SCHEDULE MAINTENANCE,Schedule maintenance soon. Predicted RUL is 41.9 cycles.,"sensor_5, sensor_6, sensor_20"
FD003,7,71.0,61.910614,-9.089385986328123,424,37.56,95.178,WARNING,HIGH,67.12,SCHEDULE MAINTENANCE,Schedule maintenance soon. Predicted RUL is 61.9 cycles.,"sensor_7, sensor_12, sensor_9"
FD001,66,14.0,13.3388815,-0.6611185073852539,202,27.48,34.3415,NORMAL,CRITICAL,67.07,IMMEDIATE INSPECTION,Engine requires immediate inspection. Predicted RUL is 13.3 cycles.,"sensor_9, sensor_3, sensor_2"
FD004,209,11.0,17.236351,6.236351013183594,161,28.42,38.781,NORMAL,CRITICAL,66.89,IMMEDIATE INSPECTION,Engine requires immediate inspection. Predicted RUL is 17.2 cycles.,"sensor_5, sensor_6, sensor_21"
FD001,41,18.0,46.569916,28.569915771484375,216,34.93,74.1069,NORMAL,HIGH,66.36,SCHEDULE MAINTENANCE,Schedule maintenance soon. Predicted RUL is 46.6 cycles.,"sensor_20, sensor_11, sensor_15"
FD003,72,45.0,66.53409,21.534088134765625,232,39.37,98.1351,CRITICAL,CRITICAL,65.99,IMMEDIATE INSPECTION,Engine requires immediate inspection. Predicted RUL is 66.5 cycles.,"sensor_12, sensor_7, sensor_10"
FD001,64,28.0,41.50822,13.508220672607422,283,34.3,66.3807,NORMAL,HIGH,65.8,SCHEDULE MAINTENANCE,Schedule maintenance soon. Predicted RUL is 41.5 cycles.,"sensor_7, sensor_14, sensor_9"
FD004,25,39.0,52.949528,13.949527740478516,150,36.69,80.6707,NORMAL,MEDIUM,65.79,MONITOR CLOSELY,Monitor engine closely. Predicted RUL is 52.9 cycles.,"sensor_19, sensor_13, sensor_14"
FD004,194,15.0,4.854026,-10.145974159240724,145,26.73,20.3399,NORMAL,CRITICAL,65.71,IMMEDIATE INSPECTION,Engine requires immediate inspection. Predicted RUL is 4.9 cycles.,"sensor_10, sensor_16, sensor_4"
FD002,242,17.0,14.243255,-2.7567453384399414,273,28.88,31.4292,NORMAL,CRITICAL,65.45,IMMEDIATE INSPECTION,Engine requires immediate inspection. Predicted RUL is 14.2 cycles.,"sensor_5, sensor_6, sensor_20"
FD003,26,11.0,15.847007,4.847006797790527,243,29.42,32.7387,NORMAL,CRITICAL,65.17,IMMEDIATE INSPECTION,Engine requires immediate inspection. Predicted RUL is 15.8 cycles.,"sensor_2, sensor_21, sensor_17"
FD003,20,56.0,68.10618,12.106178283691406,338,40.33,97.9895,CRITICAL,CRITICAL,65.14,IMMEDIATE INSPECTION,Engine requires immediate inspection. Predicted RUL is 68.1 cycles.,"sensor_11, sensor_12, sensor_8"
FD002,254,48.0,57.17887,9.178871154785156,260,38.24,83.7013,NORMAL,MEDIUM,64.89,MONITOR CLOSELY,Monitor engine closely. Predicted RUL is 57.2 cycles.,"sensor_19, sensor_13, sensor_14"
FD004,126,15.0,19.365211,4.365211486816406,302,30.4,36.3255,NORMAL,CRITICAL,64.85,IMMEDIATE INSPECTION,Engine requires immediate inspection. Predicted RUL is 19.4 cycles.,"sensor_5, sensor_1, sensor_6"
FD004,118,8.0,20.47641,12.476409912109377,543,30.85,36.9965,NORMAL,HIGH,64.56,SCHEDULE MAINTENANCE,Schedule maintenance soon. Predicted RUL is 20.5 cycles.,"sensor_5, sensor_6, sensor_20"
FD001,91,38.0,27.629435,-10.370565414428713,135,32.35,45.8824,NORMAL,HIGH,64.54,SCHEDULE MAINTENANCE,Schedule maintenance soon. Predicted RUL is 27.6 cycles.,"sensor_12, sensor_3, sensor_14"
FD002,211,6.0,-1.7379901,-7.737990140914917,214,26.65,11.1739,NORMAL,CRITICAL,64.47,IMMEDIATE INSPECTION,Engine requires immediate inspection. Predicted RUL is -1.7 cycles.,"sensor_5, sensor_1, sensor_6"
FD002,65,11.0,15.933211,4.933211326599121,206,30.13,30.5549,NORMAL,CRITICAL,64.26,IMMEDIATE INSPECTION,Engine requires immediate inspection. Predicted RUL is 15.9 cycles.,"sensor_5, sensor_6, sensor_1"
FD001,80,90.0,69.07037,-20.92962646484375,185,41.51,95.943,WARNING,HIGH,63.84,SCHEDULE MAINTENANCE,Schedule maintenance soon. Predicted RUL is 69.1 cycles.,"sensor_9, sensor_8, sensor_14"
FD002,192,13.0,28.974985,15.974985122680664,133,33.19,45.7077,NORMAL,HIGH,63.8,SCHEDULE MAINTENANCE,Schedule maintenance soon. Predicted RUL is 29.0 cycles.,"sensor_10, sensor_16, sensor_4"
FD002,158,15.0,8.748698,-6.2513017654418945,308,29.03,20.2385,NORMAL,CRITICAL,63.72,IMMEDIATE INSPECTION,Engine requires immediate inspection. Predicted RUL is 8.7 cycles.,"sensor_10, sensor_16, sensor_4"
FD003,86,25.0,22.120771,-2.8792285919189453,341,32.22,35.6028,NORMAL,HIGH,63.18,SCHEDULE MAINTENANCE,Schedule maintenance soon. Predicted RUL is 22.1 cycles.,"sensor_14, sensor_8, sensor_2"
FD001,63,72.0,71.92167,-0.0783309936523437,174,42.9,96.8542,WARNING,HIGH,62.78,SCHEDULE MAINTENANCE,Schedule maintenance soon. Predicted RUL is 71.9 cycles.,"sensor_21, sensor_20, sensor_14"
FD002,190,12.0,20.136745,8.13674545288086,257,32.15,31.9779,NORMAL,HIGH,62.72,SCHEDULE MAINTENANCE,Schedule maintenance soon. Predicted RUL is 20.1 cycles.,sensor_10
FD003,77,86.0,70.76626,-15.233741760253906,255,42.74,95.1416,WARNING,HIGH,62.67,SCHEDULE MAINTENANCE,Schedule maintenance soon. Predicted RUL is 70.8 cycles.,"sensor_14, sensor_17, sensor_9"
FD002,160,42.0,56.519547,14.519546508789062,212,39.78,77.2968,NORMAL,MEDIUM,62.66,MONITOR CLOSELY,Monitor engine closely. Predicted RUL is 56.5 cycles.,"sensor_5, sensor_1, sensor_6"
FD003,11,77.0,74.73388,-2.2661209106445312,197,43.64,99.8503,CRITICAL,CRITICAL,62.57,IMMEDIATE INSPECTION,Engine requires immediate inspection. Predicted RUL is 74.7 cycles.,"sensor_9, sensor_10, sensor_13"
FD003,2,51.0,72.423454,21.42345428466797,253,43.19,96.8447,WARNING,HIGH,62.53,SCHEDULE MAINTENANCE,Schedule maintenance soon. Predicted RUL is 72.4 cycles.,"sensor_8, sensor_17, sensor_3"
FD004,179,12.0,16.450947,4.450946807861328,435,31.6,26.6551,NORMAL,CRITICAL,62.44,IMMEDIATE INSPECTION,Engine requires immediate inspection. Predicted RUL is 16.5 cycles.,"sensor_10, sensor_16, sensor_14"
FD001,93,85.0,51.51219,-33.48780822753906,155,39.01,70.1323,NORMAL,MEDIUM,62.3,MONITOR CLOSELY,Monitor engine closely. Predicted RUL is 51.5 cycles.,"sensor_7, sensor_11, sensor_15"
FD004,222,39.0,40.1583,1.1582984924316406,202,36.88,55.1421,NORMAL,HIGH,61.98,SCHEDULE MAINTENANCE,Schedule maintenance soon. Predicted RUL is 40.2 cycles.,"sensor_10, sensor_5, sensor_6"
FD001,32,48.0,45.42285,-2.5771484375,191,38.0,61.6548,NORMAL,HIGH,61.95,SCHEDULE MAINTENANCE,Schedule maintenance soon. Predicted RUL is 45.4 cycles.,"sensor_11, sensor_20, sensor_4"
FD002,5,15.0,11.142198,-3.857802391052246,154,31.18,17.7477,NORMAL,CRITICAL,61.53,IMMEDIATE INSPECTION,Engine requires immediate inspection. Predicted RUL is 11.1 cycles.,"sensor_5, sensor_6, sensor_1"
FD004,91,50.0,42.171787,-7.828212738037109,354,37.65,56.494,NORMAL,HIGH,61.51,SCHEDULE MAINTENANCE,Schedule maintenance soon. Predicted RUL is 42.2 cycles.,"sensor_1, sensor_5, sensor_16"
FD002,179,35.0,37.871166,2.871166229248047,181,36.76,51.1114,NORMAL,HIGH,61.51,SCHEDULE MAINTENANCE,Schedule maintenance soon. Predicted RUL is 37.9 cycles.,"sensor_14, sensor_10, sensor_15"
FD004,88,56.0,76.8748,20.874801635742188,388,44.88,99.8678,CRITICAL,CRITICAL,61.51,IMMEDIATE INSPECTION,Engine requires immediate inspection. Predicted RUL is 76.9 cycles.,"sensor_16, sensor_2, sensor_12"
FD001,43,59.0,64.84664,5.846641540527344,207,42.6,84.0871,NORMAL,MEDIUM,61.21,MONITOR CLOSELY,Monitor engine closely. Predicted RUL is 64.8 cycles.,"sensor_7, sensor_8, sensor_9"
FD002,216,81.0,76.867485,-4.132514953613281,229,45.19,98.8448,CRITICAL,CRITICAL,61.1,IMMEDIATE INSPECTION,Engine requires immediate inspection. Predicted RUL is 76.9 cycles.,"sensor_10, sensor_12, sensor_7"
FD004,38,11.0,18.281507,7.28150749206543,177,33.05,25.3849,NORMAL,CRITICAL,61.01,IMMEDIATE INSPECTION,Engine requires immediate inspection. Predicted RUL is 18.3 cycles.,"sensor_16, sensor_2, sensor_1"
FD001,20,16.0,13.80104,-2.198960304260254,234,32.17,19.6113,NORMAL,CRITICAL,60.94,IMMEDIATE INSPECTION,Engine requires immediate inspection. Predicted RUL is 13.8 cycles.,"sensor_8, sensor_15, sensor_17"
FD002,120,15.0,27.336994,12.336994171142578,129,35.07,36.2451,NORMAL,HIGH,60.83,SCHEDULE MAINTENANCE,Schedule maintenance soon. Predicted RUL is 27.3 cycles.,"sensor_5, sensor_1, sensor_6"
FD002,124,7.0,6.429215,-0.5707850456237793,267,30.75,10.0002,NORMAL,CRITICAL,60.79,IMMEDIATE INSPECTION,Engine requires immediate inspection. Predicted RUL is 6.4 cycles.,"sensor_5, sensor_6, sensor_20"
FD004,106,107.0,61.248226,-45.75177383422851,266,42.25,78.2723,NORMAL,MEDIUM,60.68,MONITOR CLOSELY,Monitor engine closely. Predicted RUL is 61.2 cycles.,"sensor_5, sensor_1, sensor_6"
FD002,63,39.0,67.34783,28.34783172607422,168,43.57,85.7047,WARNING,HIGH,60.61,SCHEDULE MAINTENANCE,Schedule maintenance soon. Predicted RUL is 67.3 cycles.,"sensor_19, sensor_13, sensor_14"
FD004,198,11.0,18.605946,7.605945587158203,164,33.43,24.7351,NORMAL,CRITICAL,60.59,IMMEDIATE INSPECTION,Engine requires immediate inspection. Predicted RUL is 18.6 cycles.,"sensor_10, sensor_16, sensor_4"
FD002,186,10.0,14.442655,4.442654609680176,194,32.62,19.353,NORMAL,CRITICAL,60.52,IMMEDIATE INSPECTION,Engine requires immediate inspection. Predicted RUL is 14.4 cycles.,"sensor_5, sensor_6, sensor_20"
FD004,173,8.0,4.233579,-3.766420841217041,457,30.67,5.9854,NORMAL,CRITICAL,60.28,IMMEDIATE INSPECTION,Engine requires immediate inspection. Predicted RUL is 4.2 cycles.,"sensor_5, sensor_6, sensor_21"
FD001,37,21.0,51.84213,30.84212875366211,170,40.77,64.8878,NORMAL,MEDIUM,60.03,MONITOR CLOSELY,Monitor engine closely. Predicted RUL is 51.8 cycles.,"sensor_11, sensor_15, sensor_12"
FD003,1,44.0,47.714397,3.714397430419922,259,39.97,59.555,NORMAL,HIGH,59.96,SCHEDULE MAINTENANCE,Schedule maintenance soon. Predicted RUL is 47.7 cycles.,"sensor_11, sensor_4, sensor_12"
FD004,44,60.0,47.969513,-12.030487060546877,203,40.03,59.8426,NORMAL,HIGH,59.95,SCHEDULE MAINTENANCE,Schedule maintenance soon. Predicted RUL is 48.0 cycles.,"sensor_15, sensor_14, sensor_10"
FD004,107,41.0,75.054756,34.05475616455078,183,45.73,93.5183,WARNING,HIGH,59.88,SCHEDULE MAINTENANCE,Schedule maintenance soon. Predicted RUL is 75.1 cycles.,"sensor_7, sensor_12, sensor_21"
FD002,109,35.0,34.507206,-0.4927940368652344,220,37.49,42.1157,NORMAL,HIGH,59.59,SCHEDULE MAINTENANCE,Schedule maintenance soon. Predicted RUL is 34.5 cycles.,"sensor_5, sensor_6, sensor_20"
FD001,17,50.0,51.34355,1.3435516357421875,276,41.14,62.7115,NORMAL,MEDIUM,59.41,MONITOR CLOSELY,Monitor engine closely. Predicted RUL is 51.3 cycles.,"sensor_14, sensor_2, sensor_4"
FD004,61,51.0,38.5262,-12.473800659179688,244,38.49,46.6146,NORMAL,HIGH,59.38,SCHEDULE MAINTENANCE,Schedule maintenance soon. Predicted RUL is 38.5 cycles.,"sensor_16, sensor_14"
FD003,89,41.0,81.15956,40.15956115722656,207,47.5,99.4822,CRITICAL,CRITICAL,59.21,IMMEDIATE INSPECTION,Engine requires immediate inspection. Predicted RUL is 81.2 cycles.,"sensor_10, sensor_9, sensor_7"
FD003,30,89.0,81.15031,-7.849693298339844,218,47.6,99.11,CRITICAL,CRITICAL,59.07,IMMEDIATE INSPECTION,Engine requires immediate inspection. Predicted RUL is 81.2 cycles.,"sensor_8, sensor_13, sensor_4"
FD002,45,15.0,8.102429,-6.897570610046387,151,32.55,7.2416,NORMAL,CRITICAL,58.85,IMMEDIATE INSPECTION,Engine requires immediate inspection. Predicted RUL is 8.1 cycles.,"sensor_16, sensor_1, sensor_2"
FD002,97,31.0,17.10682,-13.893180847167969,145,34.52,18.209,NORMAL,CRITICAL,58.73,IMMEDIATE INSPECTION,Engine requires immediate inspection. Predicted RUL is 17.1 cycles.,"sensor_10, sensor_16, sensor_4"
FD004,185,46.0,53.454277,7.454277038574219,259,42.22,63.2108,NORMAL,MEDIUM,58.56,MONITOR CLOSELY,Monitor engine closely. Predicted RUL is 53.5 cycles.,"sensor_1, sensor_5, sensor_6"
FD002,177,6.0,6.8656306,0.8656306266784668,181,32.58,4.7546,NORMAL,CRITICAL,58.47,IMMEDIATE INSPECTION,Engine requires immediate inspection. Predicted RUL is 6.9 cycles.,"sensor_5, sensor_6, sensor_20"
FD002,181,68.0,46.49608,-21.503921508789062,255,40.99,53.7622,NORMAL,HIGH,58.26,SCHEDULE MAINTENANCE,Schedule maintenance soon. Predicted RUL is 46.5 cycles.,"sensor_6, sensor_7, sensor_5"
FD003,57,88.0,82.23827,-5.761726379394531,215,48.45,98.4142,CRITICAL,CRITICAL,58.25,IMMEDIATE INSPECTION,Engine requires immediate inspection. Predicted RUL is 82.2 cycles.,"sensor_12, sensor_20, sensor_7"
FD003,87,68.0,78.9201,10.92009735107422,172,47.83,94.0291,WARNING,HIGH,58.15,SCHEDULE MAINTENANCE,Schedule maintenance soon. Predicted RUL is 78.9 cycles.,"sensor_7, sensor_14, sensor_3"
FD004,40,10.0,22.631577,12.631576538085938,206,36.22,23.2608,NORMAL,HIGH,57.99,SCHEDULE MAINTENANCE,Schedule maintenance soon. Predicted RUL is 22.6 cycles.,"sensor_5, sensor_6, sensor_1"
FD004,213,14.0,20.243006,6.243005752563477,197,35.76,20.1685,NORMAL,HIGH,57.95,SCHEDULE MAINTENANCE,Schedule maintenance soon. Predicted RUL is 20.2 cycles.,"sensor_16, sensor_2, sensor_1"
FD002,22,10.0,11.441151,1.4411506652832031,192,34.0,8.9194,NORMAL,CRITICAL,57.85,IMMEDIATE INSPECTION,Engine requires immediate inspection. Predicted RUL is 11.4 cycles.,"sensor_5, sensor_6, sensor_1"
FD001,57,103.0,75.95482,-27.045181274414062,137,47.44,89.5594,WARNING,HIGH,57.85,SCHEDULE MAINTENANCE,Schedule maintenance soon. Predicted RUL is 76.0 cycles.,"sensor_2, sensor_15, sensor_17"
FD004,67,46.0,51.827442,5.827442169189453,167,42.43,59.3446,NORMAL,MEDIUM,57.82,MONITOR CLOSELY,Monitor engine closely. Predicted RUL is 51.8 cycles.,"sensor_1, sensor_5, sensor_6"
FD002,143,81.0,70.563484,-10.436515808105469,166,46.37,82.6522,NORMAL,MEDIUM,57.78,MONITOR CLOSELY,Monitor engine closely. Predicted RUL is 70.6 cycles.,"sensor_4, sensor_16, sensor_20"
FD001,35,11.0,6.7657413,-4.234258651733398,181,33.09,2.8695,NORMAL,CRITICAL,57.76,IMMEDIATE INSPECTION,Engine requires immediate inspection. Predicted RUL is 6.8 cycles.,"sensor_4, sensor_8, sensor_7"
FD002,14,11.0,11.365965,0.3659648895263672,193,34.05,8.6088,NORMAL,CRITICAL,57.76,IMMEDIATE INSPECTION,Engine requires immediate inspection. Predicted RUL is 11.4 cycles.,"sensor_1, sensor_5, sensor_16"
FD002,248,56.0,78.069405,22.06940460205078,234,48.07,91.5735,WARNING,HIGH,57.59,SCHEDULE MAINTENANCE,Schedule maintenance soon. Predicted RUL is 78.1 cycles.,"sensor_7, sensor_12, sensor_20"
FD001,30,115.0,79.65515,-35.3448486328125,194,48.6,92.899,WARNING,HIGH,57.33,SCHEDULE MAINTENANCE,Schedule maintenance soon. Predicted RUL is 79.7 cycles.,"sensor_4, sensor_20, sensor_8"
FD004,216,17.0,8.857081,-8.142918586730957,244,34.04,3.7715,NORMAL,CRITICAL,57.08,IMMEDIATE INSPECTION,Engine requires immediate inspection. Predicted RUL is 8.9 cycles.,"sensor_5, sensor_6, sensor_1"
FD001,94,55.0,55.488373,0.488372802734375,258,43.76,62.0377,NORMAL,MEDIUM,57.07,MONITOR CLOSELY,Monitor engine closely. Predicted RUL is 55.5 cycles.,"sensor_7, sensor_9, sensor_14"
FD001,76,10.0,8.995945,-1.0040550231933594,210,34.19,3.5141,NORMAL,CRITICAL,56.91,IMMEDIATE INSPECTION,Engine requires immediate inspection. Predicted RUL is 9.0 cycles.,"sensor_12, sensor_4, sensor_3"
FD002,52,53.0,29.500296,-23.49970436096191,174,38.47,29.1281,NORMAL,HIGH,56.9,SCHEDULE MAINTENANCE,Schedule maintenance soon. Predicted RUL is 29.5 cycles.,"sensor_5, sensor_1, sensor_6"
FD004,58,8.0,11.340638,3.3406381607055664,281,34.71,6.3642,NORMAL,CRITICAL,56.88,IMMEDIATE INSPECTION,Engine requires immediate inspection. Predicted RUL is 11.3 cycles.,"sensor_5, sensor_6, sensor_21"
FD002,96,49.0,37.37982,-11.62017822265625,208,40.13,38.9144,NORMAL,HIGH,56.88,SCHEDULE MAINTENANCE,Schedule maintenance soon. Predicted RUL is 37.4 cycles.,"sensor_20, sensor_21, sensor_5"
FD003,62,58.0,85.79183,27.791831970214844,246,50.25,99.3244,CRITICAL,CRITICAL,56.83,IMMEDIATE INSPECTION,Engine requires immediate inspection. Predicted RUL is 85.8 cycles.,"sensor_3, sensor_2, sensor_12"
FD002,227,14.0,11.032636,-2.9673643112182617,184,34.68,5.8688,NORMAL,CRITICAL,56.83,IMMEDIATE INSPECTION,Engine requires immediate inspection. Predicted RUL is 11.0 cycles.,"sensor_5, sensor_6, sensor_1"
FD004,135,7.0,11.726547,4.7265472412109375,149,34.84,6.6613,NORMAL,CRITICAL,56.8,IMMEDIATE INSPECTION,Engine requires immediate inspection. Predicted RUL is 11.7 cycles.,"sensor_5, sensor_6, sensor_20"
FD004,68,46.0,39.365562,-6.634437561035156,163,40.67,40.9901,NORMAL,HIGH,56.71,SCHEDULE MAINTENANCE,Schedule maintenance soon. Predicted RUL is 39.4 cycles.,"sensor_5, sensor_6, sensor_21"
FD004,184,10.0,14.2773485,4.277348518371582,379,35.45,9.6002,NORMAL,CRITICAL,56.7,IMMEDIATE INSPECTION,Engine requires immediate inspection. Predicted RUL is 14.3 cycles.,"sensor_5, sensor_6, sensor_1"
FD002,176,23.0,35.490753,12.490753173828123,164,39.88,36.0926,NORMAL,HIGH,56.69,SCHEDULE MAINTENANCE,Schedule maintenance soon. Predicted RUL is 35.5 cycles.,"sensor_2, sensor_1, sensor_16"
FD002,1,18.0,11.520386,-6.4796142578125,149,34.9,6.0753,NORMAL,CRITICAL,56.67,IMMEDIATE INSPECTION,Engine requires immediate inspection. Predicted RUL is 11.5 cycles.,"sensor_5, sensor_6, sensor_21"
FD001,21,57.0,66.45535,9.455352783203123,195,46.38,74.6062,NORMAL,MEDIUM,56.61,MONITOR CLOSELY,Monitor engine closely. Predicted RUL is 66.5 cycles.,"sensor_17, sensor_4, sensor_3"
FD003,33,71.0,86.59435,15.594352722167969,231,50.65,99.5307,CRITICAL,CRITICAL,56.52,IMMEDIATE INSPECTION,Engine requires immediate inspection. Predicted RUL is 86.6 cycles.,"sensor_4, sensor_7, sensor_13"
FD001,98,59.0,70.68894,11.688941955566406,156,47.38,79.5017,NORMAL,MEDIUM,56.46,MONITOR CLOSELY,Monitor engine closely. Predicted RUL is 70.7 cycles.,"sensor_14, sensor_20, sensor_15"
FD004,217,66.0,65.14354,-0.8564605712890625,200,46.48,71.7448,NORMAL,MEDIUM,56.13,MONITOR CLOSELY,Monitor engine closely. Predicted RUL is 65.1 cycles.,"sensor_13, sensor_19, sensor_14"
FD004,89,86.0,64.990486,-21.00951385498047,168,46.46,71.4885,NORMAL,MEDIUM,56.1,MONITOR CLOSELY,Monitor engine closely. Predicted RUL is 65.0 cycles.,"sensor_13, sensor_20, sensor_5"
FD002,133,38.0,45.650723,7.650722503662109,159,42.72,46.3718,NORMAL,HIGH,55.72,SCHEDULE MAINTENANCE,Schedule maintenance soon. Predicted RUL is 45.7 cycles.,"sensor_5, sensor_20, sensor_6"
FD003,34,65.0,86.812355,21.812355041503903,459,51.31,97.767,CRITICAL,CRITICAL,55.7,IMMEDIATE INSPECTION,Engine requires immediate inspection. Predicted RUL is 86.8 cycles.,"sensor_9, sensor_10, sensor_7"
FD002,130,121.0,73.91751,-47.082489013671875,182,48.65,81.5677,NORMAL,MEDIUM,55.67,MONITOR CLOSELY,Monitor engine closely. Predicted RUL is 73.9 cycles.,"sensor_13, sensor_19, sensor_14"
FD002,36,100.0,68.58419,-31.415809631347656,203,47.79,74.0657,NORMAL,MEDIUM,55.33,MONITOR CLOSELY,Monitor engine closely. Predicted RUL is 68.6 cycles.,"sensor_16, sensor_10, sensor_14"
FD002,189,43.0,44.075207,1.0752067565917969,209,42.75,43.2039,NORMAL,HIGH,55.24,SCHEDULE MAINTENANCE,Schedule maintenance soon. Predicted RUL is 44.1 cycles.,"sensor_10, sensor_20, sensor_21"
FD004,224,14.0,21.241047,7.241046905517578,268,38.02,14.5586,NORMAL,HIGH,55.2,SCHEDULE MAINTENANCE,Schedule maintenance soon. Predicted RUL is 21.2 cycles.,"sensor_5, sensor_6, sensor_21"
FD001,4,82.0,88.43577,6.435768127441406,189,52.08,98.3568,CRITICAL,CRITICAL,55.12,IMMEDIATE INSPECTION,Engine requires immediate inspection. Predicted RUL is 88.4 cycles.,"sensor_2, sensor_14, sensor_3"
FD003,9,55.0,72.61235,17.612350463867188,406,48.79,78.5477,NORMAL,MEDIUM,55.11,MONITOR CLOSELY,Monitor engine closely. Predicted RUL is 72.6 cycles.,"sensor_12, sensor_21, sensor_17"
FD004,103,9.0,15.352618,6.352618217468262,224,37.05,6.3364,NORMAL,CRITICAL,54.86,IMMEDIATE INSPECTION,Engine requires immediate inspection. Predicted RUL is 15.4 cycles.,"sensor_5, sensor_6, sensor_21"
FD001,11,97.0,84.865944,-12.134056091308594,240,51.55,93.1705,WARNING,HIGH,54.84,SCHEDULE MAINTENANCE,Schedule maintenance soon. Predicted RUL is 84.9 cycles.,"sensor_4, sensor_14, sensor_20"
FD001,97,82.0,85.58573,3.585731506347656,202,51.74,93.9654,WARNING,HIGH,54.79,SCHEDULE MAINTENANCE,Schedule maintenance soon. Predicted RUL is 85.6 cycles.,"sensor_20, sensor_7, sensor_3"
FD002,72,104.0,81.52045,-22.47955322265625,196,51.03,88.3982,WARNING,HIGH,54.6,SCHEDULE MAINTENANCE,Schedule maintenance soon. Predicted RUL is 81.5 cycles.,"sensor_5, sensor_6, sensor_20"
FD004,134,36.0,59.850708,23.8507080078125,247,46.54,61.2451,NORMAL,MEDIUM,54.57,MONITOR CLOSELY,Monitor engine closely. Predicted RUL is 59.9 cycles.,"sensor_16, sensor_13, sensor_14"
FD002,11,6.0,12.537774,6.537774085998535,271,37.04,0.9226,NORMAL,CRITICAL,54.1,IMMEDIATE INSPECTION,Engine requires immediate inspection. Predicted RUL is 12.5 cycles.,"sensor_5, sensor_1, sensor_6"
FD004,48,45.0,62.68742,17.687419891357422,322,47.5,63.5651,NORMAL,MEDIUM,54.08,MONITOR CLOSELY,Monitor engine closely. Predicted RUL is 62.7 cycles.,"sensor_10, sensor_14, sensor_16"
FD002,161,13.0,14.534124,1.5341243743896484,224,37.49,3.285,NORMAL,CRITICAL,54.05,IMMEDIATE INSPECTION,Engine requires immediate inspection. Predicted RUL is 14.5 cycles.,"sensor_5, sensor_6, sensor_21"
FD002,151,115.0,84.43818,-30.56182098388672,177,52.08,90.5932,WARNING,HIGH,54.02,SCHEDULE MAINTENANCE,Schedule maintenance soon. Predicted RUL is 84.4 cycles.,none
FD004,244,35.0,43.07089,8.07088851928711,267,43.51,38.7059,NORMAL,HIGH,53.95,SCHEDULE MAINTENANCE,Schedule maintenance soon. Predicted RUL is 43.1 cycles.,"sensor_5, sensor_1, sensor_6"
FD003,42,115.0,92.29051,-22.709487915039062,193,53.9,99.8018,CRITICAL,CRITICAL,53.78,IMMEDIATE INSPECTION,Engine requires immediate inspection. Predicted RUL is 92.3 cycles.,"sensor_10, sensor_21, sensor_12"
FD001,51,114.0,92.48372,-21.516281127929688,213,53.95,99.9952,CRITICAL,CRITICAL,53.76,IMMEDIATE INSPECTION,Engine requires immediate inspection. Predicted RUL is 92.5 cycles.,"sensor_9, sensor_8, sensor_2"
FD002,41,44.0,43.730415,-0.2695846557617187,262,43.85,38.8791,NORMAL,HIGH,53.69,SCHEDULE MAINTENANCE,Schedule maintenance soon. Predicted RUL is 43.7 cycles.,"sensor_13, sensor_16, sensor_2"
FD002,236,12.0,12.794715,0.7947149276733398,239,37.4,0.2251,NORMAL,CRITICAL,53.69,IMMEDIATE INSPECTION,Engine requires immediate inspection. Predicted RUL is 12.8 cycles.,"sensor_5, sensor_6, sensor_20"
FD004,20,82.0,75.26884,-6.731163024902344,245,50.58,77.7596,NORMAL,MEDIUM,53.47,MONITOR CLOSELY,Monitor engine closely. Predicted RUL is 75.3 cycles.,"sensor_13, sensor_16, sensor_17"
FD004,43,42.0,91.18413,49.18412780761719,223,53.96,97.4465,CRITICAL,CRITICAL,53.39,IMMEDIATE INSPECTION,Engine requires immediate inspection. Predicted RUL is 91.2 cycles.,"sensor_5, sensor_6, sensor_1"
FD004,105,100.0,62.35214,-37.64786148071289,170,47.98,61.3235,NORMAL,MEDIUM,53.35,MONITOR CLOSELY,Monitor engine closely. Predicted RUL is 62.4 cycles.,"sensor_12, sensor_7, sensor_4"
FD002,84,17.0,20.93285,3.932849884033203,259,39.56,8.832,NORMAL,HIGH,53.07,SCHEDULE MAINTENANCE,Schedule maintenance soon. Predicted RUL is 20.9 cycles.,"sensor_5, sensor_6, sensor_21"
FD004,27,76.0,64.69048,-11.30951690673828,163,48.8,63.1096,NORMAL,MEDIUM,52.9,MONITOR CLOSELY,Monitor engine closely. Predicted RUL is 64.7 cycles.,"sensor_13, sensor_14, sensor_16"
FD004,177,12.0,24.350197,12.350196838378906,242,40.51,12.3022,NORMAL,HIGH,52.75,SCHEDULE MAINTENANCE,Schedule maintenance soon. Predicted RUL is 24.4 cycles.,"sensor_5, sensor_6, sensor_1"
FD004,171,126.0,81.779465,-44.22053527832031,399,52.52,83.9491,NORMAL,MEDIUM,52.69,MONITOR CLOSELY,Monitor engine closely. Predicted RUL is 81.8 cycles.,"sensor_21, sensor_5, sensor_20"
FD001,45,114.0,69.58456,-44.41544342041016,158,50.07,68.4165,NORMAL,MEDIUM,52.57,MONITOR CLOSELY,Monitor engine closely. Predicted RUL is 69.6 cycles.,"sensor_20, sensor_4, sensor_8"
FD001,70,94.0,79.06128,-14.938720703125,137,52.11,80.0397,NORMAL,MEDIUM,52.49,MONITOR CLOSELY,Monitor engine closely. Predicted RUL is 79.1 cycles.,"sensor_4, sensor_14, sensor_9"
FD002,168,82.0,92.68995,10.689949035644531,217,55.25,96.0788,WARNING,HIGH,52.09,SCHEDULE MAINTENANCE,Schedule maintenance soon. Predicted RUL is 92.7 cycles.,"sensor_13, sensor_5, sensor_6"
FD004,110,59.0,76.1524,17.15239715576172,186,52.23,73.9588,NORMAL,MEDIUM,51.51,MONITOR CLOSELY,Monitor engine closely. Predicted RUL is 76.2 cycles.,"sensor_13, sensor_5, sensor_6"
FD003,3,27.0,28.0192,1.0191993713378906,222,42.32,13.4304,NORMAL,HIGH,51.36,SCHEDULE MAINTENANCE,Schedule maintenance soon. Predicted RUL is 28.0 cycles.,"sensor_2, sensor_7, sensor_13"
FD004,150,57.0,45.149216,-11.850784301757812,149,46.09,34.1573,NORMAL,HIGH,51.09,SCHEDULE MAINTENANCE,Schedule maintenance soon. Predicted RUL is 45.1 cycles.,"sensor_10, sensor_16, sensor_14"
FD001,28,97.0,84.85555,-12.144447326660156,165,54.43,83.5733,NORMAL,MEDIUM,51.0,MONITOR CLOSELY,Monitor engine closely. Predicted RUL is 84.9 cycles.,"sensor_12, sensor_14, sensor_2"
FD004,234,68.0,48.155445,-19.844554901123047,207,46.82,37.5729,NORMAL,HIGH,50.95,SCHEDULE MAINTENANCE,Schedule maintenance soon. Predicted RUL is 48.2 cycles.,"sensor_13, sensor_20, sensor_5"
FD004,111,18.0,22.124706,4.124706268310547,297,41.52,4.6156,NORMAL,HIGH,50.78,SCHEDULE MAINTENANCE,Schedule maintenance soon. Predicted RUL is 22.1 cycles.,"sensor_5, sensor_6, sensor_21"
FD001,74,126.0,84.64359,-41.356407165527344,166,54.57,82.6814,NORMAL,MEDIUM,50.75,MONITOR CLOSELY,Monitor engine closely. Predicted RUL is 84.6 cycles.,"sensor_17, sensor_7, sensor_21"
FD004,154,34.0,26.207287,-7.792713165283203,203,42.59,9.001,NORMAL,HIGH,50.5,SCHEDULE MAINTENANCE,Schedule maintenance soon. Predicted RUL is 26.2 cycles.,"sensor_1, sensor_5, sensor_16"
FD004,190,43.0,62.54625,19.54624938964844,381,50.36,53.7348,NORMAL,MEDIUM,50.22,MONITOR CLOSELY,Monitor engine closely. Predicted RUL is 62.5 cycles.,none
FD004,66,133.0,94.05907,-38.94093322753906,175,56.96,93.0399,WARNING,HIGH,50.19,SCHEDULE MAINTENANCE,Schedule maintenance soon. Predicted RUL is 94.1 cycles.,"sensor_14, sensor_2, sensor_21"
FD004,90,96.0,81.34396,-14.656036376953123,212,54.62,76.1074,NORMAL,MEDIUM,49.77,MONITOR CLOSELY,Monitor engine closely. Predicted RUL is 81.3 cycles.,"sensor_5, sensor_1, sensor_6"
FD004,114,14.0,23.579863,9.579862594604492,161,42.59,3.8988,NORMAL,HIGH,49.77,SCHEDULE MAINTENANCE,Schedule maintenance soon. Predicted RUL is 23.6 cycles.,"sensor_5, sensor_6, sensor_21"
FD002,8,90.0,60.98083,-29.01916885375977,151,50.43,50.466,NORMAL,MEDIUM,49.7,MONITOR CLOSELY,Monitor engine closely. Predicted RUL is 61.0 cycles.,"sensor_13, sensor_19, sensor_14"
FD004,121,41.0,31.142843,-9.85715675354004,194,44.26,13.0076,NORMAL,HIGH,49.63,SCHEDULE MAINTENANCE,Schedule maintenance soon. Predicted RUL is 31.1 cycles.,"sensor_5, sensor_6, sensor_20"
FD003,100,28.0,35.719105,7.719104766845703,152,45.24,18.6691,NORMAL,HIGH,49.61,SCHEDULE MAINTENANCE,Schedule maintenance soon. Predicted RUL is 35.7 cycles.,"sensor_4, sensor_12, sensor_7"
FD002,80,15.0,22.983965,7.983964920043945,221,42.73,2.2657,NORMAL,HIGH,49.41,SCHEDULE MAINTENANCE,Schedule maintenance soon. Predicted RUL is 23.0 cycles.,"sensor_5, sensor_6, sensor_21"
FD002,114,78.0,62.118988,-15.881011962890623,203,51.25,49.9637,NORMAL,MEDIUM,48.93,MONITOR CLOSELY,Monitor engine closely. Predicted RUL is 62.1 cycles.,"sensor_15, sensor_14, sensor_10"
FD001,13,95.0,99.03661,4.036613464355469,163,58.97,96.006,WARNING,HIGH,48.88,SCHEDULE MAINTENANCE,Schedule maintenance soon. Predicted RUL is 99.0 cycles.,"sensor_2, sensor_12, sensor_9"
FD004,143,53.0,48.176643,-4.823356628417969,184,48.54,31.8797,NORMAL,HIGH,48.66,SCHEDULE MAINTENANCE,Schedule maintenance soon. Predicted RUL is 48.2 cycles.,"sensor_5, sensor_19, sensor_13"
FD001,72,50.0,66.347435,16.347434997558594,213,52.5,54.0206,NORMAL,MEDIUM,48.43,MONITOR CLOSELY,Monitor engine closely. Predicted RUL is 66.3 cycles.,"sensor_13, sensor_15, sensor_21"
FD004,172,12.0,23.45349,11.453489303588867,273,43.57,0.3804,NORMAL,HIGH,48.43,SCHEDULE MAINTENANCE,Schedule maintenance soon. Predicted RUL is 23.5 cycles.,"sensor_5, sensor_6, sensor_20"
FD002,235,190.0,98.4925,-91.50749969482422,183,59.19,94.1982,WARNING,HIGH,48.43,SCHEDULE MAINTENANCE,Schedule maintenance soon. Predicted RUL is 98.5 cycles.,"sensor_10, sensor_12, sensor_7"
FD003,84,104.0,101.49479,-2.505210876464844,226,59.84,97.8762,CRITICAL,CRITICAL,48.4,IMMEDIATE INSPECTION,Engine requires immediate inspection. Predicted RUL is 101.5 cycles.,"sensor_12, sensor_7, sensor_13"
FD003,44,69.0,65.00693,-3.993072509765625,180,52.32,52.0024,NORMAL,MEDIUM,48.3,MONITOR CLOSELY,Monitor engine closely. Predicted RUL is 65.0 cycles.,"sensor_7, sensor_2, sensor_8"
FD002,85,47.0,56.72148,9.721481323242188,347,50.71,41.2433,NORMAL,MEDIUM,48.14,MONITOR CLOSELY,Monitor engine closely. Predicted RUL is 56.7 cycles.,"sensor_16, sensor_11, sensor_18"
FD003,85,56.0,101.63664,45.63664245605469,266,60.15,97.1238,CRITICAL,CRITICAL,48.03,IMMEDIATE INSPECTION,Engine requires immediate inspection. Predicted RUL is 101.6 cycles.,"sensor_13, sensor_2, sensor_7"
FD002,4,110.0,92.42937,-17.570632934570312,235,58.26,85.5243,WARNING,HIGH,48.0,SCHEDULE MAINTENANCE,Schedule maintenance soon. Predicted RUL is 92.4 cycles.,"sensor_5, sensor_1, sensor_6"
FD001,27,66.0,102.463165,36.463165283203125,156,60.46,97.7025,CRITICAL,CRITICAL,47.85,IMMEDIATE INSPECTION,Engine requires immediate inspection. Predicted RUL is 102.5 cycles.,"sensor_12, sensor_14, sensor_11"
FD004,123,23.0,29.092445,6.092445373535156,226,45.26,5.7176,NORMAL,HIGH,47.74,SCHEDULE MAINTENANCE,Schedule maintenance soon. Predicted RUL is 29.1 cycles.,"sensor_5, sensor_6, sensor_21"
FD001,60,100.0,98.61796,-1.3820419311523438,172,59.84,92.298,WARNING,HIGH,47.61,SCHEDULE MAINTENANCE,Schedule maintenance soon. Predicted RUL is 98.6 cycles.,"sensor_20, sensor_21, sensor_4"
FD004,80,114.0,90.87091,-23.12908935546875,305,58.41,82.003,NORMAL,MEDIUM,47.37,MONITOR CLOSELY,Monitor engine closely. Predicted RUL is 90.9 cycles.,"sensor_5, sensor_6, sensor_7"
FD004,208,91.0,85.734695,-5.2653045654296875,290,57.48,75.1163,NORMAL,MEDIUM,47.18,MONITOR CLOSELY,Monitor engine closely. Predicted RUL is 85.7 cycles.,"sensor_5, sensor_21, sensor_6"
FD002,142,47.0,43.96802,-3.0319786071777344,208,48.79,22.8743,NORMAL,HIGH,47.17,SCHEDULE MAINTENANCE,Schedule maintenance soon. Predicted RUL is 44.0 cycles.,"sensor_5, sensor_6, sensor_1"
FD002,162,41.0,62.801167,21.801166534423828,194,52.83,46.0183,NORMAL,MEDIUM,47.01,MONITOR CLOSELY,Monitor engine closely. Predicted RUL is 62.8 cycles.,"sensor_16, sensor_10, sensor_14"
FD003,60,128.0,105.270805,-22.72919464111328,190,61.71,98.9846,CRITICAL,CRITICAL,46.96,IMMEDIATE INSPECTION,Engine requires immediate inspection. Predicted RUL is 105.3 cycles.,"sensor_9, sensor_12, sensor_7"
FD003,96,113.0,94.26685,-18.73314666748047,491,59.57,84.7451,NORMAL,MEDIUM,46.76,MONITOR CLOSELY,Monitor engine closely. Predicted RUL is 94.3 cycles.,"sensor_17, sensor_7, sensor_12"
FD003,31,79.0,71.73805,-7.2619476318359375,183,55.0,56.1448,NORMAL,MEDIUM,46.59,MONITOR CLOSELY,Monitor engine closely. Predicted RUL is 71.7 cycles.,"sensor_20, sensor_11, sensor_13"
FD002,79,91.0,88.927826,-2.072174072265625,181,58.74,77.1164,NORMAL,MEDIUM,46.38,MONITOR CLOSELY,Monitor engine closely. Predicted RUL is 88.9 cycles.,"sensor_11, sensor_4, sensor_17"
FD002,107,61.0,53.73145,-7.268550872802734,145,51.54,32.6624,NORMAL,MEDIUM,46.2,MONITOR CLOSELY,Monitor engine closely. Predicted RUL is 53.7 cycles.,"sensor_16, sensor_2, sensor_1"
FD002,222,75.0,62.165764,-12.834236145019531,195,53.35,43.0551,NORMAL,MEDIUM,46.14,MONITOR CLOSELY,Monitor engine closely. Predicted RUL is 62.2 cycles.,"sensor_16, sensor_10, sensor_4"
FD002,20,54.0,85.34474,31.344741821289062,154,58.48,71.0058,NORMAL,MEDIUM,45.73,MONITOR CLOSELY,Monitor engine closely. Predicted RUL is 85.3 cycles.,"sensor_4, sensor_12, sensor_7"
FD002,38,55.0,68.608925,13.608924865722656,177,55.13,49.6326,NORMAL,MEDIUM,45.55,MONITOR CLOSELY,Monitor engine closely. Predicted RUL is 68.6 cycles.,"sensor_5, sensor_6, sensor_21"
FD002,73,78.0,72.498055,-5.501945495605469,239,55.94,54.4895,NORMAL,MEDIUM,45.55,MONITOR CLOSELY,Monitor engine closely. Predicted RUL is 72.5 cycles.,"sensor_5, sensor_20, sensor_6"
FD003,51,78.0,103.856415,25.856414794921875,190,62.59,93.2969,WARNING,HIGH,45.39,SCHEDULE MAINTENANCE,Schedule maintenance soon. Predicted RUL is 103.9 cycles.,"sensor_4, sensor_11, sensor_9"
FD002,195,80.0,60.23738,-19.762619018554688,190,53.66,38.2708,NORMAL,MEDIUM,45.19,MONITOR CLOSELY,Monitor engine closely. Predicted RUL is 60.2 cycles.,"sensor_5, sensor_1, sensor_6"
FD002,39,48.0,31.45266,-16.547340393066406,214,47.73,2.0685,NORMAL,HIGH,45.1,SCHEDULE MAINTENANCE,Schedule maintenance soon. Predicted RUL is 31.5 cycles.,"sensor_5, sensor_6, sensor_1"
FD002,62,39.0,31.735966,-7.264034271240234,184,47.98,1.7634,NORMAL,HIGH,44.84,SCHEDULE MAINTENANCE,Schedule maintenance soon. Predicted RUL is 31.7 cycles.,"sensor_5, sensor_6, sensor_20"
FD003,10,66.0,90.89686,24.89685821533203,481,60.45,75.2468,NORMAL,MEDIUM,44.65,MONITOR CLOSELY,Monitor engine closely. Predicted RUL is 90.9 cycles.,"sensor_7, sensor_11, sensor_20"
FD004,73,23.0,34.980392,11.980392456054688,181,49.04,4.5388,NORMAL,HIGH,44.33,SCHEDULE MAINTENANCE,Schedule maintenance soon. Predicted RUL is 35.0 cycles.,"sensor_5, sensor_6, sensor_20"
FD003,58,40.0,83.09878,43.098777770996094,178,59.23,64.1424,NORMAL,LOW,44.11,CONTINUE MONITORING,Continue normal monitoring. Predicted RUL is 83.1 cycles.,"sensor_11, sensor_3, sensor_13"
FD001,62,54.0,59.613983,5.613983154296875,180,54.39,34.6081,NORMAL,MEDIUM,44.04,MONITOR CLOSELY,Monitor engine closely. Predicted RUL is 59.6 cycles.,"sensor_9, sensor_3, sensor_15"
FD003,17,136.0,111.2616,-24.7384033203125,312,65.2,99.0129,CRITICAL,CRITICAL,43.97,IMMEDIATE INSPECTION,Engine requires immediate inspection. Predicted RUL is 111.3 cycles.,"sensor_4, sensor_14, sensor_9"
FD002,183,67.0,64.84358,-2.1564178466796875,207,55.57,40.8527,NORMAL,MEDIUM,43.92,MONITOR CLOSELY,Monitor engine closely. Predicted RUL is 64.8 cycles.,"sensor_5, sensor_6, sensor_20"
FD004,131,101.0,90.847824,-10.152175903320312,370,61.04,73.1816,NORMAL,MEDIUM,43.85,MONITOR CLOSELY,Monitor engine closely. Predicted RUL is 90.8 cycles.,"sensor_10, sensor_7, sensor_12"
FD002,253,43.0,61.15577,18.15576934814453,149,54.9,35.9158,NORMAL,MEDIUM,43.79,MONITOR CLOSELY,Monitor engine closely. Predicted RUL is 61.2 cycles.,"sensor_10, sensor_16, sensor_15"
FD002,78,52.0,59.4726,7.472599029541016,161,54.67,33.4028,NORMAL,MEDIUM,43.62,MONITOR CLOSELY,Monitor engine closely. Predicted RUL is 59.5 cycles.,"sensor_5, sensor_6, sensor_1"
FD002,212,57.0,102.319824,45.31982421875,149,63.64,86.8338,WARNING,HIGH,43.57,SCHEDULE MAINTENANCE,Schedule maintenance soon. Predicted RUL is 102.3 cycles.,"sensor_13, sensor_19, sensor_14"
FD004,35,36.0,35.791252,-0.2087478637695312,221,50.01,2.9078,NORMAL,HIGH,43.27,SCHEDULE MAINTENANCE,Schedule maintenance soon. Predicted RUL is 35.8 cycles.,"sensor_5, sensor_6, sensor_20"
FD004,23,26.0,51.82829,25.828289031982425,280,53.35,22.931,NORMAL,MEDIUM,43.26,MONITOR CLOSELY,Monitor engine closely. Predicted RUL is 51.8 cycles.,sensor_16
FD002,127,82.0,57.534386,-24.465614318847656,256,54.55,30.0378,NORMAL,MEDIUM,43.25,MONITOR CLOSELY,Monitor engine closely. Predicted RUL is 57.5 cycles.,none
FD002,257,56.0,57.24167,1.241668701171875,309,54.53,29.5448,NORMAL,MEDIUM,43.2,MONITOR CLOSELY,Monitor engine closely. Predicted RUL is 57.2 cycles.,"sensor_21, sensor_20, sensor_5"
FD002,42,27.0,37.459957,10.459957122802734,221,50.53,4.416,NORMAL,HIGH,43.04,SCHEDULE MAINTENANCE,Schedule maintenance soon. Predicted RUL is 37.5 cycles.,"sensor_5, sensor_6, sensor_1"
FD002,115,91.0,50.59492,-40.40507888793945,206,53.28,20.763,NORMAL,MEDIUM,43.01,MONITOR CLOSELY,Monitor engine closely. Predicted RUL is 50.6 cycles.,"sensor_5, sensor_6, sensor_1"
FD002,112,50.0,73.415245,23.415245056152344,378,58.07,49.1862,NORMAL,MEDIUM,42.97,MONITOR CLOSELY,Monitor engine closely. Predicted RUL is 73.4 cycles.,"sensor_12, sensor_6, sensor_7"
FD001,89,136.0,97.75345,-38.246551513671875,217,63.17,79.5211,NORMAL,MEDIUM,42.93,MONITOR CLOSELY,Monitor engine closely. Predicted RUL is 97.8 cycles.,"sensor_11, sensor_20, sensor_17"
FD004,223,58.0,46.56965,-11.43035125732422,247,52.52,15.4729,NORMAL,HIGH,42.9,SCHEDULE MAINTENANCE,Schedule maintenance soon. Predicted RUL is 46.6 cycles.,"sensor_10, sensor_16, sensor_4"
FD002,30,78.0,69.32182,-8.678176879882812,166,57.46,43.2653,NORMAL,MEDIUM,42.65,MONITOR CLOSELY,Monitor engine closely. Predicted RUL is 69.3 cycles.,"sensor_10, sensor_16, sensor_4"
FD003,66,87.0,76.90254,-10.097457885742188,165,59.12,52.4555,NORMAL,MEDIUM,42.53,MONITOR CLOSELY,Monitor engine closely. Predicted RUL is 76.9 cycles.,"sensor_14, sensor_8, sensor_15"
FD002,10,79.0,106.06033,27.060333251953125,184,65.2,88.893,WARNING,HIGH,42.53,SCHEDULE MAINTENANCE,Schedule maintenance soon. Predicted RUL is 106.1 cycles.,"sensor_10, sensor_12, sensor_7"
FD004,187,24.0,49.686142,25.68614196777344,273,53.7,17.6085,NORMAL,HIGH,42.2,SCHEDULE MAINTENANCE,Schedule maintenance soon. Predicted RUL is 49.7 cycles.,"sensor_16, sensor_10, sensor_14"
FD002,206,48.0,40.034184,-7.965816497802734,221,51.79,5.2122,NORMAL,HIGH,42.07,SCHEDULE MAINTENANCE,Schedule maintenance soon. Predicted RUL is 40.0 cycles.,"sensor_5, sensor_6, sensor_21"
FD001,5,91.0,107.20612,16.20612335205078,269,65.95,88.6142,WARNING,HIGH,41.84,SCHEDULE MAINTENANCE,Schedule maintenance soon. Predicted RUL is 107.2 cycles.,"sensor_7, sensor_3, sensor_21"
FD003,13,115.0,112.77529,-2.2247085571289062,185,67.19,95.3115,WARNING,HIGH,41.74,SCHEDULE MAINTENANCE,Schedule maintenance soon. Predicted RUL is 112.8 cycles.,"sensor_11, sensor_21, sensor_8"
FD004,140,146.0,89.173096,-56.826904296875,298,63.06,63.1831,NORMAL,LOW,40.69,CONTINUE MONITORING,Continue normal monitoring. Predicted RUL is 89.2 cycles.,"sensor_5, sensor_1, sensor_6"
FD002,152,59.0,103.79939,44.79939270019531,184,66.13,81.3985,NORMAL,MEDIUM,40.66,MONITOR CLOSELY,Monitor engine closely. Predicted RUL is 103.8 cycles.,"sensor_10, sensor_12, sensor_7"
FD003,14,31.0,39.72067,8.72066879272461,207,52.89,0.9385,NORMAL,HIGH,40.52,SCHEDULE MAINTENANCE,Schedule maintenance soon. Predicted RUL is 39.7 cycles.,"sensor_17, sensor_4, sensor_20"
FD004,231,33.0,40.1627,7.162700653076172,194,53.04,1.3061,NORMAL,HIGH,40.44,SCHEDULE MAINTENANCE,Schedule maintenance soon. Predicted RUL is 40.2 cycles.,"sensor_5, sensor_6, sensor_1"
FD001,26,119.0,117.86431,-1.1356887817382812,199,69.32,98.1193,CRITICAL,CRITICAL,40.32,IMMEDIATE INSPECTION,Engine requires immediate inspection. Predicted RUL is 117.9 cycles.,"sensor_12, sensor_20, sensor_4"
FD004,13,71.0,61.75432,-9.245681762695312,256,57.63,27.9645,NORMAL,MEDIUM,40.31,MONITOR CLOSELY,Monitor engine closely. Predicted RUL is 61.8 cycles.,none
FD001,29,90.0,112.064995,22.06499481201172,163,68.12,90.8245,WARNING,HIGH,40.3,SCHEDULE MAINTENANCE,Schedule maintenance soon. Predicted RUL is 112.1 cycles.,"sensor_20, sensor_15, sensor_9"
FD004,99,37.0,42.112606,5.112606048583984,167,53.7,2.8996,NORMAL,HIGH,40.1,SCHEDULE MAINTENANCE,Schedule maintenance soon. Predicted RUL is 42.1 cycles.,"sensor_1, sensor_16, sensor_5"
FD001,9,111.0,142.49026,31.490264892578125,201,70.0,99.9903,CRITICAL,CRITICAL,40.0,IMMEDIATE INSPECTION,Engine requires immediate inspection. Predicted RUL is 142.5 cycles.,"sensor_17, sensor_13, sensor_8"
FD001,48,92.0,123.131966,31.13196563720703,231,70.01,99.9661,CRITICAL,CRITICAL,39.99,IMMEDIATE INSPECTION,Engine requires immediate inspection. Predicted RUL is 123.1 cycles.,"sensor_13, sensor_8, sensor_14"
FD003,45,111.0,140.15526,29.155258178710938,205,70.1,99.6642,CRITICAL,CRITICAL,39.87,IMMEDIATE INSPECTION,Engine requires immediate inspection. Predicted RUL is 140.2 cycles.,"sensor_4, sensor_10, sensor_3"
FD002,68,56.0,49.22642,-6.773578643798828,185,55.42,10.9861,NORMAL,HIGH,39.78,SCHEDULE MAINTENANCE,Schedule maintenance soon. Predicted RUL is 49.2 cycles.,"sensor_5, sensor_1, sensor_6"
FD003,73,99.0,141.24765,42.247650146484375,215,70.17,99.4215,CRITICAL,CRITICAL,39.77,IMMEDIATE INSPECTION,Engine requires immediate inspection. Predicted RUL is 141.2 cycles.,"sensor_10, sensor_4, sensor_13"
FD003,97,123.0,166.6882,43.688201904296875,275,70.21,99.3042,CRITICAL,CRITICAL,39.72,IMMEDIATE INSPECTION,Engine requires immediate inspection. Predicted RUL is 166.7 cycles.,"sensor_21, sensor_9, sensor_3"
FD002,33,53.0,48.919277,-4.080722808837891,195,55.45,10.2718,NORMAL,HIGH,39.65,SCHEDULE MAINTENANCE,Schedule maintenance soon. Predicted RUL is 48.9 cycles.,"sensor_5, sensor_1, sensor_6"
FD003,27,88.0,218.67824,130.67823791503906,320,70.29,99.0453,CRITICAL,CRITICAL,39.62,IMMEDIATE INSPECTION,Engine requires immediate inspection. Predicted RUL is 218.7 cycles.,"sensor_12, sensor_21, sensor_8"
FD003,68,103.0,209.70752,106.70751953125,201,70.32,98.9239,CRITICAL,CRITICAL,39.57,IMMEDIATE INSPECTION,Engine requires immediate inspection. Predicted RUL is 209.7 cycles.,"sensor_13, sensor_8, sensor_14"
FD003,19,85.0,145.56555,60.5655517578125,229,70.36,98.8147,CRITICAL,CRITICAL,39.53,IMMEDIATE INSPECTION,Engine requires immediate inspection. Predicted RUL is 145.6 cycles.,"sensor_7, sensor_13, sensor_12"
FD001,99,117.0,133.24661,16.246612548828125,185,70.43,98.5798,CRITICAL,CRITICAL,39.43,IMMEDIATE INSPECTION,Engine requires immediate inspection. Predicted RUL is 133.2 cycles.,"sensor_9, sensor_7, sensor_4"
FD002,55,103.0,80.90076,-22.0992431640625,159,62.32,49.5619,NORMAL,LOW,39.37,CONTINUE MONITORING,Continue normal monitoring. Predicted RUL is 80.9 cycles.,"sensor_19, sensor_13, sensor_14"
FD002,232,101.0,51.88711,-49.11288833618164,242,56.31,13.181,NORMAL,MEDIUM,39.33,MONITOR CLOSELY,Monitor engine closely. Predicted RUL is 51.9 cycles.,"sensor_5, sensor_6, sensor_1"
FD003,88,144.0,178.941,34.94099426269531,322,70.52,98.2605,CRITICAL,CRITICAL,39.3,IMMEDIATE INSPECTION,Engine requires immediate inspection. Predicted RUL is 178.9 cycles.,"sensor_9, sensor_12, sensor_10"
FD001,55,137.0,134.53703,-2.4629669189453125,193,70.55,98.1727,CRITICAL,CRITICAL,39.27,IMMEDIATE INSPECTION,Engine requires immediate inspection. Predicted RUL is 134.5 cycles.,"sensor_2, sensor_9, sensor_14"
FD002,40,37.0,44.17047,7.17047119140625,193,54.81,3.1976,NORMAL,HIGH,39.19,SCHEDULE MAINTENANCE,Schedule maintenance soon. Predicted RUL is 44.2 cycles.,"sensor_5, sensor_6, sensor_21"
FD002,213,83.0,79.925835,-3.0741653442382812,196,62.27,47.8283,NORMAL,MEDIUM,39.17,MONITOR CLOSELY,Monitor engine closely. Predicted RUL is 79.9 cycles.,"sensor_5, sensor_1, sensor_6"
FD003,37,145.0,186.7534,41.75340270996094,324,70.83,97.229,CRITICAL,CRITICAL,38.89,IMMEDIATE INSPECTION,Engine requires immediate inspection. Predicted RUL is 186.8 cycles.,"sensor_7, sensor_10, sensor_12"
FD004,153,173.0,110.38895,-62.611053466796875,168,68.85,85.1573,WARNING,HIGH,38.87,SCHEDULE MAINTENANCE,Schedule maintenance soon. Predicted RUL is 110.4 cycles.,"sensor_19, sensor_13, sensor_14"
FD003,49,135.0,197.21661,62.21661376953125,256,70.92,96.9337,WARNING,HIGH,38.77,SCHEDULE MAINTENANCE,Schedule maintenance soon. Predicted RUL is 197.2 cycles.,"sensor_9, sensor_13, sensor_12"
FD002,156,83.0,116.396996,33.396995544433594,299,70.17,92.4124,WARNING,HIGH,38.77,SCHEDULE MAINTENANCE,Schedule maintenance soon. Predicted RUL is 116.4 cycles.,"sensor_16, sensor_20, sensor_21"
FD003,43,128.0,175.52426,47.524261474609375,321,71.08,96.3997,WARNING,HIGH,38.56,SCHEDULE MAINTENANCE,Schedule maintenance soon. Predicted RUL is 175.5 cycles.,"sensor_15, sensor_13, sensor_9"
FD002,198,32.0,67.43634,35.43634033203125,205,60.48,29.5244,NORMAL,MEDIUM,38.09,MONITOR CLOSELY,Monitor engine closely. Predicted RUL is 67.4 cycles.,"sensor_5, sensor_6, sensor_20"
FD003,90,51.0,55.790596,4.790596008300781,181,58.15,14.6319,NORMAL,MEDIUM,37.96,MONITOR CLOSELY,Monitor engine closely. Predicted RUL is 55.8 cycles.,"sensor_7, sensor_13, sensor_11"
FD004,108,153.0,175.77518,22.775177001953125,304,71.57,94.7803,WARNING,HIGH,37.91,SCHEDULE MAINTENANCE,Schedule maintenance soon. Predicted RUL is 175.8 cycles.,"sensor_5, sensor_6, sensor_12"
FD003,41,131.0,191.12698,60.126983642578125,295,71.69,94.3568,WARNING,HIGH,37.74,SCHEDULE MAINTENANCE,Schedule maintenance soon. Predicted RUL is 191.1 cycles.,"sensor_21, sensor_10, sensor_11"
FD004,120,137.0,84.38779,-52.612213134765625,177,64.28,49.8131,NORMAL,LOW,37.73,CONTINUE MONITORING,Continue normal monitoring. Predicted RUL is 84.4 cycles.,"sensor_5, sensor_6, sensor_21"
FD001,84,58.0,61.765675,3.765674591064453,267,59.59,21.458,NORMAL,MEDIUM,37.7,MONITOR CLOSELY,Monitor engine closely. Predicted RUL is 61.8 cycles.,"sensor_7, sensor_9, sensor_3"
FD003,16,56.0,137.33405,81.33404541015625,344,71.91,93.6327,WARNING,HIGH,37.45,SCHEDULE MAINTENANCE,Schedule maintenance soon. Predicted RUL is 137.3 cycles.,"sensor_11, sensor_14, sensor_12"
FD001,71,118.0,140.39165,22.391647338867188,208,71.98,93.3837,WARNING,HIGH,37.35,SCHEDULE MAINTENANCE,Schedule maintenance soon. Predicted RUL is 140.4 cycles.,"sensor_14, sensor_13, sensor_20"
FD004,214,89.0,83.78802,-5.211982727050781,128,64.63,47.4996,NORMAL,LOW,37.11,CONTINUE MONITORING,Continue normal monitoring. Predicted RUL is 83.8 cycles.,"sensor_10, sensor_12, sensor_7"
FD002,59,178.0,175.77368,-2.226318359375,194,72.28,92.4106,WARNING,HIGH,36.96,SCHEDULE MAINTENANCE,Schedule maintenance soon. Predicted RUL is 175.8 cycles.,"sensor_13, sensor_16, sensor_18"
FD002,122,145.0,195.13725,50.13725280761719,185,72.38,92.0739,WARNING,HIGH,36.83,SCHEDULE MAINTENANCE,Schedule maintenance soon. Predicted RUL is 195.1 cycles.,"sensor_11, sensor_12, sensor_7"
FD001,12,124.0,101.19846,-22.801536560058594,170,68.46,68.5716,NORMAL,LOW,36.83,CONTINUE MONITORING,Continue normal monitoring. Predicted RUL is 101.2 cycles.,"sensor_17, sensor_20, sensor_8"
FD001,88,115.0,118.5614,3.5614013671875,213,72.1,90.2138,WARNING,HIGH,36.8,SCHEDULE MAINTENANCE,Schedule maintenance soon. Predicted RUL is 118.6 cycles.,"sensor_11, sensor_9, sensor_14"
FD004,162,84.0,89.9358,5.935798645019531,313,66.15,54.378,NORMAL,LOW,36.78,CONTINUE MONITORING,Continue normal monitoring. Predicted RUL is 89.9 cycles.,"sensor_5, sensor_6, sensor_1"
FD004,175,123.0,70.64842,-52.35157775878906,156,62.17,30.1507,NORMAL,MEDIUM,36.74,MONITOR CLOSELY,Monitor engine closely. Predicted RUL is 70.6 cycles.,"sensor_14, sensor_10"
FD004,21,91.0,132.53745,41.537445068359375,227,72.55,91.5166,WARNING,HIGH,36.61,SCHEDULE MAINTENANCE,Schedule maintenance soon. Predicted RUL is 132.5 cycles.,"sensor_5, sensor_6, sensor_14"
FD002,150,34.0,49.112896,15.112895965576172,222,57.89,2.5149,NORMAL,HIGH,36.45,SCHEDULE MAINTENANCE,Schedule maintenance soon. Predicted RUL is 49.1 cycles.,"sensor_5, sensor_6, sensor_21"
FD003,18,132.0,173.08537,41.08537292480469,447,72.67,91.0882,WARNING,HIGH,36.44,SCHEDULE MAINTENANCE,Schedule maintenance soon. Predicted RUL is 173.1 cycles.,"sensor_12, sensor_9, sensor_7"
FD004,18,104.0,97.14983,-6.850166320800781,343,68.05,62.0794,NORMAL,LOW,36.26,CONTINUE MONITORING,Continue normal monitoring. Predicted RUL is 97.1 cycles.,"sensor_5, sensor_6, sensor_1"
FD004,95,171.0,99.80939,-71.19061279296875,239,68.69,65.0933,NORMAL,LOW,36.13,CONTINUE MONITORING,Continue normal monitoring. Predicted RUL is 99.8 cycles.,"sensor_5, sensor_6, sensor_8"
FD004,144,162.0,171.5626,9.562606811523438,297,72.92,90.2692,WARNING,HIGH,36.11,SCHEDULE MAINTENANCE,Schedule maintenance soon. Predicted RUL is 171.6 cycles.,"sensor_5, sensor_6, sensor_21"
FD004,74,89.0,127.231186,38.23118591308594,244,72.93,90.217,WARNING,HIGH,36.09,SCHEDULE MAINTENANCE,Schedule maintenance soon. Predicted RUL is 127.2 cycles.,"sensor_5, sensor_6, sensor_21"
FD004,149,76.0,95.52639,19.526390075683594,261,67.86,59.5471,NORMAL,LOW,36.06,CONTINUE MONITORING,Continue normal monitoring. Predicted RUL is 95.5 cycles.,"sensor_16, sensor_18, sensor_8"
FD003,67,92.0,82.15145,-9.848548889160156,263,65.11,42.7144,NORMAL,LOW,36.01,CONTINUE MONITORING,Continue normal monitoring. Predicted RUL is 82.2 cycles.,"sensor_3, sensor_14, sensor_11"
FD004,96,71.0,100.86067,29.860671997070312,270,69.07,65.8705,NORMAL,LOW,35.92,CONTINUE MONITORING,Continue normal monitoring. Predicted RUL is 100.9 cycles.,"sensor_1, sensor_16, sensor_5"
FD002,240,121.0,152.66228,31.662277221679688,266,73.08,89.7301,WARNING,HIGH,35.89,SCHEDULE MAINTENANCE,Schedule maintenance soon. Predicted RUL is 152.7 cycles.,"sensor_15, sensor_7, sensor_12"
FD004,210,88.0,88.51544,0.51544189453125,167,66.54,50.3094,NORMAL,LOW,35.87,CONTINUE MONITORING,Continue normal monitoring. Predicted RUL is 88.5 cycles.,"sensor_5, sensor_1, sensor_6"
FD004,93,154.0,165.3958,11.395797729492188,196,73.11,89.6439,WARNING,HIGH,35.86,SCHEDULE MAINTENANCE,Schedule maintenance soon. Predicted RUL is 165.4 cycles.,"sensor_12, sensor_7, sensor_6"
FD004,200,96.0,78.73591,-17.26409149169922,225,64.54,37.9516,NORMAL,MEDIUM,35.81,MONITOR CLOSELY,Monitor engine closely. Predicted RUL is 78.7 cycles.,"sensor_5, sensor_6, sensor_1"
FD004,204,151.0,173.52707,22.527069091796875,211,73.2,89.3304,WARNING,HIGH,35.73,SCHEDULE MAINTENANCE,Schedule maintenance soon. Predicted RUL is 173.5 cycles.,"sensor_5, sensor_6, sensor_1"
FD002,67,86.0,86.40125,0.4012527465820312,145,66.22,47.2851,NORMAL,LOW,35.71,CONTINUE MONITORING,Continue normal monitoring. Predicted RUL is 86.4 cycles.,"sensor_13, sensor_19, sensor_14"
FD003,23,78.0,65.92813,-12.071868896484377,196,61.97,21.6141,NORMAL,MEDIUM,35.68,MONITOR CLOSELY,Monitor engine closely. Predicted RUL is 65.9 cycles.,"sensor_12, sensor_21, sensor_8"
FD004,203,167.0,249.0614,82.0614013671875,324,73.25,89.1525,WARNING,HIGH,35.66,SCHEDULE MAINTENANCE,Schedule maintenance soon. Predicted RUL is 249.1 cycles.,"sensor_16, sensor_5, sensor_21"
FD004,81,96.0,152.15338,56.15338134765625,187,73.26,89.1264,WARNING,HIGH,35.65,SCHEDULE MAINTENANCE,Schedule maintenance soon. Predicted RUL is 152.2 cycles.,"sensor_13, sensor_18, sensor_8"
FD004,122,192.0,219.20615,27.206146240234375,174,73.31,88.968,WARNING,HIGH,35.59,SCHEDULE MAINTENANCE,Schedule maintenance soon. Predicted RUL is 219.2 cycles.,"sensor_19, sensor_13, sensor_14"
FD002,140,55.0,50.684246,-4.315753936767578,214,58.95,2.0499,NORMAL,MEDIUM,35.48,MONITOR CLOSELY,Monitor engine closely. Predicted RUL is 50.7 cycles.,"sensor_5, sensor_6, sensor_1"
FD004,86,70.0,57.447193,-12.552806854248049,232,60.53,9.9251,NORMAL,MEDIUM,35.25,MONITOR CLOSELY,Monitor engine closely. Predicted RUL is 57.4 cycles.,"sensor_5, sensor_1, sensor_6"
FD002,200,174.0,126.62671,-47.373291015625,227,73.61,87.9574,WARNING,HIGH,35.18,SCHEDULE MAINTENANCE,Schedule maintenance soon. Predicted RUL is 126.6 cycles.,"sensor_16, sensor_18, sensor_8"
FD002,147,92.0,116.43287,24.43286895751953,207,72.88,83.4781,NORMAL,MEDIUM,35.17,MONITOR CLOSELY,Monitor engine closely. Predicted RUL is 116.4 cycles.,"sensor_19, sensor_13, sensor_14"
FD004,79,78.0,138.78307,60.78306579589844,218,73.71,87.621,WARNING,HIGH,35.05,SCHEDULE MAINTENANCE,Schedule maintenance soon. Predicted RUL is 138.8 cycles.,"sensor_5, sensor_6, sensor_1"
FD001,25,145.0,164.20784,19.207839965820312,230,73.73,87.5527,WARNING,HIGH,35.02,SCHEDULE MAINTENANCE,Schedule maintenance soon. Predicted RUL is 164.2 cycles.,"sensor_17, sensor_9, sensor_8"
FD002,37,151.0,151.17186,0.1718597412109375,210,73.76,87.4812,WARNING,HIGH,34.99,SCHEDULE MAINTENANCE,Schedule maintenance soon. Predicted RUL is 151.2 cycles.,"sensor_1, sensor_6, sensor_7"
FD001,69,121.0,156.30516,35.30516052246094,362,73.77,87.4267,WARNING,HIGH,34.97,SCHEDULE MAINTENANCE,Schedule maintenance soon. Predicted RUL is 156.3 cycles.,"sensor_14, sensor_13, sensor_21"
FD003,95,127.0,149.54802,22.548019409179688,166,73.79,87.3544,WARNING,HIGH,34.94,SCHEDULE MAINTENANCE,Schedule maintenance soon. Predicted RUL is 149.5 cycles.,"sensor_11, sensor_14, sensor_9"
FD002,77,94.0,120.05268,26.05268096923828,185,73.8,87.3472,WARNING,HIGH,34.94,SCHEDULE MAINTENANCE,Schedule maintenance soon. Predicted RUL is 120.1 cycles.,"sensor_12, sensor_7, sensor_6"
FD003,47,137.0,153.36201,16.362014770507812,269,73.93,86.9013,WARNING,HIGH,34.76,SCHEDULE MAINTENANCE,Schedule maintenance soon. Predicted RUL is 153.4 cycles.,"sensor_2, sensor_13, sensor_20"
FD003,8,55.0,59.93947,4.9394683837890625,267,61.45,11.7112,NORMAL,MEDIUM,34.71,MONITOR CLOSELY,Monitor engine closely. Predicted RUL is 59.9 cycles.,"sensor_17, sensor_8, sensor_12"
FD003,5,101.0,166.7413,65.74130249023438,213,74.07,86.4199,WARNING,HIGH,34.57,SCHEDULE MAINTENANCE,Schedule maintenance soon. Predicted RUL is 166.7 cycles.,"sensor_11, sensor_3, sensor_9"
FD004,136,122.0,137.04945,15.049453735351562,205,74.09,86.3753,WARNING,HIGH,34.55,SCHEDULE MAINTENANCE,Schedule maintenance soon. Predicted RUL is 137.0 cycles.,"sensor_12, sensor_7, sensor_10"
FD004,132,116.0,96.428604,-19.57139587402344,254,69.18,56.8956,NORMAL,LOW,34.54,CONTINUE MONITORING,Continue normal monitoring. Predicted RUL is 96.4 cycles.,"sensor_10, sensor_16, sensor_4"
FD002,75,98.0,91.4846,-6.515403747558594,231,68.19,50.5925,NORMAL,LOW,34.49,CONTINUE MONITORING,Continue normal monitoring. Predicted RUL is 91.5 cycles.,"sensor_10, sensor_20, sensor_12"
FD002,144,43.0,54.566715,11.566715240478516,224,60.68,3.8245,NORMAL,MEDIUM,34.25,MONITOR CLOSELY,Monitor engine closely. Predicted RUL is 54.6 cycles.,"sensor_5, sensor_6, sensor_21"
FD002,207,85.0,66.447914,-18.552085876464844,184,63.21,18.5029,NORMAL,MEDIUM,34.18,MONITOR CLOSELY,Monitor engine closely. Predicted RUL is 66.4 cycles.,"sensor_5, sensor_1, sensor_6"
FD004,246,194.0,199.30846,5.3084564208984375,161,74.44,85.1998,WARNING,HIGH,34.08,SCHEDULE MAINTENANCE,Schedule maintenance soon. Predicted RUL is 199.3 cycles.,"sensor_19, sensor_13, sensor_14"
FD002,157,171.0,124.69993,-46.300071716308594,237,74.49,85.0183,WARNING,HIGH,34.01,SCHEDULE MAINTENANCE,Schedule maintenance soon. Predicted RUL is 124.7 cycles.,"sensor_14, sensor_10, sensor_15"
FD004,226,88.0,130.6239,42.6239013671875,194,74.56,84.79,NORMAL,MEDIUM,33.92,MONITOR CLOSELY,Monitor engine closely. Predicted RUL is 130.6 cycles.,"sensor_12, sensor_7, sensor_6"
FD003,65,115.0,200.806,85.80599975585938,234,74.6,84.6521,NORMAL,MEDIUM,33.86,MONITOR CLOSELY,Monitor engine closely. Predicted RUL is 200.8 cycles.,"sensor_17, sensor_4, sensor_8"
FD002,13,30.0,55.648663,25.648662567138672,227,61.58,2.9483,NORMAL,MEDIUM,33.35,MONITOR CLOSELY,Monitor engine closely. Predicted RUL is 55.6 cycles.,"sensor_1, sensor_16, sensor_5"
FD003,93,67.0,188.33417,121.33416748046876,171,75.0,83.3495,NORMAL,MEDIUM,33.34,MONITOR CLOSELY,Monitor engine closely. Predicted RUL is 188.3 cycles.,"sensor_12, sensor_13, sensor_21"
FD002,31,75.0,144.83626,69.83625793457031,343,75.06,83.147,NORMAL,MEDIUM,33.26,MONITOR CLOSELY,Monitor engine closely. Predicted RUL is 144.8 cycles.,"sensor_6, sensor_5, sensor_12"
FD002,174,95.0,142.42647,47.42646789550781,193,75.15,82.8475,NORMAL,MEDIUM,33.14,MONITOR CLOSELY,Monitor engine closely. Predicted RUL is 142.4 cycles.,"sensor_5, sensor_6, sensor_20"
FD001,10,96.0,102.09519,6.095191955566406,222,71.47,60.2976,NORMAL,LOW,33.07,CONTINUE MONITORING,Continue normal monitoring. Predicted RUL is 102.1 cycles.,"sensor_7, sensor_4, sensor_17"
FD003,61,129.0,285.95294,156.95294189453125,199,75.29,82.3706,NORMAL,MEDIUM,32.95,MONITOR CLOSELY,Monitor engine closely. Predicted RUL is 286.0 cycles.,"sensor_17, sensor_12, sensor_9"
FD004,160,83.0,149.78665,66.78665161132812,187,75.32,82.256,NORMAL,MEDIUM,32.9,MONITOR CLOSELY,Monitor engine closely. Predicted RUL is 149.8 cycles.,"sensor_19, sensor_13, sensor_14"
FD004,192,71.0,82.309746,11.30974578857422,190,67.53,34.9312,NORMAL,LOW,32.82,CONTINUE MONITORING,Continue normal monitoring. Predicted RUL is 82.3 cycles.,"sensor_5, sensor_1, sensor_6"
FD002,82,74.0,90.804794,16.804794311523438,200,69.3,45.5514,NORMAL,LOW,32.82,CONTINUE MONITORING,Continue normal monitoring. Predicted RUL is 90.8 cycles.,"sensor_5, sensor_1, sensor_6"
FD004,199,92.0,56.819065,-35.18093490600586,176,62.23,3.0335,NORMAL,MEDIUM,32.8,MONITOR CLOSELY,Monitor engine closely. Predicted RUL is 56.8 cycles.,"sensor_5, sensor_1, sensor_6"
FD002,92,73.0,92.194664,19.194664001464844,188,69.83,46.4908,NORMAL,LOW,32.5,CONTINUE MONITORING,Continue normal monitoring. Predicted RUL is 92.2 cycles.,"sensor_14, sensor_16, sensor_11"
FD002,169,135.0,107.08298,-27.917022705078125,185,72.95,65.0514,NORMAL,LOW,32.48,CONTINUE MONITORING,Continue normal monitoring. Predicted RUL is 107.1 cycles.,"sensor_13, sensor_16, sensor_11"
FD002,137,88.0,85.781265,-2.2187347412109375,148,68.52,38.388,NORMAL,LOW,32.46,CONTINUE MONITORING,Continue normal monitoring. Predicted RUL is 85.8 cycles.,"sensor_5, sensor_6, sensor_1"
FD002,60,73.0,77.91147,4.911468505859375,177,66.96,28.3004,NORMAL,MEDIUM,32.36,MONITOR CLOSELY,Monitor engine closely. Predicted RUL is 77.9 cycles.,"sensor_16, sensor_2, sensor_1"
FD004,161,82.0,114.24688,32.24687957763672,303,74.54,73.6959,NORMAL,MEDIUM,32.35,MONITOR CLOSELY,Monitor engine closely. Predicted RUL is 114.2 cycles.,"sensor_12, sensor_7, sensor_20"
FD003,54,87.0,165.69572,78.69572448730469,194,75.84,80.5461,NORMAL,MEDIUM,32.22,MONITOR CLOSELY,Monitor engine closely. Predicted RUL is 165.7 cycles.,"sensor_8, sensor_15, sensor_11"
FD004,77,25.0,71.95632,46.956321716308594,148,65.92,20.1914,NORMAL,MEDIUM,32.1,MONITOR CLOSELY,Monitor engine closely. Predicted RUL is 72.0 cycles.,"sensor_10, sensor_16, sensor_4"
FD002,71,148.0,156.33704,8.3370361328125,194,76.05,79.8397,NORMAL,MEDIUM,31.94,MONITOR CLOSELY,Monitor engine closely. Predicted RUL is 156.3 cycles.,"sensor_12, sensor_7, sensor_6"
FD004,76,163.0,205.11269,42.11268615722656,152,76.04,79.8609,NORMAL,MEDIUM,31.94,MONITOR CLOSELY,Monitor engine closely. Predicted RUL is 205.1 cycles.,"sensor_19, sensor_13, sensor_14"
FD004,166,72.0,161.13036,89.13035583496094,269,76.06,79.8005,NORMAL,MEDIUM,31.92,MONITOR CLOSELY,Monitor engine closely. Predicted RUL is 161.1 cycles.,"sensor_5, sensor_1, sensor_6"
FD004,3,107.0,86.71539,-20.28460693359375,307,69.19,37.9827,NORMAL,LOW,31.84,CONTINUE MONITORING,Continue normal monitoring. Predicted RUL is 86.7 cycles.,"sensor_5, sensor_6, sensor_1"
FD002,51,98.0,172.99883,74.99882507324219,293,76.3,79.0026,NORMAL,MEDIUM,31.6,MONITOR CLOSELY,Monitor engine closely. Predicted RUL is 173.0 cycles.,"sensor_21, sensor_20, sensor_5"
FD002,17,68.0,88.09069,20.09069061279297,180,69.74,38.8288,NORMAL,LOW,31.49,CONTINUE MONITORING,Continue normal monitoring. Predicted RUL is 88.1 cycles.,"sensor_16, sensor_11, sensor_3"
FD002,2,79.0,133.20111,54.20111083984375,269,76.57,78.0911,NORMAL,MEDIUM,31.24,MONITOR CLOSELY,Monitor engine closely. Predicted RUL is 133.2 cycles.,"sensor_5, sensor_1, sensor_6"
FD004,147,56.0,63.80466,7.804660797119141,234,65.03,7.3079,NORMAL,MEDIUM,31.02,MONITOR CLOSELY,Monitor engine closely. Predicted RUL is 63.8 cycles.,"sensor_5, sensor_1, sensor_6"
FD004,2,39.0,69.74443,30.744430541992188,299,66.34,14.4737,NORMAL,MEDIUM,30.92,MONITOR CLOSELY,Monitor engine closely. Predicted RUL is 69.7 cycles.,"sensor_5, sensor_1, sensor_6"
FD001,8,95.0,85.98873,-9.011268615722656,150,69.74,34.7438,NORMAL,LOW,30.9,CONTINUE MONITORING,Continue normal monitoring. Predicted RUL is 86.0 cycles.,"sensor_4, sensor_15, sensor_20"
FD001,2,98.0,158.23827,60.23826599121094,287,76.9,77.0103,NORMAL,MEDIUM,30.8,MONITOR CLOSELY,Monitor engine closely. Predicted RUL is 158.2 cycles.,"sensor_3, sensor_9, sensor_14"
FD001,95,128.0,120.90198,-7.0980224609375,283,76.92,76.9328,NORMAL,MEDIUM,30.77,MONITOR CLOSELY,Monitor engine closely. Predicted RUL is 120.9 cycles.,"sensor_15, sensor_12, sensor_3"
FD004,156,133.0,176.82915,43.82914733886719,139,76.92,76.9221,NORMAL,MEDIUM,30.77,MONITOR CLOSELY,Monitor engine closely. Predicted RUL is 176.8 cycles.,"sensor_15, sensor_12, sensor_7"
FD004,5,149.0,136.2943,-12.705703735351562,193,77.1,76.3441,NORMAL,MEDIUM,30.54,MONITOR CLOSELY,Monitor engine closely. Predicted RUL is 136.3 cycles.,"sensor_5, sensor_6, sensor_20"
FD001,19,87.0,115.08878,28.088783264160156,158,76.08,70.1953,NORMAL,MEDIUM,30.53,MONITOR CLOSELY,Monitor engine closely. Predicted RUL is 115.1 cycles.,"sensor_21, sensor_9, sensor_13"
FD004,124,86.0,74.17818,-11.821823120117188,170,67.59,18.9407,NORMAL,MEDIUM,30.49,MONITOR CLOSELY,Monitor engine closely. Predicted RUL is 74.2 cycles.,"sensor_5, sensor_1, sensor_6"
FD001,65,128.0,174.3108,46.31080627441406,153,77.13,76.2203,NORMAL,MEDIUM,30.49,MONITOR CLOSELY,Monitor engine closely. Predicted RUL is 174.3 cycles.,"sensor_9, sensor_20, sensor_13"
FD002,26,163.0,158.71906,-4.28094482421875,187,77.17,76.1082,NORMAL,MEDIUM,30.44,MONITOR CLOSELY,Monitor engine closely. Predicted RUL is 158.7 cycles.,"sensor_19, sensor_13, sensor_14"
FD002,121,67.0,131.52637,64.5263671875,210,77.17,76.0896,NORMAL,MEDIUM,30.44,MONITOR CLOSELY,Monitor engine closely. Predicted RUL is 131.5 cycles.,"sensor_11, sensor_4, sensor_12"
FD004,127,195.0,220.67155,25.671554565429688,235,77.22,75.9392,NORMAL,MEDIUM,30.38,MONITOR CLOSELY,Monitor engine closely. Predicted RUL is 220.7 cycles.,"sensor_5, sensor_21, sensor_20"
FD001,7,91.0,114.0345,23.034500122070312,259,76.06,68.1886,NORMAL,LOW,30.26,CONTINUE MONITORING,Continue normal monitoring. Predicted RUL is 114.0 cycles.,"sensor_7, sensor_4, sensor_8"
FD002,23,142.0,146.86458,4.8645782470703125,211,77.46,75.1446,NORMAL,MEDIUM,30.06,MONITOR CLOSELY,Monitor engine closely. Predicted RUL is 146.9 cycles.,"sensor_5, sensor_6, sensor_1"
FD003,35,87.0,109.35243,22.35243225097656,231,75.29,61.6626,NORMAL,LOW,29.99,CONTINUE MONITORING,Continue normal monitoring. Predicted RUL is 109.4 cycles.,"sensor_12, sensor_4, sensor_20"
FD003,70,63.0,125.973076,62.97307586669922,172,77.51,74.9798,NORMAL,MEDIUM,29.99,MONITOR CLOSELY,Monitor engine closely. Predicted RUL is 126.0 cycles.,"sensor_7, sensor_2, sensor_12"
FD002,251,84.0,138.27386,54.27386474609375,266,77.52,74.9344,NORMAL,MEDIUM,29.97,MONITOR CLOSELY,Monitor engine closely. Predicted RUL is 138.3 cycles.,"sensor_5, sensor_1, sensor_6"
FD002,203,192.0,139.51476,-52.48524475097656,269,77.56,74.7912,NORMAL,MEDIUM,29.92,MONITOR CLOSELY,Monitor engine closely. Predicted RUL is 139.5 cycles.,"sensor_21, sensor_20, sensor_5"
FD004,83,172.0,126.959526,-45.04047393798828,184,77.67,74.4404,NORMAL,MEDIUM,29.78,MONITOR CLOSELY,Monitor engine closely. Predicted RUL is 127.0 cycles.,"sensor_13, sensor_19, sensor_15"
FD002,196,93.0,116.15797,23.15796661376953,239,76.88,69.5939,NORMAL,LOW,29.76,CONTINUE MONITORING,Continue normal monitoring. Predicted RUL is 116.2 cycles.,"sensor_10, sensor_16, sensor_15"
FD004,37,89.0,68.03741,-20.96259307861328,388,66.87,9.3879,NORMAL,MEDIUM,29.74,MONITOR CLOSELY,Monitor engine closely. Predicted RUL is 68.0 cycles.,"sensor_5, sensor_1, sensor_6"
FD004,236,75.0,122.62861,47.62860870361328,225,77.75,74.171,NORMAL,MEDIUM,29.67,MONITOR CLOSELY,Monitor engine closely. Predicted RUL is 122.6 cycles.,"sensor_5, sensor_6, sensor_21"
FD004,188,135.0,120.25649,-14.743507385253906,254,77.81,73.9784,NORMAL,MEDIUM,29.59,MONITOR CLOSELY,Monitor engine closely. Predicted RUL is 120.3 cycles.,"sensor_10, sensor_7, sensor_12"
FD002,163,88.0,70.45296,-17.547042846679688,203,67.52,11.9403,NORMAL,MEDIUM,29.55,MONITOR CLOSELY,Monitor engine closely. Predicted RUL is 70.5 cycles.,"sensor_5, sensor_6, sensor_20"
FD004,94,129.0,153.9168,24.916793823242188,249,77.91,73.629,NORMAL,MEDIUM,29.45,MONITOR CLOSELY,Monitor engine closely. Predicted RUL is 153.9 cycles.,"sensor_13, sensor_20, sensor_21"
FD004,193,104.0,99.049065,-4.950935363769531,197,73.64,47.1289,NORMAL,LOW,29.33,CONTINUE MONITORING,Continue normal monitoring. Predicted RUL is 99.0 cycles.,"sensor_5, sensor_6, sensor_1"
FD004,247,112.0,82.04864,-29.95136260986328,211,70.21,25.5188,NORMAL,LOW,29.18,CONTINUE MONITORING,Continue normal monitoring. Predicted RUL is 82.0 cycles.,"sensor_5, sensor_1, sensor_6"
FD004,142,108.0,225.18205,117.18205261230467,209,78.13,72.9089,NORMAL,MEDIUM,29.16,MONITOR CLOSELY,Monitor engine closely. Predicted RUL is 225.2 cycles.,"sensor_14, sensor_11, sensor_4"
FD002,16,67.0,108.53571,41.53571319580078,154,75.81,58.3419,NORMAL,LOW,29.07,CONTINUE MONITORING,Continue normal monitoring. Predicted RUL is 108.5 cycles.,"sensor_13, sensor_19, sensor_14"
FD001,54,97.0,139.3652,42.365203857421875,257,78.25,72.5025,NORMAL,MEDIUM,29.0,MONITOR CLOSELY,Monitor engine closely. Predicted RUL is 139.4 cycles.,"sensor_4, sensor_11, sensor_17"
FD002,204,121.0,159.69446,38.6944580078125,237,78.37,72.0921,NORMAL,MEDIUM,28.84,MONITOR CLOSELY,Monitor engine closely. Predicted RUL is 159.7 cycles.,"sensor_5, sensor_1, sensor_6"
FD002,83,146.0,167.85426,21.854263305664062,170,78.43,71.8912,NORMAL,MEDIUM,28.76,MONITOR CLOSELY,Monitor engine closely. Predicted RUL is 167.9 cycles.,"sensor_16, sensor_2, sensor_8"
FD001,78,107.0,182.19646,75.19645690917969,231,78.43,71.887,NORMAL,MEDIUM,28.75,MONITOR CLOSELY,Monitor engine closely. Predicted RUL is 182.2 cycles.,"sensor_12, sensor_3, sensor_8"
FD001,15,83.0,149.53687,66.536865234375,207,78.48,71.727,NORMAL,MEDIUM,28.69,MONITOR CLOSELY,Monitor engine closely. Predicted RUL is 149.5 cycles.,"sensor_9, sensor_11, sensor_8"
FD001,6,93.0,102.06118,9.061180114746094,188,74.82,49.0669,NORMAL,LOW,28.6,CONTINUE MONITORING,Continue normal monitoring. Predicted RUL is 102.1 cycles.,"sensor_14, sensor_12, sensor_7"
FD004,78,74.0,123.22776,49.227760314941406,250,78.62,71.2616,NORMAL,MEDIUM,28.5,MONITOR CLOSELY,Monitor engine closely. Predicted RUL is 123.2 cycles.,"sensor_8, sensor_18, sensor_1"
FD002,6,155.0,158.54012,3.5401153564453125,175,78.68,71.0746,NORMAL,MEDIUM,28.43,MONITOR CLOSELY,Monitor engine closely. Predicted RUL is 158.5 cycles.,"sensor_5, sensor_6, sensor_21"
FD004,138,88.0,84.00464,-3.995361328125,178,71.2,26.0168,NORMAL,LOW,28.4,CONTINUE MONITORING,Continue normal monitoring. Predicted RUL is 84.0 cycles.,"sensor_5, sensor_1, sensor_6"
FD004,239,166.0,201.08757,35.08757019042969,365,78.91,70.3097,NORMAL,MEDIUM,28.12,MONITOR CLOSELY,Monitor engine closely. Predicted RUL is 201.1 cycles.,"sensor_14, sensor_10, sensor_15"
FD004,164,174.0,206.22078,32.22077941894531,380,78.96,70.1252,NORMAL,MEDIUM,28.05,MONITOR CLOSELY,Monitor engine closely. Predicted RUL is 206.2 cycles.,sensor_1
FD004,10,162.0,274.9165,112.91650390625,354,79.04,69.8624,NORMAL,LOW,27.94,CONTINUE MONITORING,Continue normal monitoring. Predicted RUL is 274.9 cycles.,"sensor_21, sensor_5, sensor_6"
FD002,105,116.0,141.06935,25.069351196289062,303,79.07,69.7744,NORMAL,LOW,27.91,CONTINUE MONITORING,Continue normal monitoring. Predicted RUL is 141.1 cycles.,"sensor_5, sensor_21, sensor_6"
FD002,226,108.0,80.73174,-27.26825714111328,178,71.05,20.1548,NORMAL,LOW,27.7,CONTINUE MONITORING,Continue normal monitoring. Predicted RUL is 80.7 cycles.,"sensor_5, sensor_1, sensor_6"
FD004,221,73.0,91.576996,18.576995849609375,274,73.35,33.5728,NORMAL,LOW,27.64,CONTINUE MONITORING,Continue normal monitoring. Predicted RUL is 91.6 cycles.,"sensor_5, sensor_6, sensor_20"
FD002,230,85.0,121.57116,36.57115936279297,186,79.32,68.9206,NORMAL,LOW,27.57,CONTINUE MONITORING,Continue normal monitoring. Predicted RUL is 121.6 cycles.,"sensor_5, sensor_20, sensor_6"
FD001,44,109.0,138.95749,29.957489013671875,192,79.35,68.8236,NORMAL,LOW,27.53,CONTINUE MONITORING,Continue normal monitoring. Predicted RUL is 139.0 cycles.,"sensor_4, sensor_21, sensor_3"
FD004,176,103.0,99.88302,-3.116981506347656,180,75.22,43.4913,NORMAL,LOW,27.46,CONTINUE MONITORING,Continue normal monitoring. Predicted RUL is 99.9 cycles.,"sensor_16, sensor_15, sensor_18"
FD004,242,81.0,88.90763,7.907630920410156,222,72.94,29.7278,NORMAL,LOW,27.44,CONTINUE MONITORING,Continue normal monitoring. Predicted RUL is 88.9 cycles.,"sensor_5, sensor_1, sensor_6"
FD004,227,162.0,238.51942,76.51942443847656,287,79.44,68.5415,NORMAL,LOW,27.42,CONTINUE MONITORING,Continue normal monitoring. Predicted RUL is 238.5 cycles.,"sensor_13, sensor_11, sensor_16"
FD002,21,97.0,70.843834,-26.156166076660156,189,69.24,6.9514,NORMAL,MEDIUM,27.36,MONITOR CLOSELY,Monitor engine closely. Predicted RUL is 70.8 cycles.,"sensor_1, sensor_16, sensor_5"
FD002,104,106.0,80.217636,-25.78236389160156,228,71.26,18.4416,NORMAL,LOW,27.27,CONTINUE MONITORING,Continue normal monitoring. Predicted RUL is 80.2 cycles.,"sensor_5, sensor_1, sensor_6"
FD003,56,93.0,87.50395,-5.4960479736328125,195,73.03,26.7193,NORMAL,LOW,26.94,CONTINUE MONITORING,Continue normal monitoring. Predicted RUL is 87.5 cycles.,"sensor_2, sensor_15, sensor_11"
FD002,209,23.0,67.534904,44.53490447998047,201,68.92,1.5904,NORMAL,MEDIUM,26.87,MONITOR CLOSELY,Monitor engine closely. Predicted RUL is 67.5 cycles.,"sensor_5, sensor_6, sensor_1"
FD004,98,113.0,141.3301,28.330093383789062,245,79.94,66.8762,NORMAL,LOW,26.75,CONTINUE MONITORING,Continue normal monitoring. Predicted RUL is 141.3 cycles.,"sensor_10, sensor_12, sensor_7"
FD002,3,106.0,95.76257,-10.2374267578125,206,75.04,36.0591,NORMAL,LOW,26.54,CONTINUE MONITORING,Continue normal monitoring. Predicted RUL is 95.8 cycles.,"sensor_5, sensor_6, sensor_20"
FD002,234,89.0,122.94592,33.9459228515625,159,80.17,66.1024,NORMAL,LOW,26.44,CONTINUE MONITORING,Continue normal monitoring. Predicted RUL is 122.9 cycles.,"sensor_13, sensor_10, sensor_14"
FD001,33,106.0,132.38634,26.38633728027344,200,80.23,65.8863,NORMAL,LOW,26.35,CONTINUE MONITORING,Continue normal monitoring. Predicted RUL is 132.4 cycles.,"sensor_4, sensor_3, sensor_13"
FD002,61,169.0,122.91445,-46.085548400878906,218,80.29,65.6969,NORMAL,LOW,26.28,CONTINUE MONITORING,Continue normal monitoring. Predicted RUL is 122.9 cycles.,"sensor_13, sensor_16, sensor_20"
FD004,212,76.0,78.29689,2.2968902587890625,229,71.69,13.2721,NORMAL,MEDIUM,26.16,MONITOR CLOSELY,Monitor engine closely. Predicted RUL is 78.3 cycles.,"sensor_5, sensor_6, sensor_1"
FD002,199,103.0,157.81529,54.81529235839844,219,80.41,65.3026,NORMAL,LOW,26.12,CONTINUE MONITORING,Continue normal monitoring. Predicted RUL is 157.8 cycles.,"sensor_10, sensor_12, sensor_7"
FD004,145,59.0,83.11092,24.110923767089844,228,72.74,19.1236,NORMAL,LOW,26.09,CONTINUE MONITORING,Continue normal monitoring. Predicted RUL is 83.1 cycles.,"sensor_5, sensor_1, sensor_6"
FD004,29,64.0,99.47455,35.47454833984375,247,76.21,39.39,NORMAL,LOW,26.02,CONTINUE MONITORING,Continue normal monitoring. Predicted RUL is 99.5 cycles.,"sensor_6, sensor_5, sensor_12"
FD004,205,154.0,86.271965,-67.72803497314453,242,73.57,22.5049,NORMAL,LOW,25.87,CONTINUE MONITORING,Continue normal monitoring. Predicted RUL is 86.3 cycles.,"sensor_5, sensor_1, sensor_6"
FD004,41,97.0,115.04914,18.04914093017578,279,79.62,58.2948,NORMAL,LOW,25.79,CONTINUE MONITORING,Continue normal monitoring. Predicted RUL is 115.0 cycles.,"sensor_5, sensor_6, sensor_21"
FD004,36,73.0,114.74164,41.74163818359375,143,79.68,57.5013,NORMAL,LOW,25.63,CONTINUE MONITORING,Continue normal monitoring. Predicted RUL is 114.7 cycles.,"sensor_10, sensor_14, sensor_15"
FD004,225,145.0,160.075,15.074996948242188,418,80.84,63.8655,NORMAL,LOW,25.55,CONTINUE MONITORING,Continue normal monitoring. Predicted RUL is 160.1 cycles.,"sensor_16, sensor_10, sensor_15"
FD002,56,152.0,169.16092,17.160919189453125,163,80.91,63.6228,NORMAL,LOW,25.45,CONTINUE MONITORING,Continue normal monitoring. Predicted RUL is 169.2 cycles.,"sensor_13, sensor_16, sensor_10"
FD004,24,142.0,125.420105,-16.57989501953125,186,80.96,63.4721,NORMAL,LOW,25.39,CONTINUE MONITORING,Continue normal monitoring. Predicted RUL is 125.4 cycles.,"sensor_13, sensor_19, sensor_18"
FD003,80,133.0,215.79842,82.79841613769531,147,81.02,63.2605,NORMAL,LOW,25.3,CONTINUE MONITORING,Continue normal monitoring. Predicted RUL is 215.8 cycles.,"sensor_17, sensor_14, sensor_2"
FD002,74,86.0,120.933365,34.93336486816406,158,81.08,63.0704,NORMAL,LOW,25.23,CONTINUE MONITORING,Continue normal monitoring. Predicted RUL is 120.9 cycles.,"sensor_13, sensor_16, sensor_10"
FD004,195,166.0,165.63101,-0.368988037109375,159,81.37,62.0859,NORMAL,LOW,24.83,CONTINUE MONITORING,Continue normal monitoring. Predicted RUL is 165.6 cycles.,"sensor_5, sensor_6, sensor_21"
FD004,54,176.0,108.60296,-67.39704132080078,197,79.45,46.3485,NORMAL,LOW,24.24,CONTINUE MONITORING,Continue normal monitoring. Predicted RUL is 108.6 cycles.,"sensor_20, sensor_21, sensor_5"
FD002,119,106.0,93.041916,-12.958084106445312,174,76.26,26.7248,NORMAL,LOW,24.17,CONTINUE MONITORING,Continue normal monitoring. Predicted RUL is 93.0 cycles.,"sensor_5, sensor_6, sensor_1"
FD004,168,87.0,113.556526,26.55652618408203,196,80.54,52.3421,NORMAL,LOW,24.16,CONTINUE MONITORING,Continue normal monitoring. Predicted RUL is 113.6 cycles.,"sensor_5, sensor_1, sensor_6"
FD004,201,59.0,108.74219,49.7421875,378,79.64,45.9861,NORMAL,LOW,24.02,CONTINUE MONITORING,Continue normal monitoring. Predicted RUL is 108.7 cycles.,"sensor_7, sensor_21, sensor_6"
FD002,110,80.0,77.78173,-2.2182693481445312,221,73.24,7.0965,NORMAL,MEDIUM,23.95,MONITOR CLOSELY,Monitor engine closely. Predicted RUL is 77.8 cycles.,"sensor_5, sensor_6, sensor_21"
FD003,53,87.0,113.39765,26.39765167236328,164,80.67,51.5939,NORMAL,LOW,23.94,CONTINUE MONITORING,Continue normal monitoring. Predicted RUL is 113.4 cycles.,"sensor_13, sensor_11, sensor_4"
FD004,4,75.0,151.591,76.59100341796875,274,82.17,59.4197,NORMAL,LOW,23.77,CONTINUE MONITORING,Continue normal monitoring. Predicted RUL is 151.6 cycles.,"sensor_1, sensor_5, sensor_16"
FD004,50,86.0,123.29951,37.29950714111328,172,82.21,59.2859,NORMAL,LOW,23.71,CONTINUE MONITORING,Continue normal monitoring. Predicted RUL is 123.3 cycles.,"sensor_21, sensor_20, sensor_5"
FD001,14,107.0,121.25407,14.254066467285156,180,82.28,59.0713,NORMAL,LOW,23.63,CONTINUE MONITORING,Continue normal monitoring. Predicted RUL is 121.3 cycles.,"sensor_21, sensor_12, sensor_11"
FD002,25,88.0,87.28212,-0.7178802490234375,205,75.53,17.9598,NORMAL,LOW,23.54,CONTINUE MONITORING,Continue normal monitoring. Predicted RUL is 87.3 cycles.,"sensor_10, sensor_16, sensor_4"
FD001,79,63.0,117.12483,54.12483215332031,199,81.76,55.2082,NORMAL,LOW,23.52,CONTINUE MONITORING,Continue normal monitoring. Predicted RUL is 117.1 cycles.,"sensor_8, sensor_4, sensor_12"
FD001,23,113.0,138.24768,25.2476806640625,168,82.43,58.5527,NORMAL,LOW,23.42,CONTINUE MONITORING,Continue normal monitoring. Predicted RUL is 138.2 cycles.,"sensor_13, sensor_21, sensor_11"
FD004,26,92.0,112.56262,20.5626220703125,297,80.92,49.142,NORMAL,LOW,23.38,CONTINUE MONITORING,Continue normal monitoring. Predicted RUL is 112.6 cycles.,"sensor_5, sensor_1, sensor_6"
FD004,230,98.0,129.88493,31.884933471679688,250,82.49,58.3536,NORMAL,LOW,23.34,CONTINUE MONITORING,Continue normal monitoring. Predicted RUL is 129.9 cycles.,"sensor_5, sensor_6, sensor_21"
FD002,117,181.0,135.37375,-45.626251220703125,177,82.69,57.7094,NORMAL,LOW,23.08,CONTINUE MONITORING,Continue normal monitoring. Predicted RUL is 135.4 cycles.,"sensor_16, sensor_8, sensor_18"
FD004,51,119.0,191.83987,72.83987426757812,285,82.71,57.6352,NORMAL,LOW,23.05,CONTINUE MONITORING,Continue normal monitoring. Predicted RUL is 191.8 cycles.,"sensor_5, sensor_1, sensor_6"
FD004,119,109.0,85.76373,-23.23626708984375,187,75.63,14.6794,NORMAL,LOW,22.99,CONTINUE MONITORING,Continue normal monitoring. Predicted RUL is 85.8 cycles.,"sensor_5, sensor_6, sensor_1"
FD004,39,151.0,106.550514,-44.449485778808594,202,79.99,40.5378,NORMAL,LOW,22.94,CONTINUE MONITORING,Continue normal monitoring. Predicted RUL is 106.6 cycles.,"sensor_5, sensor_6, sensor_20"
FD002,175,142.0,138.39355,-3.6064453125,202,82.83,57.2313,NORMAL,LOW,22.89,CONTINUE MONITORING,Continue normal monitoring. Predicted RUL is 138.4 cycles.,"sensor_10, sensor_14, sensor_15"
FD002,141,155.0,117.86161,-37.138389587402344,163,82.49,54.2086,NORMAL,LOW,22.75,CONTINUE MONITORING,Continue normal monitoring. Predicted RUL is 117.9 cycles.,"sensor_7, sensor_12, sensor_21"
FD002,49,122.0,132.36902,10.3690185546875,168,82.96,56.7998,NORMAL,LOW,22.72,CONTINUE MONITORING,Continue normal monitoring. Predicted RUL is 132.4 cycles.,"sensor_10, sensor_4, sensor_12"
FD001,1,112.0,173.9602,61.960205078125,192,82.96,56.7835,NORMAL,LOW,22.71,CONTINUE MONITORING,Continue normal monitoring. Predicted RUL is 174.0 cycles.,"sensor_9, sensor_21, sensor_14"
FD001,96,137.0,104.546646,-32.45335388183594,336,79.78,37.3419,NORMAL,LOW,22.66,CONTINUE MONITORING,Continue normal monitoring. Predicted RUL is 104.5 cycles.,"sensor_8, sensor_7, sensor_17"
FD002,106,120.0,127.969215,7.969215393066406,272,83.04,56.5319,NORMAL,LOW,22.61,CONTINUE MONITORING,Continue normal monitoring. Predicted RUL is 128.0 cycles.,"sensor_5, sensor_1, sensor_6"
FD003,63,117.0,162.73183,45.73182678222656,231,83.29,55.6998,NORMAL,LOW,22.28,CONTINUE MONITORING,Continue normal monitoring. Predicted RUL is 162.7 cycles.,"sensor_8, sensor_7, sensor_12"
FD002,129,79.0,96.582275,17.582275390625,202,78.43,26.3788,NORMAL,LOW,22.26,CONTINUE MONITORING,Continue normal monitoring. Predicted RUL is 96.6 cycles.,"sensor_5, sensor_1, sensor_6"
FD004,206,109.0,130.34573,21.345733642578125,263,83.35,55.498,NORMAL,LOW,22.2,CONTINUE MONITORING,Continue normal monitoring. Predicted RUL is 130.3 cycles.,"sensor_13, sensor_14, sensor_10"
FD004,45,85.0,138.57597,53.57597351074219,177,83.36,55.4589,NORMAL,LOW,22.18,CONTINUE MONITORING,Continue normal monitoring. Predicted RUL is 138.6 cycles.,"sensor_5, sensor_1, sensor_6"
FD002,259,51.0,83.1951,32.195098876953125,205,75.73,9.3398,NORMAL,LOW,22.14,CONTINUE MONITORING,Continue normal monitoring. Predicted RUL is 83.2 cycles.,"sensor_5, sensor_1, sensor_6"
FD004,165,111.0,150.53479,39.5347900390625,255,83.45,55.1633,NORMAL,LOW,22.07,CONTINUE MONITORING,Continue normal monitoring. Predicted RUL is 150.5 cycles.,"sensor_6, sensor_5, sensor_12"
FD002,233,153.0,166.79321,13.793212890625,190,83.47,55.1052,NORMAL,LOW,22.04,CONTINUE MONITORING,Continue normal monitoring. Predicted RUL is 166.8 cycles.,"sensor_13, sensor_16, sensor_21"
FD003,83,145.0,108.5462,-36.45379638671875,181,81.21,40.3762,NORMAL,LOW,21.88,CONTINUE MONITORING,Continue normal monitoring. Predicted RUL is 108.5 cycles.,"sensor_9, sensor_7, sensor_13"
FD004,186,142.0,155.63062,13.630615234375,163,83.66,54.458,NORMAL,LOW,21.78,CONTINUE MONITORING,Continue normal monitoring. Predicted RUL is 155.6 cycles.,"sensor_7, sensor_12, sensor_6"
FD003,12,115.0,96.55345,-18.446548461914062,170,78.89,24.7654,NORMAL,LOW,21.63,CONTINUE MONITORING,Continue normal monitoring. Predicted RUL is 96.6 cycles.,"sensor_15, sensor_8, sensor_14"
FD002,258,131.0,129.7472,-1.2528076171875,143,83.81,53.9724,NORMAL,LOW,21.59,CONTINUE MONITORING,Continue normal monitoring. Predicted RUL is 129.7 cycles.,"sensor_13, sensor_10, sensor_14"
FD002,98,97.0,78.82955,-18.170448303222656,167,75.27,2.3698,NORMAL,MEDIUM,21.53,MONITOR CLOSELY,Monitor engine closely. Predicted RUL is 78.8 cycles.,"sensor_1, sensor_16, sensor_5"
FD002,229,61.0,79.42964,18.429641723632812,176,75.42,3.0339,NORMAL,MEDIUM,21.5,MONITOR CLOSELY,Monitor engine closely. Predicted RUL is 79.4 cycles.,"sensor_5, sensor_1, sensor_6"
FD002,108,168.0,105.570915,-62.42908477783203,156,80.88,35.6684,NORMAL,LOW,21.48,CONTINUE MONITORING,Continue normal monitoring. Predicted RUL is 105.6 cycles.,"sensor_10, sensor_14"
FD002,249,111.0,167.3933,56.39329528808594,202,84.0,53.3492,NORMAL,LOW,21.34,CONTINUE MONITORING,Continue normal monitoring. Predicted RUL is 167.4 cycles.,"sensor_5, sensor_1, sensor_6"
FD004,75,124.0,142.20067,18.200668334960938,230,84.0,53.3201,NORMAL,LOW,21.33,CONTINUE MONITORING,Continue normal monitoring. Predicted RUL is 142.2 cycles.,"sensor_1, sensor_5, sensor_6"
FD004,59,154.0,178.01573,24.01573181152344,177,84.01,53.3119,NORMAL,LOW,21.32,CONTINUE MONITORING,Continue normal monitoring. Predicted RUL is 178.0 cycles.,"sensor_16, sensor_8, sensor_18"
FD002,89,97.0,129.17586,32.17585754394531,188,84.03,53.2302,NORMAL,LOW,21.29,CONTINUE MONITORING,Continue normal monitoring. Predicted RUL is 129.2 cycles.,"sensor_10, sensor_13, sensor_14"
FD004,84,166.0,199.36797,33.36796569824219,159,84.04,53.2123,NORMAL,LOW,21.28,CONTINUE MONITORING,Continue normal monitoring. Predicted RUL is 199.4 cycles.,"sensor_5, sensor_6, sensor_20"
FD003,36,137.0,211.52101,74.52101135253906,324,84.06,53.123,NORMAL,LOW,21.25,CONTINUE MONITORING,Continue normal monitoring. Predicted RUL is 211.5 cycles.,"sensor_8, sensor_20, sensor_7"
FD001,85,118.0,175.29628,57.29627990722656,188,84.18,52.741,NORMAL,LOW,21.1,CONTINUE MONITORING,Continue normal monitoring. Predicted RUL is 175.3 cycles.,"sensor_21, sensor_4, sensor_13"
FD002,188,183.0,102.64467,-80.35533142089844,148,80.61,30.8916,NORMAL,LOW,21.03,CONTINUE MONITORING,Continue normal monitoring. Predicted RUL is 102.6 cycles.,"sensor_16, sensor_8, sensor_18"
FD002,256,191.0,132.52673,-58.4732666015625,163,84.25,52.5028,NORMAL,LOW,21.0,CONTINUE MONITORING,Continue normal monitoring. Predicted RUL is 132.5 cycles.,"sensor_12, sensor_7, sensor_6"
FD004,157,172.0,182.64775,10.647750854492188,298,84.25,52.5021,NORMAL,LOW,21.0,CONTINUE MONITORING,Continue normal monitoring. Predicted RUL is 182.6 cycles.,"sensor_5, sensor_6, sensor_12"
FD004,64,46.0,80.271324,34.271324157714844,184,75.98,2.8229,NORMAL,LOW,20.99,CONTINUE MONITORING,Continue normal monitoring. Predicted RUL is 80.3 cycles.,"sensor_5, sensor_6, sensor_1"
FD002,239,101.0,87.75387,-13.246131896972656,263,77.61,11.9236,NORMAL,LOW,20.89,CONTINUE MONITORING,Continue normal monitoring. Predicted RUL is 87.8 cycles.,"sensor_10, sensor_16, sensor_15"
FD002,88,79.0,85.93983,6.939826965332031,365,77.25,9.5947,NORMAL,LOW,20.87,CONTINUE MONITORING,Continue normal monitoring. Predicted RUL is 85.9 cycles.,"sensor_5, sensor_6, sensor_21"
FD002,153,99.0,94.84586,-4.154136657714844,292,79.16,20.5491,NORMAL,LOW,20.8,CONTINUE MONITORING,Continue normal monitoring. Predicted RUL is 94.8 cycles.,"sensor_16, sensor_10, sensor_4"
FD001,86,89.0,83.98601,-5.0139923095703125,278,77.01,6.592,NORMAL,LOW,20.64,CONTINUE MONITORING,Continue normal monitoring. Predicted RUL is 84.0 cycles.,"sensor_17, sensor_21, sensor_15"
FD004,220,182.0,191.9989,9.9989013671875,202,84.77,50.7584,NORMAL,LOW,20.3,CONTINUE MONITORING,Continue normal monitoring. Predicted RUL is 192.0 cycles.,"sensor_5, sensor_1, sensor_6"
FD004,97,105.0,139.71687,34.71687316894531,262,84.79,50.7094,NORMAL,LOW,20.28,CONTINUE MONITORING,Continue normal monitoring. Predicted RUL is 139.7 cycles.,sensor_1
FD002,155,108.0,148.99432,40.99432373046875,226,84.84,50.5404,NORMAL,LOW,20.22,CONTINUE MONITORING,Continue normal monitoring. Predicted RUL is 149.0 cycles.,"sensor_1, sensor_6, sensor_7"
FD002,95,73.0,111.57722,38.57721710205078,198,83.21,39.5934,NORMAL,LOW,20.05,CONTINUE MONITORING,Continue normal monitoring. Predicted RUL is 111.6 cycles.,"sensor_1, sensor_5, sensor_6"
FD002,243,161.0,159.11626,-1.8837432861328125,230,85.05,49.8242,NORMAL,LOW,19.93,CONTINUE MONITORING,Continue normal monitoring. Predicted RUL is 159.1 cycles.,"sensor_1, sensor_5, sensor_6"
FD002,180,97.0,108.22758,11.227577209472656,297,82.64,34.9616,NORMAL,LOW,19.87,CONTINUE MONITORING,Continue normal monitoring. Predicted RUL is 108.2 cycles.,"sensor_20, sensor_21, sensor_5"
FD004,170,158.0,165.13387,7.1338653564453125,161,85.18,49.4163,NORMAL,LOW,19.77,CONTINUE MONITORING,Continue normal monitoring. Predicted RUL is 165.1 cycles.,"sensor_14, sensor_16"
FD004,14,105.0,119.05011,14.05010986328125,253,85.0,48.1641,NORMAL,LOW,19.74,CONTINUE MONITORING,Continue normal monitoring. Predicted RUL is 119.1 cycles.,"sensor_5, sensor_1, sensor_6"
FD004,56,67.0,159.60934,92.60934448242188,347,85.2,49.32,NORMAL,LOW,19.73,CONTINUE MONITORING,Continue normal monitoring. Predicted RUL is 159.6 cycles.,"sensor_16, sensor_11, sensor_18"
FD002,247,148.0,172.2524,24.252395629882812,197,85.3,48.9834,NORMAL,LOW,19.59,CONTINUE MONITORING,Continue normal monitoring. Predicted RUL is 172.3 cycles.,"sensor_19, sensor_13, sensor_14"
FD003,52,120.0,205.99,85.99000549316406,222,85.35,48.8188,NORMAL,LOW,19.53,CONTINUE MONITORING,Continue normal monitoring. Predicted RUL is 206.0 cycles.,"sensor_12, sensor_2, sensor_9"
FD002,47,131.0,113.73527,-17.264732360839844,246,84.08,40.8843,NORMAL,LOW,19.49,CONTINUE MONITORING,Continue normal monitoring. Predicted RUL is 113.7 cycles.,"sensor_5, sensor_1, sensor_6"
FD002,244,181.0,149.0016,-31.99839782714844,128,85.44,48.5202,NORMAL,LOW,19.41,CONTINUE MONITORING,Continue normal monitoring. Predicted RUL is 149.0 cycles.,"sensor_10, sensor_7, sensor_4"
FD004,130,165.0,130.92902,-34.07098388671875,166,85.55,48.1592,NORMAL,LOW,19.26,CONTINUE MONITORING,Continue normal monitoring. Predicted RUL is 130.9 cycles.,"sensor_10, sensor_16, sensor_4"
FD003,29,124.0,132.86807,8.868072509765625,223,85.79,47.3786,NORMAL,LOW,18.95,CONTINUE MONITORING,Continue normal monitoring. Predicted RUL is 132.9 cycles.,"sensor_17, sensor_15, sensor_9"
FD004,218,154.0,141.02565,-12.974349975585938,236,86.0,46.6816,NORMAL,LOW,18.67,CONTINUE MONITORING,Continue normal monitoring. Predicted RUL is 141.0 cycles.,"sensor_16, sensor_10, sensor_4"
FD001,50,79.0,122.18822,43.18821716308594,198,86.26,45.7903,NORMAL,LOW,18.32,CONTINUE MONITORING,Continue normal monitoring. Predicted RUL is 122.2 cycles.,"sensor_13, sensor_7, sensor_3"
FD001,39,142.0,156.6207,14.620697021484377,128,86.27,45.7661,NORMAL,LOW,18.31,CONTINUE MONITORING,Continue normal monitoring. Predicted RUL is 156.6 cycles.,"sensor_12, sensor_21, sensor_14"
FD002,131,120.0,149.05847,29.0584716796875,280,86.38,45.4045,NORMAL,LOW,18.16,CONTINUE MONITORING,Continue normal monitoring. Predicted RUL is 149.1 cycles.,"sensor_2, sensor_1, sensor_16"
FD004,139,173.0,206.61127,33.61126708984375,251,86.38,45.3836,NORMAL,LOW,18.15,CONTINUE MONITORING,Continue normal monitoring. Predicted RUL is 206.6 cycles.,"sensor_21, sensor_5, sensor_6"
FD002,101,106.0,166.0096,60.00959777832031,211,86.41,45.2985,NORMAL,LOW,18.12,CONTINUE MONITORING,Continue normal monitoring. Predicted RUL is 166.0 cycles.,"sensor_10, sensor_21, sensor_12"
FD004,30,118.0,168.76361,50.76361083984375,297,86.45,45.1779,NORMAL,LOW,18.07,CONTINUE MONITORING,Continue normal monitoring. Predicted RUL is 168.8 cycles.,"sensor_5, sensor_21, sensor_20"
FD001,22,111.0,154.63048,43.63047790527344,202,86.53,44.8839,NORMAL,LOW,17.95,CONTINUE MONITORING,Continue normal monitoring. Predicted RUL is 154.6 cycles.,"sensor_17, sensor_3, sensor_21"
FD002,94,97.0,87.89152,-9.108482360839844,306,80.2,3.5566,NORMAL,LOW,17.48,CONTINUE MONITORING,Continue normal monitoring. Predicted RUL is 87.9 cycles.,"sensor_5, sensor_6, sensor_21"
FD002,218,165.0,225.62122,60.6212158203125,237,87.01,43.3062,NORMAL,LOW,17.32,CONTINUE MONITORING,Continue normal monitoring. Predicted RUL is 225.6 cycles.,"sensor_20, sensor_6, sensor_5"
FD002,18,99.0,157.00021,58.000213623046875,209,87.15,42.8226,NORMAL,LOW,17.13,CONTINUE MONITORING,Continue normal monitoring. Predicted RUL is 157.0 cycles.,"sensor_10, sensor_12, sensor_7"
FD004,169,179.0,170.84653,-8.153472900390625,227,87.39,42.0284,NORMAL,LOW,16.81,CONTINUE MONITORING,Continue normal monitoring. Predicted RUL is 170.8 cycles.,"sensor_6, sensor_5, sensor_12"
FD002,24,77.0,91.08784,14.08783721923828,191,81.37,5.8874,NORMAL,LOW,16.81,CONTINUE MONITORING,Continue normal monitoring. Predicted RUL is 91.1 cycles.,"sensor_5, sensor_6, sensor_21"
FD002,172,107.0,92.35158,-14.648422241210938,174,81.72,7.1597,NORMAL,LOW,16.69,CONTINUE MONITORING,Continue normal monitoring. Predicted RUL is 92.4 cycles.,"sensor_5, sensor_6, sensor_1"
FD001,67,77.0,137.22894,60.22894287109375,313,87.71,40.9723,NORMAL,LOW,16.39,CONTINUE MONITORING,Continue normal monitoring. Predicted RUL is 137.2 cycles.,"sensor_8, sensor_15, sensor_11"
FD004,233,110.0,91.164604,-18.83539581298828,289,81.72,4.867,NORMAL,LOW,16.36,CONTINUE MONITORING,Continue normal monitoring. Predicted RUL is 91.2 cycles.,"sensor_5, sensor_6, sensor_21"
FD004,115,139.0,112.53056,-26.469436645507812,131,86.22,31.4046,NORMAL,LOW,16.3,CONTINUE MONITORING,Continue normal monitoring. Predicted RUL is 112.5 cycles.,"sensor_16, sensor_1, sensor_10"
FD004,152,88.0,122.80941,34.809410095214844,262,87.81,40.6358,NORMAL,LOW,16.25,CONTINUE MONITORING,Continue normal monitoring. Predicted RUL is 122.8 cycles.,"sensor_16, sensor_3, sensor_8"
FD002,202,68.0,105.85862,37.858619689941406,197,84.93,22.7497,NORMAL,LOW,16.17,CONTINUE MONITORING,Continue normal monitoring. Predicted RUL is 105.9 cycles.,"sensor_16, sensor_2, sensor_1"
FD003,4,120.0,136.03133,16.031326293945312,272,88.01,39.9636,NORMAL,LOW,15.99,CONTINUE MONITORING,Continue normal monitoring. Predicted RUL is 136.0 cycles.,"sensor_8, sensor_14, sensor_13"
FD001,75,113.0,101.56761,-11.432388305664062,229,84.18,16.8824,NORMAL,LOW,15.97,CONTINUE MONITORING,Continue normal monitoring. Predicted RUL is 101.6 cycles.,"sensor_7, sensor_14, sensor_17"
FD004,229,120.0,231.74467,111.7446746826172,280,88.04,39.8766,NORMAL,LOW,15.95,CONTINUE MONITORING,Continue normal monitoring. Predicted RUL is 231.7 cycles.,"sensor_1, sensor_2, sensor_16"
FD002,201,111.0,170.58224,59.582244873046875,191,88.19,39.3571,NORMAL,LOW,15.74,CONTINUE MONITORING,Continue normal monitoring. Predicted RUL is 170.6 cycles.,"sensor_1, sensor_5, sensor_16"
FD001,83,137.0,132.72556,-4.274444580078125,293,88.22,39.2807,NORMAL,LOW,15.71,CONTINUE MONITORING,Continue normal monitoring. Predicted RUL is 132.7 cycles.,"sensor_17, sensor_21, sensor_3"
FD003,69,100.0,141.15565,41.15565490722656,170,88.22,39.2516,NORMAL,LOW,15.7,CONTINUE MONITORING,Continue normal monitoring. Predicted RUL is 141.2 cycles.,"sensor_15, sensor_2, sensor_9"
FD003,91,81.0,140.23566,59.23565673828125,156,88.28,39.0736,NORMAL,LOW,15.63,CONTINUE MONITORING,Continue normal monitoring. Predicted RUL is 140.2 cycles.,"sensor_3, sensor_12, sensor_2"
FD002,219,73.0,100.6431,27.643096923828125,156,84.29,14.7343,NORMAL,LOW,15.57,CONTINUE MONITORING,Continue normal monitoring. Predicted RUL is 100.6 cycles.,"sensor_5, sensor_1, sensor_6"
FD003,15,108.0,157.677,49.677001953125,202,88.33,38.8835,NORMAL,LOW,15.55,CONTINUE MONITORING,Continue normal monitoring. Predicted RUL is 157.7 cycles.,"sensor_17, sensor_3, sensor_4"
FD004,112,66.0,94.78128,28.781280517578125,340,83.23,6.8768,NORMAL,LOW,15.36,CONTINUE MONITORING,Continue normal monitoring. Predicted RUL is 94.8 cycles.,"sensor_5, sensor_6, sensor_20"
FD002,145,98.0,131.25655,33.25654602050781,251,88.6,37.9881,NORMAL,LOW,15.2,CONTINUE MONITORING,Continue normal monitoring. Predicted RUL is 131.3 cycles.,"sensor_21, sensor_20, sensor_5"
FD002,228,126.0,145.00725,19.007247924804688,262,88.62,37.9341,NORMAL,LOW,15.17,CONTINUE MONITORING,Continue normal monitoring. Predicted RUL is 145.0 cycles.,"sensor_20, sensor_21, sensor_5"
FD002,166,188.0,97.63398,-90.36602020263672,204,84.02,9.7788,NORMAL,LOW,15.09,CONTINUE MONITORING,Continue normal monitoring. Predicted RUL is 97.6 cycles.,"sensor_5, sensor_1, sensor_6"
FD004,232,184.0,170.09892,-13.901077270507812,273,88.93,36.8855,NORMAL,LOW,14.75,CONTINUE MONITORING,Continue normal monitoring. Predicted RUL is 170.1 cycles.,"sensor_5, sensor_1, sensor_6"
FD002,86,194.0,105.15566,-88.8443374633789,190,85.91,18.1142,NORMAL,LOW,14.67,CONTINUE MONITORING,Continue normal monitoring. Predicted RUL is 105.2 cycles.,"sensor_5, sensor_6, sensor_21"
FD004,104,120.0,247.71375,127.7137451171875,203,89.08,36.4022,NORMAL,LOW,14.56,CONTINUE MONITORING,Continue normal monitoring. Predicted RUL is 247.7 cycles.,"sensor_16, sensor_10, sensor_4"
FD004,63,184.0,132.46948,-51.530517578125,170,89.16,36.1443,NORMAL,LOW,14.46,CONTINUE MONITORING,Continue normal monitoring. Predicted RUL is 132.5 cycles.,"sensor_5, sensor_6, sensor_21"
FD003,74,117.0,232.83856,115.83856201171876,193,89.22,35.9426,NORMAL,LOW,14.38,CONTINUE MONITORING,Continue normal monitoring. Predicted RUL is 232.8 cycles.,"sensor_15, sensor_21, sensor_9"
FD002,217,86.0,158.0171,72.01710510253906,162,89.36,35.4545,NORMAL,LOW,14.18,CONTINUE MONITORING,Continue normal monitoring. Predicted RUL is 158.0 cycles.,"sensor_2, sensor_1, sensor_16"
FD001,87,116.0,151.925,35.92500305175781,178,89.36,35.4564,NORMAL,LOW,14.18,CONTINUE MONITORING,Continue normal monitoring. Predicted RUL is 151.9 cycles.,"sensor_8, sensor_13, sensor_14"
FD004,9,99.0,109.04889,10.04888916015625,334,87.16,21.5204,NORMAL,LOW,14.08,CONTINUE MONITORING,Continue normal monitoring. Predicted RUL is 109.0 cycles.,"sensor_5, sensor_1, sensor_6"
FD004,60,139.0,130.66106,-8.338943481445312,218,89.45,35.1745,NORMAL,LOW,14.07,CONTINUE MONITORING,Continue normal monitoring. Predicted RUL is 130.7 cycles.,"sensor_5, sensor_6, sensor_1"
FD002,170,182.0,121.18506,-60.81494140625,179,89.88,33.7488,NORMAL,LOW,13.5,CONTINUE MONITORING,Continue normal monitoring. Predicted RUL is 121.2 cycles.,"sensor_13, sensor_21, sensor_20"
FD004,243,118.0,187.38464,69.3846435546875,327,89.99,33.3605,NORMAL,LOW,13.34,CONTINUE MONITORING,Continue normal monitoring. Predicted RUL is 187.4 cycles.,"sensor_5, sensor_6, sensor_1"
FD002,29,83.0,109.38039,26.380386352539062,151,87.87,19.779,NORMAL,LOW,13.22,CONTINUE MONITORING,Continue normal monitoring. Predicted RUL is 109.4 cycles.,"sensor_10, sensor_16, sensor_4"
FD002,35,63.0,98.66511,35.66510772705078,196,85.78,5.9209,NORMAL,LOW,13.04,CONTINUE MONITORING,Continue normal monitoring. Predicted RUL is 98.7 cycles.,"sensor_5, sensor_6, sensor_20"
FD002,27,126.0,147.47614,21.47613525390625,176,90.36,32.1397,NORMAL,LOW,12.86,CONTINUE MONITORING,Continue normal monitoring. Predicted RUL is 147.5 cycles.,"sensor_5, sensor_6, sensor_21"
FD002,128,108.0,108.622246,0.6222457885742188,303,88.03,17.7645,NORMAL,LOW,12.79,CONTINUE MONITORING,Continue normal monitoring. Predicted RUL is 108.6 cycles.,"sensor_10, sensor_14, sensor_15"
FD004,92,73.0,121.09787,48.097869873046875,191,90.57,31.4454,NORMAL,LOW,12.58,CONTINUE MONITORING,Continue normal monitoring. Predicted RUL is 121.1 cycles.,"sensor_10, sensor_16, sensor_4"
FD004,211,108.0,163.93161,55.931610107421875,146,90.6,31.3328,NORMAL,LOW,12.53,CONTINUE MONITORING,Continue normal monitoring. Predicted RUL is 163.9 cycles.,"sensor_5, sensor_6, sensor_1"
FD002,165,155.0,155.42238,0.4223785400390625,165,90.76,30.8153,NORMAL,LOW,12.33,CONTINUE MONITORING,Continue normal monitoring. Predicted RUL is 155.4 cycles.,"sensor_16, sensor_1, sensor_2"
FD004,245,131.0,231.76051,100.76051330566406,205,90.8,30.6732,NORMAL,LOW,12.27,CONTINUE MONITORING,Continue normal monitoring. Predicted RUL is 231.8 cycles.,"sensor_10, sensor_14, sensor_16"
FD002,238,134.0,134.15192,0.15191650390625,156,90.83,30.566,NORMAL,LOW,12.23,CONTINUE MONITORING,Continue normal monitoring. Predicted RUL is 134.2 cycles.,"sensor_19, sensor_13, sensor_1"
FD002,223,151.0,232.22983,81.22982788085938,218,91.05,29.848,NORMAL,LOW,11.94,CONTINUE MONITORING,Continue normal monitoring. Predicted RUL is 232.2 cycles.,"sensor_5, sensor_6, sensor_1"
FD004,33,147.0,169.6104,22.610397338867188,201,91.06,29.7997,NORMAL,LOW,11.92,CONTINUE MONITORING,Continue normal monitoring. Predicted RUL is 169.6 cycles.,"sensor_5, sensor_6, sensor_1"
FD002,136,87.0,102.75659,15.756591796875,160,87.52,8.0693,NORMAL,LOW,11.85,CONTINUE MONITORING,Continue normal monitoring. Predicted RUL is 102.8 cycles.,"sensor_5, sensor_6, sensor_21"
FD004,85,115.0,158.5952,43.59519958496094,277,91.18,29.3882,NORMAL,LOW,11.76,CONTINUE MONITORING,Continue normal monitoring. Predicted RUL is 158.6 cycles.,"sensor_10, sensor_16, sensor_4"
FD004,129,120.0,120.69294,0.6929397583007812,190,91.19,29.3817,NORMAL,LOW,11.75,CONTINUE MONITORING,Continue normal monitoring. Predicted RUL is 120.7 cycles.,"sensor_10, sensor_16, sensor_4"
FD004,241,176.0,161.5313,-14.468704223632812,332,91.22,29.2674,NORMAL,LOW,11.71,CONTINUE MONITORING,Continue normal monitoring. Predicted RUL is 161.5 cycles.,"sensor_1, sensor_5, sensor_16"
FD004,109,126.0,249.66786,123.66786193847656,325,91.36,28.7972,NORMAL,LOW,11.52,CONTINUE MONITORING,Continue normal monitoring. Predicted RUL is 249.7 cycles.,"sensor_5, sensor_6, sensor_1"
FD002,167,96.0,131.00792,35.00791931152344,232,91.4,28.6519,NORMAL,LOW,11.46,CONTINUE MONITORING,Continue normal monitoring. Predicted RUL is 131.0 cycles.,"sensor_10, sensor_16, sensor_14"
FD002,113,151.0,176.3766,25.37660217285156,232,91.56,28.1181,NORMAL,LOW,11.25,CONTINUE MONITORING,Continue normal monitoring. Predicted RUL is 176.4 cycles.,"sensor_5, sensor_6, sensor_1"
FD004,215,145.0,140.43626,-4.5637359619140625,361,91.71,27.6233,NORMAL,LOW,11.05,CONTINUE MONITORING,Continue normal monitoring. Predicted RUL is 140.4 cycles.,"sensor_5, sensor_1, sensor_6"
FD004,28,124.0,218.56763,94.567626953125,202,91.74,27.5188,NORMAL,LOW,11.01,CONTINUE MONITORING,Continue normal monitoring. Predicted RUL is 218.6 cycles.,"sensor_5, sensor_6, sensor_1"
FD002,34,173.0,169.18515,-3.814849853515625,205,91.81,27.3126,NORMAL,LOW,10.93,CONTINUE MONITORING,Continue normal monitoring. Predicted RUL is 169.2 cycles.,"sensor_10, sensor_16, sensor_14"
FD004,117,75.0,106.10196,31.101959228515625,342,89.1,9.2965,NORMAL,LOW,10.67,CONTINUE MONITORING,Continue normal monitoring. Predicted RUL is 106.1 cycles.,"sensor_5, sensor_1, sensor_6"
FD001,59,114.0,145.74088,31.740875244140625,231,92.02,26.6104,NORMAL,LOW,10.64,CONTINUE MONITORING,Continue normal monitoring. Predicted RUL is 145.7 cycles.,"sensor_7, sensor_8, sensor_12"
FD002,224,145.0,190.94357,45.943572998046875,174,92.07,26.4235,NORMAL,LOW,10.57,CONTINUE MONITORING,Continue normal monitoring. Predicted RUL is 190.9 cycles.,sensor_16
FD002,125,179.0,123.00544,-55.99456024169922,168,92.27,25.7538,NORMAL,LOW,10.3,CONTINUE MONITORING,Continue normal monitoring. Predicted RUL is 123.0 cycles.,"sensor_5, sensor_6, sensor_1"
FD004,196,89.0,135.72417,46.72416687011719,174,92.39,25.3702,NORMAL,LOW,10.15,CONTINUE MONITORING,Continue normal monitoring. Predicted RUL is 135.7 cycles.,"sensor_5, sensor_1, sensor_6"
FD002,28,138.0,168.53474,30.534744262695312,200,92.5,25.006,NORMAL,LOW,10.0,CONTINUE MONITORING,Continue normal monitoring. Predicted RUL is 168.5 cycles.,"sensor_10, sensor_14, sensor_15"
FD002,69,115.0,122.32304,7.323036193847656,136,92.51,24.9744,NORMAL,LOW,9.99,CONTINUE MONITORING,Continue normal monitoring. Predicted RUL is 122.3 cycles.,"sensor_5, sensor_6, sensor_21"
FD001,47,135.0,113.78368,-21.21631622314453,214,91.28,16.9793,NORMAL,LOW,9.9,CONTINUE MONITORING,Continue normal monitoring. Predicted RUL is 113.8 cycles.,"sensor_17, sensor_11, sensor_4"
FD004,133,126.0,209.97238,83.97238159179688,489,92.59,24.7139,NORMAL,LOW,9.89,CONTINUE MONITORING,Continue normal monitoring. Predicted RUL is 210.0 cycles.,"sensor_5, sensor_1, sensor_6"
FD002,241,167.0,192.36607,25.36607360839844,183,92.67,24.4461,NORMAL,LOW,9.78,CONTINUE MONITORING,Continue normal monitoring. Predicted RUL is 192.4 cycles.,"sensor_10, sensor_16, sensor_14"
FD004,72,176.0,182.73285,6.73284912109375,308,92.9,23.6706,NORMAL,LOW,9.47,CONTINUE MONITORING,Continue normal monitoring. Predicted RUL is 182.7 cycles.,"sensor_10, sensor_16, sensor_4"
FD002,184,191.0,155.39291,-35.607086181640625,171,93.73,20.8914,NORMAL,LOW,8.36,CONTINUE MONITORING,Continue normal monitoring. Predicted RUL is 155.4 cycles.,"sensor_5, sensor_6, sensor_1"
FD004,141,130.0,209.53494,79.53494262695312,199,93.8,20.6616,NORMAL,LOW,8.26,CONTINUE MONITORING,Continue normal monitoring. Predicted RUL is 209.5 cycles.,"sensor_5, sensor_1, sensor_6"
FD002,197,132.0,160.56015,28.560150146484375,154,93.85,20.5008,NORMAL,LOW,8.2,CONTINUE MONITORING,Continue normal monitoring. Predicted RUL is 160.6 cycles.,"sensor_10, sensor_16, sensor_15"
FD004,52,151.0,291.49936,140.49935913085938,357,93.97,20.0934,NORMAL,LOW,8.04,CONTINUE MONITORING,Continue normal monitoring. Predicted RUL is 291.5 cycles.,"sensor_5, sensor_6, sensor_21"
FD002,12,73.0,127.177666,54.17766571044922,249,94.06,19.7995,NORMAL,LOW,7.92,CONTINUE MONITORING,Continue normal monitoring. Predicted RUL is 127.2 cycles.,"sensor_10, sensor_15, sensor_4"
FD002,214,172.0,124.445625,-47.55437469482422,146,94.15,19.5019,NORMAL,LOW,7.8,CONTINUE MONITORING,Continue normal monitoring. Predicted RUL is 124.4 cycles.,"sensor_5, sensor_1, sensor_6"
FD004,146,100.0,220.21565,120.21565246582033,303,94.15,19.4926,NORMAL,LOW,7.8,CONTINUE MONITORING,Continue normal monitoring. Predicted RUL is 220.2 cycles.,"sensor_10, sensor_14, sensor_4"
FD002,54,106.0,138.1878,32.18780517578125,199,94.53,18.2388,NORMAL,LOW,7.3,CONTINUE MONITORING,Continue normal monitoring. Predicted RUL is 138.2 cycles.,"sensor_5, sensor_1, sensor_6"
FD004,167,109.0,155.06644,46.066436767578125,263,95.09,16.3595,NORMAL,LOW,6.54,CONTINUE MONITORING,Continue normal monitoring. Predicted RUL is 155.1 cycles.,"sensor_10, sensor_16, sensor_4"
FD004,87,94.0,133.2956,39.29559326171875,259,95.16,16.1276,NORMAL,LOW,6.45,CONTINUE MONITORING,Continue normal monitoring. Predicted RUL is 133.3 cycles.,"sensor_16, sensor_1, sensor_5"
FD002,178,144.0,125.89968,-18.100318908691406,148,95.18,16.0513,NORMAL,LOW,6.42,CONTINUE MONITORING,Continue normal monitoring. Predicted RUL is 125.9 cycles.,"sensor_10, sensor_16, sensor_4"
FD002,215,101.0,111.96001,10.960006713867188,226,93.58,5.7683,NORMAL,LOW,6.33,CONTINUE MONITORING,Continue normal monitoring. Predicted RUL is 112.0 cycles.,"sensor_5, sensor_1, sensor_6"
FD002,93,183.0,120.21229,-62.78771209716797,189,95.4,15.3295,NORMAL,LOW,6.13,CONTINUE MONITORING,Continue normal monitoring. Predicted RUL is 120.2 cycles.,"sensor_5, sensor_6, sensor_20"
FD002,194,122.0,151.14734,29.1473388671875,148,95.52,14.9203,NORMAL,LOW,5.97,CONTINUE MONITORING,Continue normal monitoring. Predicted RUL is 151.1 cycles.,"sensor_10, sensor_16, sensor_4"
FD002,187,158.0,129.00095,-28.999053955078125,168,95.7,14.3455,NORMAL,LOW,5.74,CONTINUE MONITORING,Continue normal monitoring. Predicted RUL is 129.0 cycles.,"sensor_5, sensor_6, sensor_21"
FD004,11,143.0,226.69678,83.69677734375,301,95.86,13.7912,NORMAL,LOW,5.52,CONTINUE MONITORING,Continue normal monitoring. Predicted RUL is 226.7 cycles.,"sensor_5, sensor_6, sensor_20"
FD002,57,123.0,170.34258,47.34257507324219,140,95.93,13.5531,NORMAL,LOW,5.42,CONTINUE MONITORING,Continue normal monitoring. Predicted RUL is 170.3 cycles.,"sensor_10, sensor_16, sensor_4"
FD002,135,167.0,163.24776,-3.752243041992187,294,96.06,13.1345,NORMAL,LOW,5.25,CONTINUE MONITORING,Continue normal monitoring. Predicted RUL is 163.2 cycles.,"sensor_5, sensor_1, sensor_6"
FD002,66,121.0,133.71614,12.716140747070312,170,96.35,12.1635,NORMAL,LOW,4.87,CONTINUE MONITORING,Continue normal monitoring. Predicted RUL is 133.7 cycles.,"sensor_5, sensor_1, sensor_6"
FD002,220,121.0,159.87555,38.87554931640625,234,96.46,11.8138,NORMAL,LOW,4.73,CONTINUE MONITORING,Continue normal monitoring. Predicted RUL is 159.9 cycles.,"sensor_5, sensor_1, sensor_6"
FD002,81,141.0,133.56691,-7.4330902099609375,288,96.72,10.9303,NORMAL,LOW,4.37,CONTINUE MONITORING,Continue normal monitoring. Predicted RUL is 133.6 cycles.,"sensor_5, sensor_6, sensor_1"
FD004,137,159.0,122.77813,-36.22187042236328,225,96.76,10.8165,NORMAL,LOW,4.33,CONTINUE MONITORING,Continue normal monitoring. Predicted RUL is 122.8 cycles.,"sensor_5, sensor_1, sensor_6"
FD002,255,122.0,115.76106,-6.2389373779296875,340,96.03,4.9908,NORMAL,LOW,4.12,CONTINUE MONITORING,Continue normal monitoring. Predicted RUL is 115.8 cycles.,"sensor_5, sensor_6, sensor_21"
FD002,205,134.0,172.8913,38.89129638671875,198,96.96,10.1471,NORMAL,LOW,4.06,CONTINUE MONITORING,Continue normal monitoring. Predicted RUL is 172.9 cycles.,"sensor_16, sensor_1, sensor_2"
FD002,118,150.0,119.17762,-30.82238006591797,344,96.79,9.085,NORMAL,LOW,4.05,CONTINUE MONITORING,Continue normal monitoring. Predicted RUL is 119.2 cycles.,"sensor_5, sensor_6, sensor_21"
FD004,55,157.0,178.68153,21.68153381347656,344,97.01,9.9577,NORMAL,LOW,3.98,CONTINUE MONITORING,Continue normal monitoring. Predicted RUL is 178.7 cycles.,"sensor_5, sensor_6, sensor_20"
FD002,246,152.0,127.602554,-24.397445678710938,194,97.19,9.3547,NORMAL,LOW,3.74,CONTINUE MONITORING,Continue normal monitoring. Predicted RUL is 127.6 cycles.,"sensor_5, sensor_6, sensor_1"
FD004,207,116.0,133.15453,17.154525756835938,379,97.26,9.1397,NORMAL,LOW,3.66,CONTINUE MONITORING,Continue normal monitoring. Predicted RUL is 133.2 cycles.,"sensor_5, sensor_6, sensor_1"
FD004,46,134.0,158.82066,24.82066345214844,321,97.28,9.0695,NORMAL,LOW,3.63,CONTINUE MONITORING,Continue normal monitoring. Predicted RUL is 158.8 cycles.,"sensor_5, sensor_1, sensor_6"
FD002,154,103.0,135.33217,32.33216857910156,193,97.38,8.7297,NORMAL,LOW,3.49,CONTINUE MONITORING,Continue normal monitoring. Predicted RUL is 135.3 cycles.,"sensor_1, sensor_5, sensor_16"
FD004,182,116.0,158.75887,42.75886535644531,205,97.65,7.8434,NORMAL,LOW,3.14,CONTINUE MONITORING,Continue normal monitoring. Predicted RUL is 158.8 cycles.,"sensor_5, sensor_1, sensor_6"
FD004,7,94.0,135.09494,41.094940185546875,221,97.67,7.765,NORMAL,LOW,3.11,CONTINUE MONITORING,Continue normal monitoring. Predicted RUL is 135.1 cycles.,"sensor_5, sensor_6, sensor_1"
FD004,17,162.0,119.86576,-42.134239196777344,151,97.67,7.5169,NORMAL,LOW,3.07,CONTINUE MONITORING,Continue normal monitoring. Predicted RUL is 119.9 cycles.,"sensor_16, sensor_1, sensor_2"
FD004,128,126.0,146.29312,20.293121337890625,248,97.88,7.076,NORMAL,LOW,2.83,CONTINUE MONITORING,Continue normal monitoring. Predicted RUL is 146.3 cycles.,"sensor_5, sensor_6, sensor_1"
FD004,53,142.0,155.05255,13.05255126953125,304,97.94,6.8507,NORMAL,LOW,2.74,CONTINUE MONITORING,Continue normal monitoring. Predicted RUL is 155.1 cycles.,"sensor_16, sensor_1, sensor_5"
FD001,16,84.0,123.83423,39.834228515625,209,98.02,6.6017,NORMAL,LOW,2.64,CONTINUE MONITORING,Continue normal monitoring. Predicted RUL is 123.8 cycles.,"sensor_11, sensor_17, sensor_20"
FD004,163,95.0,121.63616,26.63616180419922,285,98.12,6.2826,NORMAL,LOW,2.51,CONTINUE MONITORING,Continue normal monitoring. Predicted RUL is 121.6 cycles.,"sensor_5, sensor_6, sensor_1"
FD002,149,165.0,137.06062,-27.939376831054688,289,98.13,6.2445,NORMAL,LOW,2.5,CONTINUE MONITORING,Continue normal monitoring. Predicted RUL is 137.1 cycles.,"sensor_5, sensor_6, sensor_21"
FD004,57,97.0,177.57558,80.57557678222656,193,98.22,5.9201,NORMAL,LOW,2.37,CONTINUE MONITORING,Continue normal monitoring. Predicted RUL is 177.6 cycles.,"sensor_5, sensor_6, sensor_20"
FD002,221,139.0,150.79025,11.790252685546877,178,98.23,5.8837,NORMAL,LOW,2.35,CONTINUE MONITORING,Continue normal monitoring. Predicted RUL is 150.8 cycles.,"sensor_5, sensor_6, sensor_1"
FD004,16,160.0,163.46515,3.46514892578125,184,98.24,5.8613,NORMAL,LOW,2.34,CONTINUE MONITORING,Continue normal monitoring. Predicted RUL is 163.5 cycles.,"sensor_5, sensor_6, sensor_1"
FD004,125,184.0,206.37126,22.371261596679688,239,98.32,5.6034,NORMAL,LOW,2.24,CONTINUE MONITORING,Continue normal monitoring. Predicted RUL is 206.4 cycles.,"sensor_5, sensor_6, sensor_20"
FD002,123,180.0,126.03267,-53.96733093261719,226,98.47,5.1154,NORMAL,LOW,2.05,CONTINUE MONITORING,Continue normal monitoring. Predicted RUL is 126.0 cycles.,"sensor_5, sensor_6, sensor_21"
FD002,126,124.0,125.59992,1.5999221801757812,199,98.49,5.0354,NORMAL,LOW,2.01,CONTINUE MONITORING,Continue normal monitoring. Predicted RUL is 125.6 cycles.,"sensor_1, sensor_5, sensor_6"
FD004,178,106.0,149.64198,43.64198303222656,170,98.51,4.9633,NORMAL,LOW,1.99,CONTINUE MONITORING,Continue normal monitoring. Predicted RUL is 149.6 cycles.,"sensor_5, sensor_1, sensor_6"
FD003,6,99.0,134.3839,35.38389587402344,278,98.51,4.9717,NORMAL,LOW,1.99,CONTINUE MONITORING,Continue normal monitoring. Predicted RUL is 134.4 cycles.,"sensor_13, sensor_8, sensor_3"
FD004,34,126.0,125.04107,-0.9589309692382812,276,98.74,4.1895,NORMAL,LOW,1.68,CONTINUE MONITORING,Continue normal monitoring. Predicted RUL is 125.0 cycles.,"sensor_5, sensor_6, sensor_1"
FD003,28,144.0,149.6328,5.6327972412109375,200,98.83,3.8997,NORMAL,LOW,1.56,CONTINUE MONITORING,Continue normal monitoring. Predicted RUL is 149.6 cycles.,"sensor_2, sensor_12, sensor_14"
FD004,189,56.0,135.4454,79.44540405273438,239,98.98,3.3943,NORMAL,LOW,1.36,CONTINUE MONITORING,Continue normal monitoring. Predicted RUL is 135.4 cycles.,"sensor_5, sensor_6, sensor_20"
FD003,22,119.0,170.943,51.9429931640625,192,98.98,3.3859,NORMAL,LOW,1.35,CONTINUE MONITORING,Continue normal monitoring. Predicted RUL is 170.9 cycles.,"sensor_4, sensor_12, sensor_21"
FD004,148,145.0,144.44633,-0.5536651611328125,193,98.99,3.3796,NORMAL,LOW,1.35,CONTINUE MONITORING,Continue normal monitoring. Predicted RUL is 144.4 cycles.,"sensor_5, sensor_6, sensor_20"
FD004,191,178.0,236.63336,58.63336181640625,297,99.05,3.1625,NORMAL,LOW,1.27,CONTINUE MONITORING,Continue normal monitoring. Predicted RUL is 236.6 cycles.,"sensor_5, sensor_6, sensor_1"
FD001,73,131.0,149.31955,18.319549560546875,213,99.09,3.0246,NORMAL,LOW,1.21,CONTINUE MONITORING,Continue normal monitoring. Predicted RUL is 149.3 cycles.,"sensor_15, sensor_13, sensor_17"
FD004,228,189.0,205.19641,16.1964111328125,279,99.2,2.6694,NORMAL,LOW,1.07,CONTINUE MONITORING,Continue normal monitoring. Predicted RUL is 205.2 cycles.,"sensor_16, sensor_1, sensor_5"
FD004,6,78.0,167.7663,89.76629638671875,331,99.28,2.3984,NORMAL,LOW,0.96,CONTINUE MONITORING,Continue normal monitoring. Predicted RUL is 167.8 cycles.,"sensor_5, sensor_6, sensor_1"
FD002,191,148.0,120.078705,-27.921295166015625,219,99.44,1.8769,NORMAL,LOW,0.75,CONTINUE MONITORING,Continue normal monitoring. Predicted RUL is 120.1 cycles.,"sensor_5, sensor_1, sensor_6"
FD004,19,194.0,270.61807,76.61807250976562,210,99.44,1.8515,NORMAL,LOW,0.74,CONTINUE MONITORING,Continue normal monitoring. Predicted RUL is 270.6 cycles.,"sensor_5, sensor_6, sensor_1"
FD002,46,112.0,128.14333,16.143325805664062,201,99.81,0.6194,NORMAL,LOW,0.25,CONTINUE MONITORING,Continue normal monitoring. Predicted RUL is 128.1 cycles.,"sensor_5, sensor_6, sensor_21"
